solid OpenSCAD_Model
  facet normal 1.6247605739400448e-16 -0.33257377250619147 -0.9430772427754791
    outer loop
      vertex 0 -7.96779987185862 -3.8525662138789474
      vertex 0 -8.556838824108606 -3.6448431371070584
      vertex -1 -8 -3.8412109212205805
    endloop
  endfacet
  facet normal 0 -0.332573772506187 -0.9430772427754808
    outer loop
      vertex 0 -7.96779987185862 -3.8525662138789474
      vertex -1 -8 -3.8412109212205805
      vertex -1 -7.96779987185862 -3.8525662138789474
    endloop
  endfacet
  facet normal 4.2722928331040204e-17 -0.2963355980844296 -0.9550838776295741
    outer loop
      vertex 0 -7.96779987185862 -3.8525662138789474
      vertex -1 -7.492623642433814 -4
      vertex 0 -7.347315653655914 -4.045084971874737
    endloop
  endfacet
  facet normal 0 -0.29633559808442966 -0.955083877629574
    outer loop
      vertex 0 -7.96779987185862 -3.8525662138789474
      vertex -1 -7.96779987185862 -3.8525662138789474
      vertex -1 -7.492623642433814 -4
    endloop
  endfacet
  facet normal 0 -0.33257377250619174 -0.943077242775479
    outer loop
      vertex 0 -8.556838824108606 -3.6448431371070584
      vertex -3 -8 -3.8412109212205805
      vertex -1 -8 -3.8412109212205805
    endloop
  endfacet
  facet normal 0 -0.2623201380741092 -0.9649809040394428
    outer loop
      vertex 0 -6.6978349372374595 -4.221639627510075
      vertex 0 -7.347315653655914 -4.045084971874737
      vertex -7 -6.6978349372374595 -4.221639627510075
    endloop
  endfacet
  facet normal -4.299639555676663e-17 -0.33257377250619197 -0.943077242775479
    outer loop
      vertex 0 -8.556838824108606 -3.6448431371070584
      vertex -7 -7.96779987185862 -3.8525662138789474
      vertex -3 -8 -3.8412109212205805
    endloop
  endfacet
  facet normal 0 -0.2963355980844293 -0.9550838776295744
    outer loop
      vertex 0 -7.347315653655914 -4.045084971874737
      vertex -1 -7.492623642433814 -4
      vertex -7 -7.347315653655914 -4.045084971874737
    endloop
  endfacet
  facet normal 0 -0.5072421726072432 -0.8618035613344167
    outer loop
      vertex 0 -10.112712429686843 -2.938926261462366
      vertex 0 -10.554099068775187 -2.679133974894984
      vertex -7 -10.112712429686843 -2.938926261462366
    endloop
  endfacet
  facet normal 0 -0.45832556740826924 -0.8887843800719543
    outer loop
      vertex 0 -9.631415534697368 -3.1871199487434483
      vertex 0 -10.112712429686843 -2.938926261462366
      vertex -7 -9.631415534697368 -3.1871199487434483
    endloop
  endfacet
  facet normal 0 -0.5602482618845812 -0.8283247461324005
    outer loop
      vertex 0 -10.554099068775187 -2.679133974894984
      vertex 0 -10.953833500548294 -2.408768370508577
      vertex -7 -10.554099068775187 -2.679133974894984
    endloop
  endfacet
  facet normal 0 -0.3713906763541035 -0.9284766908852594
    outer loop
      vertex 0 -8.556838824108606 -3.6448431371070584
      vertex 0 -9.112107842767646 -3.4227355296434427
      vertex -7 -8.556838824108606 -3.6448431371070584
    endloop
  endfacet
  facet normal 0 -0.4131730211554599 -0.9106525432838092
    outer loop
      vertex 0 -9.631415534697368 -3.1871199487434483
      vertex -7 -9.112107842767646 -3.4227355296434427
      vertex 0 -9.112107842767646 -3.4227355296434427
    endloop
  endfacet
  facet normal 0 -0.19970465559490377 -0.9798561376721181
    outer loop
      vertex 0 -6.021920926271442 -4.381533400219317
      vertex -7 -5.322241144563406 -4.524135262330097
      vertex 0 -5.322241144563406 -4.524135262330097
    endloop
  endfacet
  facet normal 0 -0.17055916478584163 -0.9853474368503509
    outer loop
      vertex 0 -5.322241144563406 -4.524135262330097
      vertex -7 -4.601556908558473 -4.648882429441257
      vertex 0 -4.601556908558473 -4.648882429441257
    endloop
  endfacet
  facet normal 0 -0.14253842551097107 -0.9897892691138116
    outer loop
      vertex 0 -3.8627124296868423 -4.755282581475767
      vertex 0 -4.601556908558473 -4.648882429441257
      vertex -7 -3.8627124296868423 -4.755282581475767
    endloop
  endfacet
  facet normal 0 -0.11543389301314493 -0.9933151646601545
    outer loop
      vertex 0 -3.8627124296868423 -4.755282581475767
      vertex -7 -3.1086235895606857 -4.842915805643155
      vertex 0 -3.1086235895606857 -4.842915805643155
    endloop
  endfacet
  facet normal 0 -0.2302058210163041 -0.9731419629068564
    outer loop
      vertex 0 -6.6978349372374595 -4.221639627510075
      vertex -7 -6.021920926271442 -4.381533400219317
      vertex 0 -6.021920926271442 -4.381533400219317
    endloop
  endfacet
  facet normal 0 -0.08905533625246295 -0.9960266799061965
    outer loop
      vertex 0 -3.1086235895606857 -4.842915805643155
      vertex -7 -2.3422664323215603 -4.911436253643443
      vertex 0 -2.3422664323215603 -4.911436253643443
    endloop
  endfacet
  facet normal 0 -0.06322701602957512 -0.9979991705627794
    outer loop
      vertex 0 -2.3422664323215603 -4.911436253643443
      vertex -7 -1.5666654195538008 -4.9605735065723895
      vertex 0 -1.5666654195538008 -4.9605735065723895
    endloop
  endfacet
  facet normal 0 -0.03778413247650705 -0.9992859247147423
    outer loop
      vertex 0 -1.5666654195538008 -4.9605735065723895
      vertex -7 -0.784881494116416 -4.990133642141358
      vertex 0 -0.784881494116416 -4.990133642141358
    endloop
  endfacet
  facet normal 0 -0.01256951335420381 -0.9999210005465623
    outer loop
      vertex 0 -0.784881494116416 -4.990133642141358
      vertex -7 0 -5
      vertex 0 0 -5
    endloop
  endfacet
  facet normal 1 0 0
    outer loop
      vertex 0 -7.96779987185862 -3.8525662138789474
      vertex 0 -8.556838824108606 3.6448431371070584
      vertex 0 -8.556838824108606 -3.6448431371070584
    endloop
  endfacet
  facet normal 1 0 0
    outer loop
      vertex 0 -6.6978349372374595 -4.221639627510075
      vertex 0 -7.347315653655914 4.045084971874737
      vertex 0 -7.347315653655914 -4.045084971874737
    endloop
  endfacet
  facet normal 1 0 0
    outer loop
      vertex 0 -7.96779987185862 -3.8525662138789474
      vertex 0 -7.347315653655914 -4.045084971874737
      vertex 0 -7.967799871858625 3.852566213878945
    endloop
  endfacet
  facet normal 1 0 0
    outer loop
      vertex 0 -6.6978349372374595 -4.221639627510075
      vertex 0 -6.021920926271442 -4.381533400219317
      vertex 0 -6.697834937237452 4.2216396275100765
    endloop
  endfacet
  facet normal 1 0 0
    outer loop
      vertex 0 -12.278590634108607 -0.9369065729286241
      vertex 0 -12.475334105353394 -0.31395259764656885
      vertex 0 -12.401433766430973 -0.6266661678215204
    endloop
  endfacet
  facet normal 1 0 0
    outer loop
      vertex 0 -10.953833500548294 -2.408768370508577
      vertex 0 -11.310338155825244 2.128896457825362
      vertex 0 -11.310338155825244 -2.128896457825362
    endloop
  endfacet
  facet normal 1 0 0
    outer loop
      vertex 0 -11.310338155825244 -2.128896457825362
      vertex 0 -11.62220607360314 1.8406227634233918
      vertex 0 -11.622206073603143 -1.8406227634233894
    endloop
  endfacet
  facet normal 1 0 0
    outer loop
      vertex 0 -10.112712429686843 -2.938926261462366
      vertex 0 -10.55409906877519 2.679133974894981
      vertex 0 -10.554099068775187 -2.679133974894984
    endloop
  endfacet
  facet normal 1 0 0
    outer loop
      vertex 0 -9.631415534697368 -3.1871199487434483
      vertex 0 -9.112107842767646 -3.4227355296434427
      vertex 0 -9.631415534697362 3.18711994874345
    endloop
  endfacet
  facet normal 1 0 0
    outer loop
      vertex 0 -9.631415534697368 -3.1871199487434483
      vertex 0 -10.112712429686843 2.938926261462366
      vertex 0 -10.112712429686843 -2.938926261462366
    endloop
  endfacet
  facet normal 1 0 0
    outer loop
      vertex 0 -10.554099068775187 -2.679133974894984
      vertex 0 -10.953833500548294 2.408768370508577
      vertex 0 -10.953833500548294 -2.408768370508577
    endloop
  endfacet
  facet normal 1 0 0
    outer loop
      vertex 0 -11.622206073603143 -1.8406227634233894
      vertex 0 -11.888206453689419 1.545084971874737
      vertex 0 -11.888206453689419 -1.545084971874737
    endloop
  endfacet
  facet normal 1 0 0
    outer loop
      vertex 0 -11.888206453689419 -1.545084971874737
      vertex 0 -12.10728951410789 1.2434494358242723
      vertex 0 -12.107289514107888 -1.2434494358242745
    endloop
  endfacet
  facet normal 1 0 0
    outer loop
      vertex 0 -12.278590634108607 -0.9369065729286241
      vertex 0 -12.5 0
      vertex 0 -12.475334105353394 -0.31395259764656885
    endloop
  endfacet
  facet normal 1 0 0
    outer loop
      vertex 0 -12.107289514107888 -1.2434494358242745
      vertex 0 -12.278590634108607 0.9369065729286241
      vertex 0 -12.278590634108607 -0.9369065729286241
    endloop
  endfacet
  facet normal 1 0 0
    outer loop
      vertex 0 -12.278590634108607 -0.9369065729286241
      vertex 0 -12.475334105353394 0.31395259764656885
      vertex 0 -12.5 0
    endloop
  endfacet
  facet normal 1 0 0
    outer loop
      vertex 0 -8.556838824108606 -3.6448431371070584
      vertex 0 -9.112107842767646 3.4227355296434427
      vertex 0 -9.112107842767646 -3.4227355296434427
    endloop
  endfacet
  facet normal 0 -0.6174956130193815 -0.786574324461343
    outer loop
      vertex 0 -10.953833500548294 -2.408768370508577
      vertex 0 -11.310338155825244 -2.128896457825362
      vertex -7 -10.953833500548294 -2.408768370508577
    endloop
  endfacet
  facet normal 0 -0.6787829144341132 -0.7343389919324257
    outer loop
      vertex 0 -11.310338155825244 -2.128896457825362
      vertex 0 -11.622206073603143 -1.8406227634233894
      vertex -7 -11.310338155825244 -2.128896457825362
    endloop
  endfacet
  facet normal 0 -0.743273677347226 -0.6689874741448689
    outer loop
      vertex 0 -11.622206073603143 -1.8406227634233894
      vertex 0 -11.888206453689419 -1.545084971874737
      vertex -7 -11.888206453689419 -1.545084971874737
    endloop
  endfacet
  facet normal 0 -0.809103703278923 -0.587665889209449
    outer loop
      vertex 0 -11.888206453689419 -1.545084971874737
      vertex 0 -12.107289514107888 -1.2434494358242745
      vertex -7 -12.107289514107888 -1.2434494358242745
    endloop
  endfacet
  facet normal 0 -0.8729462040361768 -0.4878164868665568
    outer loop
      vertex 0 -12.107289514107888 -1.2434494358242745
      vertex 0 -12.278590634108607 -0.9369065729286241
      vertex -7 -12.278590634108607 -0.9369065729286241
    endloop
  endfacet
  facet normal 0 -0.9297659544941194 -0.36815115083840116
    outer loop
      vertex 0 -12.278590634108607 -0.9369065729286241
      vertex 0 -12.401433766430973 -0.6266661678215204
      vertex -7 -12.401433766430973 -0.6266661678215204
    endloop
  endfacet
  facet normal 0 -0.9731942103440905 -0.2299848450501519
    outer loop
      vertex 0 -12.401433766430973 -0.6266661678215204
      vertex 0 -12.475334105353394 -0.31395259764656885
      vertex -7 -12.475334105353394 -0.31395259764656885
    endloop
  endfacet
  facet normal 0 -0.9969279327382912 -0.07832430610070613
    outer loop
      vertex 0 -12.475334105353394 -0.31395259764656885
      vertex 0 -12.5 0
      vertex -7 -12.5 0
    endloop
  endfacet
  facet normal 1 0 0
    outer loop
      vertex 0 -6.021920926271442 -4.381533400219317
      vertex 0 -5.322241144563406 -4.524135262330097
      vertex 0 -6.021920926271442 4.381533400219317
    endloop
  endfacet
  facet normal 1 0 0
    outer loop
      vertex 0 -5.322241144563406 -4.524135262330097
      vertex 0 -4.601556908558473 -4.648882429441257
      vertex 0 -5.322241144563406 4.524135262330097
    endloop
  endfacet
  facet normal 1 0 0
    outer loop
      vertex 0 -3.8627124296868423 -4.755282581475767
      vertex 0 -4.6015569085584795 4.648882429441256
      vertex 0 -4.601556908558473 -4.648882429441257
    endloop
  endfacet
  facet normal 1 0 0
    outer loop
      vertex 0 -3.8627124296868423 -4.755282581475767
      vertex 0 -3.1086235895606857 -4.842915805643155
      vertex 0 -3.8627124296868423 4.755282581475767
    endloop
  endfacet
  facet normal 1 0 0
    outer loop
      vertex 0 -3.1086235895606857 -4.842915805643155
      vertex 0 -2.3422664323215603 -4.911436253643443
      vertex 0 -3.1086235895606804 4.842915805643156
    endloop
  endfacet
  facet normal 1 0 0
    outer loop
      vertex 0 -2.3422664323215603 -4.911436253643443
      vertex 0 -1.5666654195538008 -4.9605735065723895
      vertex 0 -2.3422664323215603 4.911436253643443
    endloop
  endfacet
  facet normal 1 0 0
    outer loop
      vertex 0 -1.5666654195538008 -4.9605735065723895
      vertex 0 -0.784881494116416 -4.990133642141358
      vertex 0 -1.5666654195538008 4.9605735065723895
    endloop
  endfacet
  facet normal 1 0 0
    outer loop
      vertex 0 -0.784881494116416 -4.990133642141358
      vertex 0 0 -5
      vertex 0 -0.784881494116422 4.990133642141358
    endloop
  endfacet
  facet normal 0 -0.332573772506187 -0.9430772427754808
    outer loop
      vertex -7 -7.96779987185862 -3.8525662138789474
      vertex -3 -7.96779987185862 -3.8525662138789474
      vertex -3 -8 -3.8412109212205805
    endloop
  endfacet
  facet normal 0 -0.2963355980844292 -0.9550838776295743
    outer loop
      vertex -7 -7.347315653655914 -4.045084971874737
      vertex -1 -7.492623642433814 -4
      vertex -3 -7.492623642433814 -4
    endloop
  endfacet
  facet normal -1.7433599593739367e-17 -0.29633559808442966 -0.955083877629574
    outer loop
      vertex -7 -7.347315653655914 -4.045084971874737
      vertex -3 -7.492623642433814 -4
      vertex -3 -7.96779987185862 -3.8525662138789474
    endloop
  endfacet
  facet normal 0 -0.2623201380741092 -0.9649809040394428
    outer loop
      vertex 0 -7.347315653655914 -4.045084971874737
      vertex -7 -7.347315653655914 -4.045084971874737
      vertex -7 -6.6978349372374595 -4.221639627510075
    endloop
  endfacet
  facet normal 0 -0.2302058210163041 -0.9731419629068564
    outer loop
      vertex 0 -6.6978349372374595 -4.221639627510075
      vertex -7 -6.6978349372374595 -4.221639627510075
      vertex -7 -6.021920926271442 -4.381533400219317
    endloop
  endfacet
  facet normal 0 -0.4131730211554599 -0.9106525432838092
    outer loop
      vertex 0 -9.631415534697368 -3.1871199487434483
      vertex -7 -9.631415534697368 -3.1871199487434483
      vertex -7 -9.112107842767646 -3.4227355296434427
    endloop
  endfacet
  facet normal 0 -0.45832556740826924 -0.8887843800719543
    outer loop
      vertex 0 -10.112712429686843 -2.938926261462366
      vertex -7 -10.112712429686843 -2.938926261462366
      vertex -7 -9.631415534697368 -3.1871199487434483
    endloop
  endfacet
  facet normal 0 -0.5072421726072432 -0.8618035613344167
    outer loop
      vertex 0 -10.554099068775187 -2.679133974894984
      vertex -7 -10.554099068775187 -2.679133974894984
      vertex -7 -10.112712429686843 -2.938926261462366
    endloop
  endfacet
  facet normal 0 -0.3713906763541035 -0.9284766908852594
    outer loop
      vertex 0 -9.112107842767646 -3.4227355296434427
      vertex -7 -9.112107842767646 -3.4227355296434427
      vertex -7 -8.556838824108606 -3.6448431371070584
    endloop
  endfacet
  facet normal 0 -0.33257377250619147 -0.9430772427754791
    outer loop
      vertex 0 -8.556838824108606 -3.6448431371070584
      vertex -7 -8.556838824108606 -3.6448431371070584
      vertex -7 -7.96779987185862 -3.8525662138789474
    endloop
  endfacet
  facet normal 0 -0.2963355980844296 -0.9550838776295741
    outer loop
      vertex -7 -7.96779987185862 -3.8525662138789474
      vertex -7 -7.347315653655914 -4.045084971874737
      vertex -3 -7.96779987185862 -3.8525662138789474
    endloop
  endfacet
  facet normal 0 -0.19970465559490377 -0.9798561376721181
    outer loop
      vertex 0 -6.021920926271442 -4.381533400219317
      vertex -7 -6.021920926271442 -4.381533400219317
      vertex -7 -5.322241144563406 -4.524135262330097
    endloop
  endfacet
  facet normal 0 -0.17055916478584163 -0.9853474368503509
    outer loop
      vertex 0 -5.322241144563406 -4.524135262330097
      vertex -7 -5.322241144563406 -4.524135262330097
      vertex -7 -4.601556908558473 -4.648882429441257
    endloop
  endfacet
  facet normal 0 -0.11543389301314493 -0.9933151646601545
    outer loop
      vertex 0 -3.8627124296868423 -4.755282581475767
      vertex -7 -3.8627124296868423 -4.755282581475767
      vertex -7 -3.1086235895606857 -4.842915805643155
    endloop
  endfacet
  facet normal 0 -0.14253842551097107 -0.9897892691138116
    outer loop
      vertex 0 -4.601556908558473 -4.648882429441257
      vertex -7 -4.601556908558473 -4.648882429441257
      vertex -7 -3.8627124296868423 -4.755282581475767
    endloop
  endfacet
  facet normal 0 -0.08905533625246295 -0.9960266799061965
    outer loop
      vertex 0 -3.1086235895606857 -4.842915805643155
      vertex -7 -3.1086235895606857 -4.842915805643155
      vertex -7 -2.3422664323215603 -4.911436253643443
    endloop
  endfacet
  facet normal 0 -0.06322701602957512 -0.9979991705627794
    outer loop
      vertex 0 -2.3422664323215603 -4.911436253643443
      vertex -7 -2.3422664323215603 -4.911436253643443
      vertex -7 -1.5666654195538008 -4.9605735065723895
    endloop
  endfacet
  facet normal 0 -0.03778413247650705 -0.9992859247147423
    outer loop
      vertex 0 -1.5666654195538008 -4.9605735065723895
      vertex -7 -1.5666654195538008 -4.9605735065723895
      vertex -7 -0.784881494116416 -4.990133642141358
    endloop
  endfacet
  facet normal 0 -0.01256951335420381 -0.9999210005465623
    outer loop
      vertex 0 -0.784881494116416 -4.990133642141358
      vertex -7 -0.784881494116416 -4.990133642141358
      vertex -7 0 -5
    endloop
  endfacet
  facet normal 0 -0.6174956130193815 -0.786574324461343
    outer loop
      vertex 0 -11.310338155825244 -2.128896457825362
      vertex -7 -11.310338155825244 -2.128896457825362
      vertex -7 -10.953833500548294 -2.408768370508577
    endloop
  endfacet
  facet normal 0 -0.6787829144341132 -0.7343389919324257
    outer loop
      vertex 0 -11.622206073603143 -1.8406227634233894
      vertex -7 -11.622206073603143 -1.8406227634233894
      vertex -7 -11.310338155825244 -2.128896457825362
    endloop
  endfacet
  facet normal 0 -0.5602482618845812 -0.8283247461324005
    outer loop
      vertex 0 -10.953833500548294 -2.408768370508577
      vertex -7 -10.953833500548294 -2.408768370508577
      vertex -7 -10.554099068775187 -2.679133974894984
    endloop
  endfacet
  facet normal 0 -0.743273677347226 -0.6689874741448689
    outer loop
      vertex 0 -11.622206073603143 -1.8406227634233894
      vertex -7 -11.888206453689419 -1.545084971874737
      vertex -7 -11.622206073603143 -1.8406227634233894
    endloop
  endfacet
  facet normal 0 -0.809103703278923 -0.587665889209449
    outer loop
      vertex 0 -11.888206453689419 -1.545084971874737
      vertex -7 -12.107289514107888 -1.2434494358242745
      vertex -7 -11.888206453689419 -1.545084971874737
    endloop
  endfacet
  facet normal 0 -0.8729462040361768 -0.4878164868665568
    outer loop
      vertex 0 -12.107289514107888 -1.2434494358242745
      vertex -7 -12.278590634108607 -0.9369065729286241
      vertex -7 -12.107289514107888 -1.2434494358242745
    endloop
  endfacet
  facet normal 0 -0.9297659544941194 -0.36815115083840116
    outer loop
      vertex 0 -12.278590634108607 -0.9369065729286241
      vertex -7 -12.401433766430973 -0.6266661678215204
      vertex -7 -12.278590634108607 -0.9369065729286241
    endloop
  endfacet
  facet normal 0 -0.9731942103440905 -0.2299848450501519
    outer loop
      vertex 0 -12.401433766430973 -0.6266661678215204
      vertex -7 -12.475334105353394 -0.31395259764656885
      vertex -7 -12.401433766430973 -0.6266661678215204
    endloop
  endfacet
  facet normal 0 -0.9969279327382912 -0.07832430610070613
    outer loop
      vertex 0 -12.475334105353394 -0.31395259764656885
      vertex -7 -12.5 0
      vertex -7 -12.475334105353394 -0.31395259764656885
    endloop
  endfacet
  facet normal -1 0 0
    outer loop
      vertex -7 -7.96779987185862 -3.8525662138789474
      vertex -7 -8.556838824108606 -3.6448431371070584
      vertex -7 -8.556838824108606 3.6448431371070584
    endloop
  endfacet
  facet normal -1 0 0
    outer loop
      vertex -7 -6.6978349372374595 -4.221639627510075
      vertex -7 -7.347315653655914 -4.045084971874737
      vertex -7 -7.347315653655914 4.045084971874737
    endloop
  endfacet
  facet normal -1 0 0
    outer loop
      vertex -7 -7.96779987185862 -3.8525662138789474
      vertex -7 -7.967799871858625 3.852566213878945
      vertex -7 -7.347315653655914 -4.045084971874737
    endloop
  endfacet
  facet normal -1 0 0
    outer loop
      vertex -7 -6.6978349372374595 -4.221639627510075
      vertex -7 -6.697834937237452 4.2216396275100765
      vertex -7 -6.021920926271442 -4.381533400219317
    endloop
  endfacet
  facet normal -1 0 0
    outer loop
      vertex -7 -12.278590634108607 -0.9369065729286241
      vertex -7 -12.401433766430973 -0.6266661678215204
      vertex -7 -12.475334105353394 -0.31395259764656885
    endloop
  endfacet
  facet normal -1 0 0
    outer loop
      vertex -7 -10.953833500548294 -2.408768370508577
      vertex -7 -11.310338155825244 -2.128896457825362
      vertex -7 -11.310338155825244 2.128896457825362
    endloop
  endfacet
  facet normal -1 0 0
    outer loop
      vertex -7 -11.310338155825244 -2.128896457825362
      vertex -7 -11.622206073603143 -1.8406227634233894
      vertex -7 -11.62220607360314 1.8406227634233918
    endloop
  endfacet
  facet normal -1 0 0
    outer loop
      vertex -7 -10.112712429686843 -2.938926261462366
      vertex -7 -10.554099068775187 -2.679133974894984
      vertex -7 -10.55409906877519 2.679133974894981
    endloop
  endfacet
  facet normal -1 0 0
    outer loop
      vertex -7 -9.631415534697368 -3.1871199487434483
      vertex -7 -9.631415534697362 3.18711994874345
      vertex -7 -9.112107842767646 -3.4227355296434427
    endloop
  endfacet
  facet normal -1 0 0
    outer loop
      vertex -7 -9.631415534697368 -3.1871199487434483
      vertex -7 -10.112712429686843 -2.938926261462366
      vertex -7 -10.112712429686843 2.938926261462366
    endloop
  endfacet
  facet normal -1 0 0
    outer loop
      vertex -7 -10.554099068775187 -2.679133974894984
      vertex -7 -10.953833500548294 -2.408768370508577
      vertex -7 -10.953833500548294 2.408768370508577
    endloop
  endfacet
  facet normal -1 0 0
    outer loop
      vertex -7 -11.622206073603143 -1.8406227634233894
      vertex -7 -11.888206453689419 -1.545084971874737
      vertex -7 -11.888206453689419 1.545084971874737
    endloop
  endfacet
  facet normal -1 0 0
    outer loop
      vertex -7 -11.888206453689419 -1.545084971874737
      vertex -7 -12.107289514107888 -1.2434494358242745
      vertex -7 -12.10728951410789 1.2434494358242723
    endloop
  endfacet
  facet normal -1 0 0
    outer loop
      vertex -7 -12.278590634108607 -0.9369065729286241
      vertex -7 -12.475334105353394 -0.31395259764656885
      vertex -7 -12.5 0
    endloop
  endfacet
  facet normal -1 0 0
    outer loop
      vertex -7 -12.107289514107888 -1.2434494358242745
      vertex -7 -12.278590634108607 -0.9369065729286241
      vertex -7 -12.278590634108607 0.9369065729286241
    endloop
  endfacet
  facet normal -1 0 0
    outer loop
      vertex -7 -12.278590634108607 -0.9369065729286241
      vertex -7 -12.5 0
      vertex -7 -12.475334105353394 0.31395259764656885
    endloop
  endfacet
  facet normal -1 0 0
    outer loop
      vertex -7 -8.556838824108606 -3.6448431371070584
      vertex -7 -9.112107842767646 -3.4227355296434427
      vertex -7 -9.112107842767646 3.4227355296434427
    endloop
  endfacet
  facet normal -1 0 0
    outer loop
      vertex -7 -6.021920926271442 -4.381533400219317
      vertex -7 -6.021920926271442 4.381533400219317
      vertex -7 -5.322241144563406 -4.524135262330097
    endloop
  endfacet
  facet normal -1 0 0
    outer loop
      vertex -7 -5.322241144563406 -4.524135262330097
      vertex -7 -5.322241144563406 4.524135262330097
      vertex -7 -4.601556908558473 -4.648882429441257
    endloop
  endfacet
  facet normal -1 0 0
    outer loop
      vertex -7 -3.8627124296868423 -4.755282581475767
      vertex -7 -4.601556908558473 -4.648882429441257
      vertex -7 -4.6015569085584795 4.648882429441256
    endloop
  endfacet
  facet normal -1 0 0
    outer loop
      vertex -7 -3.8627124296868423 -4.755282581475767
      vertex -7 -3.8627124296868423 4.755282581475767
      vertex -7 -3.1086235895606857 -4.842915805643155
    endloop
  endfacet
  facet normal -1 0 0
    outer loop
      vertex -7 -3.1086235895606857 -4.842915805643155
      vertex -7 -3.1086235895606804 4.842915805643156
      vertex -7 -2.3422664323215603 -4.911436253643443
    endloop
  endfacet
  facet normal -1 0 0
    outer loop
      vertex -7 -2.3422664323215603 -4.911436253643443
      vertex -7 -2.3422664323215603 4.911436253643443
      vertex -7 -1.5666654195538008 -4.9605735065723895
    endloop
  endfacet
  facet normal -1 0 0
    outer loop
      vertex -7 -1.5666654195538008 -4.9605735065723895
      vertex -7 -1.5666654195538008 4.9605735065723895
      vertex -7 -0.784881494116416 -4.990133642141358
    endloop
  endfacet
  facet normal -1 0 0
    outer loop
      vertex -7 -0.784881494116416 -4.990133642141358
      vertex -7 -0.784881494116422 4.990133642141358
      vertex -7 0 -5
    endloop
  endfacet
  facet normal 0 0.01256951335420381 -0.9999210005465623
    outer loop
      vertex 0 0 -5
      vertex -7 0.784881494116416 -4.990133642141358
      vertex 0 0.784881494116416 -4.990133642141358
    endloop
  endfacet
  facet normal 0 0.03778413247650705 -0.9992859247147423
    outer loop
      vertex 0 0.784881494116416 -4.990133642141358
      vertex -7 1.5666654195538008 -4.9605735065723895
      vertex 0 1.5666654195538008 -4.9605735065723895
    endloop
  endfacet
  facet normal 0 0.06322701602957512 -0.9979991705627794
    outer loop
      vertex 0 1.5666654195538008 -4.9605735065723895
      vertex -7 2.3422664323215603 -4.911436253643443
      vertex 0 2.3422664323215603 -4.911436253643443
    endloop
  endfacet
  facet normal 0 0.08905533625246295 -0.9960266799061965
    outer loop
      vertex 0 2.3422664323215603 -4.911436253643443
      vertex -7 3.1086235895606857 -4.842915805643155
      vertex 0 3.1086235895606857 -4.842915805643155
    endloop
  endfacet
  facet normal 0 0.11543389301314493 -0.9933151646601545
    outer loop
      vertex 0 3.1086235895606857 -4.842915805643155
      vertex -7 3.8627124296868423 -4.755282581475767
      vertex 0 3.8627124296868423 -4.755282581475767
    endloop
  endfacet
  facet normal 0 0.14253842551097107 -0.9897892691138116
    outer loop
      vertex 0 3.8627124296868423 -4.755282581475767
      vertex -7 4.601556908558473 -4.648882429441257
      vertex 0 4.601556908558473 -4.648882429441257
    endloop
  endfacet
  facet normal 0 0.17055916478584163 -0.9853474368503509
    outer loop
      vertex 0 4.601556908558473 -4.648882429441257
      vertex -7 5.322241144563406 -4.524135262330097
      vertex 0 5.322241144563406 -4.524135262330097
    endloop
  endfacet
  facet normal 0 0.19970465559490377 -0.9798561376721181
    outer loop
      vertex 0 5.322241144563406 -4.524135262330097
      vertex -7 6.021920926271442 -4.381533400219317
      vertex 0 6.021920926271442 -4.381533400219317
    endloop
  endfacet
  facet normal 5.340366041380026e-17 0.2963355980844296 -0.9550838776295741
    outer loop
      vertex 0 7.347315653655914 -4.045084971874737
      vertex -1 7.492623642433814 -4
      vertex 0 7.96779987185862 -3.8525662138789474
    endloop
  endfacet
  facet normal 0 0.29633559808442966 -0.955083877629574
    outer loop
      vertex 0 7.96779987185862 -3.8525662138789474
      vertex -1 7.492623642433814 -4
      vertex -1 7.96779987185862 -3.8525662138789474
    endloop
  endfacet
  facet normal 0 0.332573772506187 -0.9430772427754808
    outer loop
      vertex 0 7.96779987185862 -3.8525662138789474
      vertex -1 7.96779987185862 -3.8525662138789474
      vertex -1 8 -3.8412109212205805
    endloop
  endfacet
  facet normal 0 0.2302058210163041 -0.9731419629068564
    outer loop
      vertex 0 6.021920926271442 -4.381533400219317
      vertex -7 6.6978349372374595 -4.221639627510075
      vertex 0 6.6978349372374595 -4.221639627510075
    endloop
  endfacet
  facet normal 0 0.2623201380741092 -0.9649809040394428
    outer loop
      vertex 0 6.6978349372374595 -4.221639627510075
      vertex -7 7.347315653655914 -4.045084971874737
      vertex 0 7.347315653655914 -4.045084971874737
    endloop
  endfacet
  facet normal 0 0.2963355980844293 -0.9550838776295744
    outer loop
      vertex 0 7.347315653655914 -4.045084971874737
      vertex -7 7.347315653655914 -4.045084971874737
      vertex -1 7.492623642433814 -4
    endloop
  endfacet
  facet normal 2.631867738500528e-16 0.33257377250619424 -0.9430772427754781
    outer loop
      vertex 0 7.96779987185862 -3.8525662138789474
      vertex -1 8 -3.8412109212205805
      vertex -7 8.556838824108606 -3.6448431371070584
    endloop
  endfacet
  facet normal 0 0.33257377250619147 -0.9430772427754791
    outer loop
      vertex 0 7.96779987185862 -3.8525662138789474
      vertex -7 8.556838824108606 -3.6448431371070584
      vertex 0 8.556838824108606 -3.6448431371070584
    endloop
  endfacet
  facet normal 0 0.3713906763541035 -0.9284766908852594
    outer loop
      vertex 0 8.556838824108606 -3.6448431371070584
      vertex -7 9.112107842767646 -3.4227355296434427
      vertex 0 9.112107842767646 -3.4227355296434427
    endloop
  endfacet
  facet normal 0 0.4131730211554599 -0.9106525432838092
    outer loop
      vertex 0 9.112107842767646 -3.4227355296434427
      vertex -7 9.631415534697368 -3.1871199487434483
      vertex 0 9.631415534697368 -3.1871199487434483
    endloop
  endfacet
  facet normal 0 0.45832556740826924 -0.8887843800719543
    outer loop
      vertex 0 9.631415534697368 -3.1871199487434483
      vertex -7 10.112712429686843 -2.938926261462366
      vertex 0 10.112712429686843 -2.938926261462366
    endloop
  endfacet
  facet normal 0 0.5072421726072432 -0.8618035613344167
    outer loop
      vertex 0 10.112712429686843 -2.938926261462366
      vertex -7 10.554099068775187 -2.679133974894984
      vertex 0 10.554099068775187 -2.679133974894984
    endloop
  endfacet
  facet normal 1 0 0
    outer loop
      vertex 0 0 -5
      vertex 0 0.784881494116416 -4.990133642141358
      vertex 0 0.7848814941164172 4.990133642141358
    endloop
  endfacet
  facet normal 1 0 0
    outer loop
      vertex 0 0.784881494116416 -4.990133642141358
      vertex 0 1.5666654195538008 -4.9605735065723895
      vertex 0 1.5666654195538032 4.9605735065723895
    endloop
  endfacet
  facet normal 1 0 0
    outer loop
      vertex 0 1.5666654195538008 -4.9605735065723895
      vertex 0 2.3422664323215603 -4.911436253643443
      vertex 0 2.342266432321558 4.911436253643444
    endloop
  endfacet
  facet normal 1 0 0
    outer loop
      vertex 0 2.3422664323215603 -4.911436253643443
      vertex 0 3.1086235895606857 -4.842915805643155
      vertex 0 3.108623589560685 4.842915805643155
    endloop
  endfacet
  facet normal 1 0 0
    outer loop
      vertex 0 3.1086235895606857 -4.842915805643155
      vertex 0 3.8627124296868423 -4.755282581475767
      vertex 0 3.8627124296868423 4.755282581475767
    endloop
  endfacet
  facet normal 1 0 0
    outer loop
      vertex 0 3.8627124296868423 -4.755282581475767
      vertex 0 4.601556908558473 -4.648882429441257
      vertex 0 4.601556908558475 4.648882429441257
    endloop
  endfacet
  facet normal 1 0 0
    outer loop
      vertex 0 4.601556908558473 -4.648882429441257
      vertex 0 5.322241144563406 -4.524135262330097
      vertex 0 5.322241144563408 4.524135262330097
    endloop
  endfacet
  facet normal 1 0 0
    outer loop
      vertex 0 5.322241144563406 -4.524135262330097
      vertex 0 6.021920926271442 -4.381533400219317
      vertex 0 6.0219209262714415 4.381533400219318
    endloop
  endfacet
  facet normal 1 0 0
    outer loop
      vertex 0 6.021920926271442 -4.381533400219317
      vertex 0 6.6978349372374595 -4.221639627510075
      vertex 0 6.697834937237459 4.221639627510076
    endloop
  endfacet
  facet normal 1 0 0
    outer loop
      vertex 0 6.6978349372374595 -4.221639627510075
      vertex 0 7.347315653655914 -4.045084971874737
      vertex 0 7.347315653655914 4.045084971874737
    endloop
  endfacet
  facet normal 1 0 0
    outer loop
      vertex 0 7.347315653655914 -4.045084971874737
      vertex 0 7.96779987185862 -3.8525662138789474
      vertex 0 7.967799871858622 3.852566213878946
    endloop
  endfacet
  facet normal 1 0 0
    outer loop
      vertex 0 7.96779987185862 -3.8525662138789474
      vertex 0 8.556838824108606 -3.6448431371070584
      vertex 0 8.55683882410861 3.644843137107058
    endloop
  endfacet
  facet normal 1 0 0
    outer loop
      vertex 0 8.556838824108606 -3.6448431371070584
      vertex 0 9.112107842767646 -3.4227355296434427
      vertex 0 9.112107842767644 3.422735529643444
    endloop
  endfacet
  facet normal 1 0 0
    outer loop
      vertex 0 9.112107842767646 -3.4227355296434427
      vertex 0 9.631415534697368 -3.1871199487434483
      vertex 0 9.631415534697364 3.187119948743449
    endloop
  endfacet
  facet normal 1 0 0
    outer loop
      vertex 0 9.631415534697368 -3.1871199487434483
      vertex 0 10.112712429686843 -2.938926261462366
      vertex 0 10.112712429686843 2.938926261462366
    endloop
  endfacet
  facet normal 1 0 0
    outer loop
      vertex 0 10.112712429686843 -2.938926261462366
      vertex 0 10.554099068775187 -2.679133974894984
      vertex 0 10.554099068775189 2.6791339748949836
    endloop
  endfacet
  facet normal 1 0 0
    outer loop
      vertex 0 10.554099068775187 -2.679133974894984
      vertex 0 10.953833500548296 -2.408768370508576
      vertex 0 10.953833500548296 2.408768370508576
    endloop
  endfacet
  facet normal 1 0 0
    outer loop
      vertex 0 10.953833500548296 -2.408768370508576
      vertex 0 11.310338155825244 -2.128896457825364
      vertex 0 11.310338155825244 2.128896457825364
    endloop
  endfacet
  facet normal 1 0 0
    outer loop
      vertex 0 11.310338155825244 -2.128896457825364
      vertex 0 11.622206073603143 -1.8406227634233894
      vertex 0 11.622206073603143 1.8406227634233894
    endloop
  endfacet
  facet normal 1 0 0
    outer loop
      vertex 0 12.278590634108609 -0.9369065729286229
      vertex 0 12.401433766430973 -0.6266661678215215
      vertex 0 12.475334105353394 -0.3139525976465664
    endloop
  endfacet
  facet normal 1 0 0
    outer loop
      vertex 0 11.622206073603143 -1.8406227634233894
      vertex 0 11.888206453689419 -1.545084971874737
      vertex 0 11.888206453689419 1.545084971874737
    endloop
  endfacet
  facet normal 1 0 0
    outer loop
      vertex 0 11.888206453689419 -1.545084971874737
      vertex 0 12.107289514107888 -1.2434494358242745
      vertex 0 12.107289514107888 1.2434494358242745
    endloop
  endfacet
  facet normal 1 0 0
    outer loop
      vertex 0 12.107289514107888 -1.2434494358242745
      vertex 0 12.278590634108609 -0.9369065729286229
      vertex 0 12.278590634108609 0.9369065729286229
    endloop
  endfacet
  facet normal 1 0 0
    outer loop
      vertex 0 12.278590634108609 -0.9369065729286229
      vertex 0 12.475334105353394 -0.3139525976465664
      vertex 0 12.5 0
    endloop
  endfacet
  facet normal 1 0 0
    outer loop
      vertex 0 12.278590634108609 -0.9369065729286229
      vertex 0 12.5 0
      vertex 0 12.475334105353394 0.3139525976465664
    endloop
  endfacet
  facet normal 0 0.5602482618845808 -0.8283247461324008
    outer loop
      vertex 0 10.554099068775187 -2.679133974894984
      vertex -7 10.953833500548296 -2.408768370508576
      vertex 0 10.953833500548296 -2.408768370508576
    endloop
  endfacet
  facet normal 0 0.6174956130193798 -0.7865743244613445
    outer loop
      vertex 0 10.953833500548296 -2.408768370508576
      vertex -7 11.310338155825244 -2.128896457825364
      vertex 0 11.310338155825244 -2.128896457825364
    endloop
  endfacet
  facet normal 0 0.6787829144341155 -0.7343389919324238
    outer loop
      vertex 0 11.310338155825244 -2.128896457825364
      vertex -7 11.622206073603143 -1.8406227634233894
      vertex 0 11.622206073603143 -1.8406227634233894
    endloop
  endfacet
  facet normal 0 0.743273677347226 -0.6689874741448689
    outer loop
      vertex 0 11.622206073603143 -1.8406227634233894
      vertex -7 11.622206073603143 -1.8406227634233894
      vertex 0 11.888206453689419 -1.545084971874737
    endloop
  endfacet
  facet normal 0 0.809103703278923 -0.587665889209449
    outer loop
      vertex 0 11.888206453689419 -1.545084971874737
      vertex -7 11.888206453689419 -1.545084971874737
      vertex 0 12.107289514107888 -1.2434494358242745
    endloop
  endfacet
  facet normal 0 0.8729462040361754 -0.48781648686655915
    outer loop
      vertex 0 12.107289514107888 -1.2434494358242745
      vertex -7 12.107289514107888 -1.2434494358242745
      vertex 0 12.278590634108609 -0.9369065729286229
    endloop
  endfacet
  facet normal 0 0.9297659544941201 -0.36815115083839894
    outer loop
      vertex 0 12.278590634108609 -0.9369065729286229
      vertex -7 12.278590634108609 -0.9369065729286229
      vertex 0 12.401433766430973 -0.6266661678215215
    endloop
  endfacet
  facet normal 0 0.9731942103440909 -0.2299848450501494
    outer loop
      vertex 0 12.401433766430973 -0.6266661678215215
      vertex -7 12.401433766430973 -0.6266661678215215
      vertex 0 12.475334105353394 -0.3139525976465664
    endloop
  endfacet
  facet normal 0 0.9969279327382912 -0.07832430610070674
    outer loop
      vertex 0 12.475334105353394 -0.3139525976465664
      vertex -7 12.475334105353394 -0.3139525976465664
      vertex 0 12.5 0
    endloop
  endfacet
  facet normal 0 0.01256951335420381 -0.9999210005465623
    outer loop
      vertex 0 0 -5
      vertex -7 0 -5
      vertex -7 0.784881494116416 -4.990133642141358
    endloop
  endfacet
  facet normal 0 0.03778413247650705 -0.9992859247147423
    outer loop
      vertex 0 0.784881494116416 -4.990133642141358
      vertex -7 0.784881494116416 -4.990133642141358
      vertex -7 1.5666654195538008 -4.9605735065723895
    endloop
  endfacet
  facet normal 0 0.06322701602957512 -0.9979991705627794
    outer loop
      vertex 0 1.5666654195538008 -4.9605735065723895
      vertex -7 1.5666654195538008 -4.9605735065723895
      vertex -7 2.3422664323215603 -4.911436253643443
    endloop
  endfacet
  facet normal 0 0.08905533625246295 -0.9960266799061965
    outer loop
      vertex 0 2.3422664323215603 -4.911436253643443
      vertex -7 2.3422664323215603 -4.911436253643443
      vertex -7 3.1086235895606857 -4.842915805643155
    endloop
  endfacet
  facet normal 0 0.11543389301314493 -0.9933151646601545
    outer loop
      vertex 0 3.1086235895606857 -4.842915805643155
      vertex -7 3.1086235895606857 -4.842915805643155
      vertex -7 3.8627124296868423 -4.755282581475767
    endloop
  endfacet
  facet normal 0 0.14253842551097107 -0.9897892691138116
    outer loop
      vertex 0 3.8627124296868423 -4.755282581475767
      vertex -7 3.8627124296868423 -4.755282581475767
      vertex -7 4.601556908558473 -4.648882429441257
    endloop
  endfacet
  facet normal 0 0.17055916478584163 -0.9853474368503509
    outer loop
      vertex 0 4.601556908558473 -4.648882429441257
      vertex -7 4.601556908558473 -4.648882429441257
      vertex -7 5.322241144563406 -4.524135262330097
    endloop
  endfacet
  facet normal 0 0.19970465559490377 -0.9798561376721181
    outer loop
      vertex 0 5.322241144563406 -4.524135262330097
      vertex -7 5.322241144563406 -4.524135262330097
      vertex -7 6.021920926271442 -4.381533400219317
    endloop
  endfacet
  facet normal 0 0.2302058210163041 -0.9731419629068564
    outer loop
      vertex 0 6.021920926271442 -4.381533400219317
      vertex -7 6.021920926271442 -4.381533400219317
      vertex -7 6.6978349372374595 -4.221639627510075
    endloop
  endfacet
  facet normal 0 0.2963355980844292 -0.9550838776295743
    outer loop
      vertex -7 7.347315653655914 -4.045084971874737
      vertex -3 7.492623642433814 -4
      vertex -1 7.492623642433814 -4
    endloop
  endfacet
  facet normal 0 0.29633559808442966 -0.955083877629574
    outer loop
      vertex -7 7.96779987185862 -3.8525662138789474
      vertex -3 7.96779987185862 -3.8525662138789474
      vertex -3 7.492623642433814 -4
    endloop
  endfacet
  facet normal 0 0.33257377250619174 -0.943077242775479
    outer loop
      vertex -7 8.556838824108606 -3.6448431371070584
      vertex -1 8 -3.8412109212205805
      vertex -3 8 -3.8412109212205805
    endloop
  endfacet
  facet normal 0 0.332573772506187 -0.9430772427754808
    outer loop
      vertex -7 7.96779987185862 -3.8525662138789474
      vertex -3 8 -3.8412109212205805
      vertex -3 7.96779987185862 -3.8525662138789474
    endloop
  endfacet
  facet normal 0 0.2623201380741092 -0.9649809040394428
    outer loop
      vertex 0 6.6978349372374595 -4.221639627510075
      vertex -7 6.6978349372374595 -4.221639627510075
      vertex -7 7.347315653655914 -4.045084971874737
    endloop
  endfacet
  facet normal 0 0.3713906763541035 -0.9284766908852594
    outer loop
      vertex 0 8.556838824108606 -3.6448431371070584
      vertex -7 8.556838824108606 -3.6448431371070584
      vertex -7 9.112107842767646 -3.4227355296434427
    endloop
  endfacet
  facet normal 0 0.4131730211554599 -0.9106525432838092
    outer loop
      vertex 0 9.112107842767646 -3.4227355296434427
      vertex -7 9.112107842767646 -3.4227355296434427
      vertex -7 9.631415534697368 -3.1871199487434483
    endloop
  endfacet
  facet normal 0 0.45832556740826924 -0.8887843800719543
    outer loop
      vertex 0 9.631415534697368 -3.1871199487434483
      vertex -7 9.631415534697368 -3.1871199487434483
      vertex -7 10.112712429686843 -2.938926261462366
    endloop
  endfacet
  facet normal 0 0.5072421726072432 -0.8618035613344167
    outer loop
      vertex 0 10.112712429686843 -2.938926261462366
      vertex -7 10.112712429686843 -2.938926261462366
      vertex -7 10.554099068775187 -2.679133974894984
    endloop
  endfacet
  facet normal 0 0.5602482618845808 -0.8283247461324008
    outer loop
      vertex 0 10.554099068775187 -2.679133974894984
      vertex -7 10.554099068775187 -2.679133974894984
      vertex -7 10.953833500548296 -2.408768370508576
    endloop
  endfacet
  facet normal -1.3350915103450064e-17 0.2963355980844296 -0.9550838776295741
    outer loop
      vertex -7 7.347315653655914 -4.045084971874737
      vertex -7 7.96779987185862 -3.8525662138789474
      vertex -3 7.492623642433814 -4
    endloop
  endfacet
  facet normal -4.061901434850112e-17 0.33257377250619147 -0.9430772427754791
    outer loop
      vertex -7 7.96779987185862 -3.8525662138789474
      vertex -7 8.556838824108606 -3.6448431371070584
      vertex -3 8 -3.8412109212205805
    endloop
  endfacet
  facet normal -1 0 0
    outer loop
      vertex -7 0 -5
      vertex -7 0.7848814941164172 4.990133642141358
      vertex -7 0.784881494116416 -4.990133642141358
    endloop
  endfacet
  facet normal -1 0 0
    outer loop
      vertex -7 0.784881494116416 -4.990133642141358
      vertex -7 1.5666654195538032 4.9605735065723895
      vertex -7 1.5666654195538008 -4.9605735065723895
    endloop
  endfacet
  facet normal -1 0 0
    outer loop
      vertex -7 1.5666654195538008 -4.9605735065723895
      vertex -7 2.342266432321558 4.911436253643444
      vertex -7 2.3422664323215603 -4.911436253643443
    endloop
  endfacet
  facet normal -1 0 0
    outer loop
      vertex -7 2.3422664323215603 -4.911436253643443
      vertex -7 3.108623589560685 4.842915805643155
      vertex -7 3.1086235895606857 -4.842915805643155
    endloop
  endfacet
  facet normal -1 0 0
    outer loop
      vertex -7 3.1086235895606857 -4.842915805643155
      vertex -7 3.8627124296868423 4.755282581475767
      vertex -7 3.8627124296868423 -4.755282581475767
    endloop
  endfacet
  facet normal -1 0 0
    outer loop
      vertex -7 3.8627124296868423 -4.755282581475767
      vertex -7 4.601556908558475 4.648882429441257
      vertex -7 4.601556908558473 -4.648882429441257
    endloop
  endfacet
  facet normal -1 0 0
    outer loop
      vertex -7 4.601556908558473 -4.648882429441257
      vertex -7 5.322241144563408 4.524135262330097
      vertex -7 5.322241144563406 -4.524135262330097
    endloop
  endfacet
  facet normal -1 0 0
    outer loop
      vertex -7 5.322241144563406 -4.524135262330097
      vertex -7 6.0219209262714415 4.381533400219318
      vertex -7 6.021920926271442 -4.381533400219317
    endloop
  endfacet
  facet normal 0 0.6174956130193798 -0.7865743244613445
    outer loop
      vertex 0 10.953833500548296 -2.408768370508576
      vertex -7 10.953833500548296 -2.408768370508576
      vertex -7 11.310338155825244 -2.128896457825364
    endloop
  endfacet
  facet normal 0 0.6787829144341155 -0.7343389919324238
    outer loop
      vertex 0 11.310338155825244 -2.128896457825364
      vertex -7 11.310338155825244 -2.128896457825364
      vertex -7 11.622206073603143 -1.8406227634233894
    endloop
  endfacet
  facet normal 0 0.743273677347226 -0.6689874741448689
    outer loop
      vertex 0 11.888206453689419 -1.545084971874737
      vertex -7 11.622206073603143 -1.8406227634233894
      vertex -7 11.888206453689419 -1.545084971874737
    endloop
  endfacet
  facet normal 0 0.809103703278923 -0.587665889209449
    outer loop
      vertex 0 12.107289514107888 -1.2434494358242745
      vertex -7 11.888206453689419 -1.545084971874737
      vertex -7 12.107289514107888 -1.2434494358242745
    endloop
  endfacet
  facet normal 0 0.8729462040361754 -0.48781648686655915
    outer loop
      vertex 0 12.278590634108609 -0.9369065729286229
      vertex -7 12.107289514107888 -1.2434494358242745
      vertex -7 12.278590634108609 -0.9369065729286229
    endloop
  endfacet
  facet normal 0 0.9297659544941201 -0.36815115083839894
    outer loop
      vertex 0 12.401433766430973 -0.6266661678215215
      vertex -7 12.278590634108609 -0.9369065729286229
      vertex -7 12.401433766430973 -0.6266661678215215
    endloop
  endfacet
  facet normal 0 0.9731942103440909 -0.2299848450501494
    outer loop
      vertex 0 12.475334105353394 -0.3139525976465664
      vertex -7 12.401433766430973 -0.6266661678215215
      vertex -7 12.475334105353394 -0.3139525976465664
    endloop
  endfacet
  facet normal 0 0.9969279327382912 -0.07832430610070674
    outer loop
      vertex -7 12.475334105353394 -0.3139525976465664
      vertex -7 12.5 0
      vertex 0 12.5 0
    endloop
  endfacet
  facet normal -1 0 0
    outer loop
      vertex -7 6.021920926271442 -4.381533400219317
      vertex -7 6.697834937237459 4.221639627510076
      vertex -7 6.6978349372374595 -4.221639627510075
    endloop
  endfacet
  facet normal -1 0 0
    outer loop
      vertex -7 6.6978349372374595 -4.221639627510075
      vertex -7 7.347315653655914 4.045084971874737
      vertex -7 7.347315653655914 -4.045084971874737
    endloop
  endfacet
  facet normal -1 0 0
    outer loop
      vertex -7 7.347315653655914 -4.045084971874737
      vertex -7 7.967799871858622 3.852566213878946
      vertex -7 7.96779987185862 -3.8525662138789474
    endloop
  endfacet
  facet normal -1 0 0
    outer loop
      vertex -7 7.96779987185862 -3.8525662138789474
      vertex -7 8.55683882410861 3.644843137107058
      vertex -7 8.556838824108606 -3.6448431371070584
    endloop
  endfacet
  facet normal -1 0 0
    outer loop
      vertex -7 8.556838824108606 -3.6448431371070584
      vertex -7 9.112107842767644 3.422735529643444
      vertex -7 9.112107842767646 -3.4227355296434427
    endloop
  endfacet
  facet normal -1 0 0
    outer loop
      vertex -7 9.112107842767646 -3.4227355296434427
      vertex -7 9.631415534697364 3.187119948743449
      vertex -7 9.631415534697368 -3.1871199487434483
    endloop
  endfacet
  facet normal -1 0 0
    outer loop
      vertex -7 9.631415534697368 -3.1871199487434483
      vertex -7 10.112712429686843 2.938926261462366
      vertex -7 10.112712429686843 -2.938926261462366
    endloop
  endfacet
  facet normal -1 0 0
    outer loop
      vertex -7 10.112712429686843 -2.938926261462366
      vertex -7 10.554099068775189 2.6791339748949836
      vertex -7 10.554099068775187 -2.679133974894984
    endloop
  endfacet
  facet normal -1 0 0
    outer loop
      vertex -7 10.554099068775187 -2.679133974894984
      vertex -7 10.953833500548296 2.408768370508576
      vertex -7 10.953833500548296 -2.408768370508576
    endloop
  endfacet
  facet normal -1 0 0
    outer loop
      vertex -7 10.953833500548296 -2.408768370508576
      vertex -7 11.310338155825244 2.128896457825364
      vertex -7 11.310338155825244 -2.128896457825364
    endloop
  endfacet
  facet normal -1 0 0
    outer loop
      vertex -7 11.310338155825244 -2.128896457825364
      vertex -7 11.622206073603143 1.8406227634233894
      vertex -7 11.622206073603143 -1.8406227634233894
    endloop
  endfacet
  facet normal -1 0 0
    outer loop
      vertex -7 12.278590634108609 -0.9369065729286229
      vertex -7 12.475334105353394 -0.3139525976465664
      vertex -7 12.401433766430973 -0.6266661678215215
    endloop
  endfacet
  facet normal -1 0 0
    outer loop
      vertex -7 11.622206073603143 -1.8406227634233894
      vertex -7 11.888206453689419 1.545084971874737
      vertex -7 11.888206453689419 -1.545084971874737
    endloop
  endfacet
  facet normal -1 0 0
    outer loop
      vertex -7 11.888206453689419 -1.545084971874737
      vertex -7 12.107289514107888 1.2434494358242745
      vertex -7 12.107289514107888 -1.2434494358242745
    endloop
  endfacet
  facet normal -1 0 0
    outer loop
      vertex -7 12.107289514107888 -1.2434494358242745
      vertex -7 12.278590634108609 0.9369065729286229
      vertex -7 12.278590634108609 -0.9369065729286229
    endloop
  endfacet
  facet normal -1 0 0
    outer loop
      vertex -7 12.278590634108609 -0.9369065729286229
      vertex -7 12.5 0
      vertex -7 12.475334105353394 -0.3139525976465664
    endloop
  endfacet
  facet normal -1 0 0
    outer loop
      vertex -7 12.278590634108609 -0.9369065729286229
      vertex -7 12.475334105353394 0.3139525976465664
      vertex -7 12.5 0
    endloop
  endfacet
  facet normal 1 0 0
    outer loop
      vertex 0 -12.278590634108607 -0.9369065729286241
      vertex 0 -12.401433766430973 0.6266661678215204
      vertex 0 -12.475334105353394 0.31395259764656885
    endloop
  endfacet
  facet normal 1 0 0
    outer loop
      vertex 0 -12.278590634108607 -0.9369065729286241
      vertex 0 -12.278590634108607 0.9369065729286241
      vertex 0 -12.401433766430973 0.6266661678215204
    endloop
  endfacet
  facet normal 1 0 0
    outer loop
      vertex 0 -12.107289514107888 -1.2434494358242745
      vertex 0 -12.10728951410789 1.2434494358242723
      vertex 0 -12.278590634108607 0.9369065729286241
    endloop
  endfacet
  facet normal 1 0 0
    outer loop
      vertex 0 -11.888206453689419 -1.545084971874737
      vertex 0 -11.888206453689419 1.545084971874737
      vertex 0 -12.10728951410789 1.2434494358242723
    endloop
  endfacet
  facet normal 1 0 0
    outer loop
      vertex 0 -11.622206073603143 -1.8406227634233894
      vertex 0 -11.62220607360314 1.8406227634233918
      vertex 0 -11.888206453689419 1.545084971874737
    endloop
  endfacet
  facet normal 1 0 0
    outer loop
      vertex 0 -11.310338155825244 -2.128896457825362
      vertex 0 -11.310338155825244 2.128896457825362
      vertex 0 -11.62220607360314 1.8406227634233918
    endloop
  endfacet
  facet normal 1 0 0
    outer loop
      vertex 0 -10.953833500548294 -2.408768370508577
      vertex 0 -10.953833500548294 2.408768370508577
      vertex 0 -11.310338155825244 2.128896457825362
    endloop
  endfacet
  facet normal 1 0 0
    outer loop
      vertex 0 -10.554099068775187 -2.679133974894984
      vertex 0 -10.55409906877519 2.679133974894981
      vertex 0 -10.953833500548294 2.408768370508577
    endloop
  endfacet
  facet normal 1 0 0
    outer loop
      vertex 0 -10.112712429686843 -2.938926261462366
      vertex 0 -10.112712429686843 2.938926261462366
      vertex 0 -10.55409906877519 2.679133974894981
    endloop
  endfacet
  facet normal 1 0 0
    outer loop
      vertex 0 -9.631415534697368 -3.1871199487434483
      vertex 0 -9.631415534697362 3.18711994874345
      vertex 0 -10.112712429686843 2.938926261462366
    endloop
  endfacet
  facet normal 1 0 0
    outer loop
      vertex 0 -9.112107842767646 -3.4227355296434427
      vertex 0 -9.112107842767646 3.4227355296434427
      vertex 0 -9.631415534697362 3.18711994874345
    endloop
  endfacet
  facet normal 1 0 0
    outer loop
      vertex 0 -8.556838824108606 -3.6448431371070584
      vertex 0 -8.556838824108606 3.6448431371070584
      vertex 0 -9.112107842767646 3.4227355296434427
    endloop
  endfacet
  facet normal 1 0 0
    outer loop
      vertex 0 -7.96779987185862 -3.8525662138789474
      vertex 0 -7.967799871858625 3.852566213878945
      vertex 0 -8.556838824108606 3.6448431371070584
    endloop
  endfacet
  facet normal 1 0 0
    outer loop
      vertex 0 -7.347315653655914 -4.045084971874737
      vertex 0 -7.347315653655914 4.045084971874737
      vertex 0 -7.967799871858625 3.852566213878945
    endloop
  endfacet
  facet normal 1 0 0
    outer loop
      vertex 0 -6.6978349372374595 -4.221639627510075
      vertex 0 -6.697834937237452 4.2216396275100765
      vertex 0 -7.347315653655914 4.045084971874737
    endloop
  endfacet
  facet normal 0 -0.9969279327382912 0.07832430610070613
    outer loop
      vertex 0 -12.5 0
      vertex 0 -12.475334105353394 0.31395259764656885
      vertex -7 -12.475334105353394 0.31395259764656885
    endloop
  endfacet
  facet normal 0 -0.9731942103440905 0.2299848450501519
    outer loop
      vertex 0 -12.475334105353394 0.31395259764656885
      vertex 0 -12.401433766430973 0.6266661678215204
      vertex -7 -12.401433766430973 0.6266661678215204
    endloop
  endfacet
  facet normal 0 -0.9297659544941194 0.36815115083840116
    outer loop
      vertex 0 -12.401433766430973 0.6266661678215204
      vertex 0 -12.278590634108607 0.9369065729286241
      vertex -7 -12.278590634108607 0.9369065729286241
    endloop
  endfacet
  facet normal 0 -0.8729462040361775 0.4878164868665556
    outer loop
      vertex 0 -12.278590634108607 0.9369065729286241
      vertex 0 -12.10728951410789 1.2434494358242723
      vertex -7 -12.10728951410789 1.2434494358242723
    endloop
  endfacet
  facet normal 0 -0.8091037032789229 0.5876658892094492
    outer loop
      vertex 0 -12.10728951410789 1.2434494358242723
      vertex 0 -11.888206453689419 1.545084971874737
      vertex -7 -11.888206453689419 1.545084971874737
    endloop
  endfacet
  facet normal 0 -0.7432736773472244 0.6689874741448707
    outer loop
      vertex 0 -11.888206453689419 1.545084971874737
      vertex 0 -11.62220607360314 1.8406227634233918
      vertex -7 -11.62220607360314 1.8406227634233918
    endloop
  endfacet
  facet normal 0 -0.6787829144341142 0.7343389919324248
    outer loop
      vertex 0 -11.62220607360314 1.8406227634233918
      vertex 0 -11.310338155825244 2.128896457825362
      vertex -7 -11.62220607360314 1.8406227634233918
    endloop
  endfacet
  facet normal 0 -0.6174956130193815 0.786574324461343
    outer loop
      vertex 0 -11.310338155825244 2.128896457825362
      vertex 0 -10.953833500548294 2.408768370508577
      vertex -7 -11.310338155825244 2.128896457825362
    endloop
  endfacet
  facet normal 0 -0.5602482618845801 0.8283247461324011
    outer loop
      vertex 0 -10.953833500548294 2.408768370508577
      vertex 0 -10.55409906877519 2.679133974894981
      vertex -7 -10.953833500548294 2.408768370508577
    endloop
  endfacet
  facet normal 1 0 0
    outer loop
      vertex 0 -6.021920926271442 -4.381533400219317
      vertex 0 -6.021920926271442 4.381533400219317
      vertex 0 -6.697834937237452 4.2216396275100765
    endloop
  endfacet
  facet normal 1 0 0
    outer loop
      vertex 0 -5.322241144563406 -4.524135262330097
      vertex 0 -5.322241144563406 4.524135262330097
      vertex 0 -6.021920926271442 4.381533400219317
    endloop
  endfacet
  facet normal 1 0 0
    outer loop
      vertex 0 -4.601556908558473 -4.648882429441257
      vertex 0 -4.6015569085584795 4.648882429441256
      vertex 0 -5.322241144563406 4.524135262330097
    endloop
  endfacet
  facet normal 1 0 0
    outer loop
      vertex 0 -3.8627124296868423 -4.755282581475767
      vertex 0 -3.8627124296868423 4.755282581475767
      vertex 0 -4.6015569085584795 4.648882429441256
    endloop
  endfacet
  facet normal 1 0 0
    outer loop
      vertex 0 -3.1086235895606857 -4.842915805643155
      vertex 0 -3.1086235895606804 4.842915805643156
      vertex 0 -3.8627124296868423 4.755282581475767
    endloop
  endfacet
  facet normal 1 0 0
    outer loop
      vertex 0 -2.3422664323215603 -4.911436253643443
      vertex 0 -2.3422664323215603 4.911436253643443
      vertex 0 -3.1086235895606804 4.842915805643156
    endloop
  endfacet
  facet normal 1 0 0
    outer loop
      vertex 0 -1.5666654195538008 -4.9605735065723895
      vertex 0 -1.5666654195538008 4.9605735065723895
      vertex 0 -2.3422664323215603 4.911436253643443
    endloop
  endfacet
  facet normal 1 0 0
    outer loop
      vertex 0 -0.784881494116416 -4.990133642141358
      vertex 0 -0.784881494116422 4.990133642141358
      vertex 0 -1.5666654195538008 4.9605735065723895
    endloop
  endfacet
  facet normal 1 0 0
    outer loop
      vertex 0 0 -5
      vertex 0 0 5
      vertex 0 -0.784881494116422 4.990133642141358
    endloop
  endfacet
  facet normal 0 -0.3325737725061931 0.9430772427754786
    outer loop
      vertex 0 -7.967799871858625 3.852566213878945
      vertex -1 -7.967799871858625 3.852566213878945
      vertex -1 -8 3.8412109212205796
    endloop
  endfacet
  facet normal -2.1361464165519942e-17 -0.2963355980844308 0.9550838776295738
    outer loop
      vertex 0 -7.967799871858625 3.852566213878945
      vertex 0 -7.347315653655914 4.045084971874737
      vertex -1 -7.492623642433813 4
    endloop
  endfacet
  facet normal 0 -0.2963355980844308 0.9550838776295738
    outer loop
      vertex 0 -7.967799871858625 3.852566213878945
      vertex -1 -7.492623642433813 4
      vertex -1 -7.967799871858625 3.852566213878945
    endloop
  endfacet
  facet normal 0 -0.5072421726072447 0.8618035613344158
    outer loop
      vertex 0 -10.55409906877519 2.679133974894981
      vertex 0 -10.112712429686843 2.938926261462366
      vertex -7 -10.55409906877519 2.679133974894981
    endloop
  endfacet
  facet normal 0 -0.4583255674082678 0.8887843800719549
    outer loop
      vertex 0 -10.112712429686843 2.938926261462366
      vertex 0 -9.631415534697362 3.18711994874345
      vertex -7 -10.112712429686843 2.938926261462366
    endloop
  endfacet
  facet normal 0 -0.4131730211554608 0.9106525432838087
    outer loop
      vertex 0 -9.631415534697362 3.18711994874345
      vertex 0 -9.112107842767646 3.4227355296434427
      vertex -7 -9.631415534697362 3.18711994874345
    endloop
  endfacet
  facet normal 0 -0.3713906763541035 0.9284766908852594
    outer loop
      vertex 0 -9.112107842767646 3.4227355296434427
      vertex 0 -8.556838824108606 3.6448431371070584
      vertex -7 -9.112107842767646 3.4227355296434427
    endloop
  endfacet
  facet normal 0 -0.3325737725061905 0.9430772427754794
    outer loop
      vertex 0 -8.556838824108606 3.6448431371070584
      vertex 0 -7.967799871858625 3.852566213878945
      vertex -7 -8.556838824108606 3.6448431371070584
    endloop
  endfacet
  facet normal 0 -0.262320138074109 0.9649809040394428
    outer loop
      vertex 0 -7.347315653655914 4.045084971874737
      vertex 0 -6.697834937237452 4.2216396275100765
      vertex -7 -7.347315653655914 4.045084971874737
    endloop
  endfacet
  facet normal 0 -0.230205821016304 0.9731419629068565
    outer loop
      vertex 0 -6.697834937237452 4.2216396275100765
      vertex 0 -6.021920926271442 4.381533400219317
      vertex -7 -6.697834937237452 4.2216396275100765
    endloop
  endfacet
  facet normal -1.4846433396668588e-16 -0.33257377250618897 0.94307724277548
    outer loop
      vertex 0 -7.967799871858625 3.852566213878945
      vertex -1 -8 3.8412109212205796
      vertex -7 -8.556838824108606 3.6448431371070584
    endloop
  endfacet
  facet normal 0 -0.2963355980844309 0.9550838776295737
    outer loop
      vertex 0 -7.347315653655914 4.045084971874737
      vertex -7 -7.347315653655914 4.045084971874737
      vertex -1 -7.492623642433813 4
    endloop
  endfacet
  facet normal 0 -0.19970465559490377 0.9798561376721181
    outer loop
      vertex 0 -6.021920926271442 4.381533400219317
      vertex 0 -5.322241144563406 4.524135262330097
      vertex -7 -6.021920926271442 4.381533400219317
    endloop
  endfacet
  facet normal 0 -0.17055916478584188 0.9853474368503509
    outer loop
      vertex 0 -5.322241144563406 4.524135262330097
      vertex 0 -4.6015569085584795 4.648882429441256
      vertex -7 -5.322241144563406 4.524135262330097
    endloop
  endfacet
  facet normal 0 -0.1425384255109711 0.9897892691138117
    outer loop
      vertex 0 -4.6015569085584795 4.648882429441256
      vertex 0 -3.8627124296868423 4.755282581475767
      vertex -7 -4.6015569085584795 4.648882429441256
    endloop
  endfacet
  facet normal 0 -0.11543389301314527 0.9933151646601543
    outer loop
      vertex 0 -3.8627124296868423 4.755282581475767
      vertex 0 -3.1086235895606804 4.842915805643156
      vertex -7 -3.8627124296868423 4.755282581475767
    endloop
  endfacet
  facet normal 0 -0.08905533625246242 0.9960266799061966
    outer loop
      vertex 0 -3.1086235895606804 4.842915805643156
      vertex 0 -2.3422664323215603 4.911436253643443
      vertex -7 -3.1086235895606804 4.842915805643156
    endloop
  endfacet
  facet normal 0 -0.06322701602957512 0.9979991705627794
    outer loop
      vertex 0 -2.3422664323215603 4.911436253643443
      vertex 0 -1.5666654195538008 4.9605735065723895
      vertex -7 -2.3422664323215603 4.911436253643443
    endloop
  endfacet
  facet normal 0 -0.03778413247650735 0.9992859247147424
    outer loop
      vertex 0 -1.5666654195538008 4.9605735065723895
      vertex 0 -0.784881494116422 4.990133642141358
      vertex -7 -1.5666654195538008 4.9605735065723895
    endloop
  endfacet
  facet normal 0 -0.012569513354203712 0.9999210005465623
    outer loop
      vertex 0 -0.784881494116422 4.990133642141358
      vertex 0 0 5
      vertex -7 -0.784881494116422 4.990133642141358
    endloop
  endfacet
  facet normal 0 -0.9969279327382912 0.07832430610070613
    outer loop
      vertex 0 -12.5 0
      vertex -7 -12.475334105353394 0.31395259764656885
      vertex -7 -12.5 0
    endloop
  endfacet
  facet normal 0 -0.9731942103440905 0.2299848450501519
    outer loop
      vertex 0 -12.475334105353394 0.31395259764656885
      vertex -7 -12.401433766430973 0.6266661678215204
      vertex -7 -12.475334105353394 0.31395259764656885
    endloop
  endfacet
  facet normal 0 -0.9297659544941194 0.36815115083840116
    outer loop
      vertex 0 -12.401433766430973 0.6266661678215204
      vertex -7 -12.278590634108607 0.9369065729286241
      vertex -7 -12.401433766430973 0.6266661678215204
    endloop
  endfacet
  facet normal 0 -0.8729462040361775 0.4878164868665556
    outer loop
      vertex 0 -12.278590634108607 0.9369065729286241
      vertex -7 -12.10728951410789 1.2434494358242723
      vertex -7 -12.278590634108607 0.9369065729286241
    endloop
  endfacet
  facet normal 0 -0.8091037032789229 0.5876658892094492
    outer loop
      vertex 0 -12.10728951410789 1.2434494358242723
      vertex -7 -11.888206453689419 1.545084971874737
      vertex -7 -12.10728951410789 1.2434494358242723
    endloop
  endfacet
  facet normal 0 -0.7432736773472244 0.6689874741448707
    outer loop
      vertex 0 -11.888206453689419 1.545084971874737
      vertex -7 -11.62220607360314 1.8406227634233918
      vertex -7 -11.888206453689419 1.545084971874737
    endloop
  endfacet
  facet normal 0 -0.6787829144341142 0.7343389919324248
    outer loop
      vertex 0 -11.310338155825244 2.128896457825362
      vertex -7 -11.310338155825244 2.128896457825362
      vertex -7 -11.62220607360314 1.8406227634233918
    endloop
  endfacet
  facet normal 0 -0.6174956130193815 0.786574324461343
    outer loop
      vertex 0 -10.953833500548294 2.408768370508577
      vertex -7 -10.953833500548294 2.408768370508577
      vertex -7 -11.310338155825244 2.128896457825362
    endloop
  endfacet
  facet normal -1 0 0
    outer loop
      vertex -7 -12.278590634108607 -0.9369065729286241
      vertex -7 -12.475334105353394 0.31395259764656885
      vertex -7 -12.401433766430973 0.6266661678215204
    endloop
  endfacet
  facet normal -1 0 0
    outer loop
      vertex -7 -12.278590634108607 -0.9369065729286241
      vertex -7 -12.401433766430973 0.6266661678215204
      vertex -7 -12.278590634108607 0.9369065729286241
    endloop
  endfacet
  facet normal -1 0 0
    outer loop
      vertex -7 -12.107289514107888 -1.2434494358242745
      vertex -7 -12.278590634108607 0.9369065729286241
      vertex -7 -12.10728951410789 1.2434494358242723
    endloop
  endfacet
  facet normal -1 0 0
    outer loop
      vertex -7 -11.888206453689419 -1.545084971874737
      vertex -7 -12.10728951410789 1.2434494358242723
      vertex -7 -11.888206453689419 1.545084971874737
    endloop
  endfacet
  facet normal -1 0 0
    outer loop
      vertex -7 -11.622206073603143 -1.8406227634233894
      vertex -7 -11.888206453689419 1.545084971874737
      vertex -7 -11.62220607360314 1.8406227634233918
    endloop
  endfacet
  facet normal -1 0 0
    outer loop
      vertex -7 -11.310338155825244 -2.128896457825362
      vertex -7 -11.62220607360314 1.8406227634233918
      vertex -7 -11.310338155825244 2.128896457825362
    endloop
  endfacet
  facet normal -1 0 0
    outer loop
      vertex -7 -10.953833500548294 -2.408768370508577
      vertex -7 -11.310338155825244 2.128896457825362
      vertex -7 -10.953833500548294 2.408768370508577
    endloop
  endfacet
  facet normal -1 0 0
    outer loop
      vertex -7 -10.554099068775187 -2.679133974894984
      vertex -7 -10.953833500548294 2.408768370508577
      vertex -7 -10.55409906877519 2.679133974894981
    endloop
  endfacet
  facet normal -1 0 0
    outer loop
      vertex -7 -10.112712429686843 -2.938926261462366
      vertex -7 -10.55409906877519 2.679133974894981
      vertex -7 -10.112712429686843 2.938926261462366
    endloop
  endfacet
  facet normal -1 0 0
    outer loop
      vertex -7 -9.631415534697368 -3.1871199487434483
      vertex -7 -10.112712429686843 2.938926261462366
      vertex -7 -9.631415534697362 3.18711994874345
    endloop
  endfacet
  facet normal -1 0 0
    outer loop
      vertex -7 -9.112107842767646 -3.4227355296434427
      vertex -7 -9.631415534697362 3.18711994874345
      vertex -7 -9.112107842767646 3.4227355296434427
    endloop
  endfacet
  facet normal -1 0 0
    outer loop
      vertex -7 -8.556838824108606 -3.6448431371070584
      vertex -7 -9.112107842767646 3.4227355296434427
      vertex -7 -8.556838824108606 3.6448431371070584
    endloop
  endfacet
  facet normal -1 0 0
    outer loop
      vertex -7 -7.96779987185862 -3.8525662138789474
      vertex -7 -8.556838824108606 3.6448431371070584
      vertex -7 -7.967799871858625 3.852566213878945
    endloop
  endfacet
  facet normal -1 0 0
    outer loop
      vertex -7 -7.347315653655914 -4.045084971874737
      vertex -7 -7.967799871858625 3.852566213878945
      vertex -7 -7.347315653655914 4.045084971874737
    endloop
  endfacet
  facet normal -1 0 0
    outer loop
      vertex -7 -6.6978349372374595 -4.221639627510075
      vertex -7 -7.347315653655914 4.045084971874737
      vertex -7 -6.697834937237452 4.2216396275100765
    endloop
  endfacet
  facet normal -1 0 0
    outer loop
      vertex -7 -6.021920926271442 -4.381533400219317
      vertex -7 -6.697834937237452 4.2216396275100765
      vertex -7 -6.021920926271442 4.381533400219317
    endloop
  endfacet
  facet normal -1 0 0
    outer loop
      vertex -7 -5.322241144563406 -4.524135262330097
      vertex -7 -6.021920926271442 4.381533400219317
      vertex -7 -5.322241144563406 4.524135262330097
    endloop
  endfacet
  facet normal -1 0 0
    outer loop
      vertex -7 -4.601556908558473 -4.648882429441257
      vertex -7 -5.322241144563406 4.524135262330097
      vertex -7 -4.6015569085584795 4.648882429441256
    endloop
  endfacet
  facet normal -1 0 0
    outer loop
      vertex -7 -3.8627124296868423 -4.755282581475767
      vertex -7 -4.6015569085584795 4.648882429441256
      vertex -7 -3.8627124296868423 4.755282581475767
    endloop
  endfacet
  facet normal -1 0 0
    outer loop
      vertex -7 -3.1086235895606857 -4.842915805643155
      vertex -7 -3.8627124296868423 4.755282581475767
      vertex -7 -3.1086235895606804 4.842915805643156
    endloop
  endfacet
  facet normal -1 0 0
    outer loop
      vertex -7 -2.3422664323215603 -4.911436253643443
      vertex -7 -3.1086235895606804 4.842915805643156
      vertex -7 -2.3422664323215603 4.911436253643443
    endloop
  endfacet
  facet normal -1 0 0
    outer loop
      vertex -7 -1.5666654195538008 -4.9605735065723895
      vertex -7 -2.3422664323215603 4.911436253643443
      vertex -7 -1.5666654195538008 4.9605735065723895
    endloop
  endfacet
  facet normal -1 0 0
    outer loop
      vertex -7 -0.784881494116416 -4.990133642141358
      vertex -7 -1.5666654195538008 4.9605735065723895
      vertex -7 -0.784881494116422 4.990133642141358
    endloop
  endfacet
  facet normal -1 0 0
    outer loop
      vertex -7 0 -5
      vertex -7 -0.784881494116422 4.990133642141358
      vertex -7 0 5
    endloop
  endfacet
  facet normal 0 -0.5602482618845801 0.8283247461324011
    outer loop
      vertex 0 -10.55409906877519 2.679133974894981
      vertex -7 -10.55409906877519 2.679133974894981
      vertex -7 -10.953833500548294 2.408768370508577
    endloop
  endfacet
  facet normal 0 -0.5072421726072447 0.8618035613344158
    outer loop
      vertex 0 -10.112712429686843 2.938926261462366
      vertex -7 -10.112712429686843 2.938926261462366
      vertex -7 -10.55409906877519 2.679133974894981
    endloop
  endfacet
  facet normal 0 -0.4583255674082678 0.8887843800719549
    outer loop
      vertex 0 -9.631415534697362 3.18711994874345
      vertex -7 -9.631415534697362 3.18711994874345
      vertex -7 -10.112712429686843 2.938926261462366
    endloop
  endfacet
  facet normal 0 -0.4131730211554608 0.9106525432838087
    outer loop
      vertex 0 -9.112107842767646 3.4227355296434427
      vertex -7 -9.112107842767646 3.4227355296434427
      vertex -7 -9.631415534697362 3.18711994874345
    endloop
  endfacet
  facet normal 0 -0.3713906763541035 0.9284766908852594
    outer loop
      vertex 0 -8.556838824108606 3.6448431371070584
      vertex -7 -8.556838824108606 3.6448431371070584
      vertex -7 -9.112107842767646 3.4227355296434427
    endloop
  endfacet
  facet normal 0 -0.3325737725061904 0.9430772427754796
    outer loop
      vertex -7 -8.556838824108606 3.6448431371070584
      vertex -1 -8 3.8412109212205796
      vertex -3 -8 3.8412109212205796
    endloop
  endfacet
  facet normal 0 -0.3325737725061931 0.9430772427754786
    outer loop
      vertex -7 -7.967799871858625 3.852566213878945
      vertex -3 -8 3.8412109212205796
      vertex -3 -7.967799871858625 3.852566213878945
    endloop
  endfacet
  facet normal 0 -0.2963355980844309 0.9550838776295738
    outer loop
      vertex -7 -7.347315653655914 4.045084971874737
      vertex -3 -7.492623642433813 4
      vertex -1 -7.492623642433813 4
    endloop
  endfacet
  facet normal 0 -0.2963355980844308 0.9550838776295738
    outer loop
      vertex -7 -7.967799871858625 3.852566213878945
      vertex -3 -7.967799871858625 3.852566213878945
      vertex -3 -7.492623642433813 4
    endloop
  endfacet
  facet normal 0 -0.262320138074109 0.9649809040394428
    outer loop
      vertex 0 -6.697834937237452 4.2216396275100765
      vertex -7 -6.697834937237452 4.2216396275100765
      vertex -7 -7.347315653655914 4.045084971874737
    endloop
  endfacet
  facet normal 2.2218948019693095e-17 -0.3325737725061905 0.9430772427754793
    outer loop
      vertex -7 -8.556838824108606 3.6448431371070584
      vertex -3 -8 3.8412109212205796
      vertex -7 -7.967799871858625 3.852566213878945
    endloop
  endfacet
  facet normal 5.3403660413799855e-18 -0.2963355980844308 0.9550838776295738
    outer loop
      vertex -7 -7.967799871858625 3.852566213878945
      vertex -3 -7.492623642433813 4
      vertex -7 -7.347315653655914 4.045084971874737
    endloop
  endfacet
  facet normal 0 -0.230205821016304 0.9731419629068565
    outer loop
      vertex 0 -6.021920926271442 4.381533400219317
      vertex -7 -6.021920926271442 4.381533400219317
      vertex -7 -6.697834937237452 4.2216396275100765
    endloop
  endfacet
  facet normal 0 -0.19970465559490377 0.9798561376721181
    outer loop
      vertex 0 -5.322241144563406 4.524135262330097
      vertex -7 -5.322241144563406 4.524135262330097
      vertex -7 -6.021920926271442 4.381533400219317
    endloop
  endfacet
  facet normal 0 -0.17055916478584188 0.9853474368503509
    outer loop
      vertex 0 -4.6015569085584795 4.648882429441256
      vertex -7 -4.6015569085584795 4.648882429441256
      vertex -7 -5.322241144563406 4.524135262330097
    endloop
  endfacet
  facet normal 0 -0.1425384255109711 0.9897892691138117
    outer loop
      vertex 0 -3.8627124296868423 4.755282581475767
      vertex -7 -3.8627124296868423 4.755282581475767
      vertex -7 -4.6015569085584795 4.648882429441256
    endloop
  endfacet
  facet normal 0 -0.11543389301314527 0.9933151646601543
    outer loop
      vertex 0 -3.1086235895606804 4.842915805643156
      vertex -7 -3.1086235895606804 4.842915805643156
      vertex -7 -3.8627124296868423 4.755282581475767
    endloop
  endfacet
  facet normal 0 -0.08905533625246242 0.9960266799061966
    outer loop
      vertex 0 -2.3422664323215603 4.911436253643443
      vertex -7 -2.3422664323215603 4.911436253643443
      vertex -7 -3.1086235895606804 4.842915805643156
    endloop
  endfacet
  facet normal 0 -0.06322701602957512 0.9979991705627794
    outer loop
      vertex 0 -1.5666654195538008 4.9605735065723895
      vertex -7 -1.5666654195538008 4.9605735065723895
      vertex -7 -2.3422664323215603 4.911436253643443
    endloop
  endfacet
  facet normal 0 -0.03778413247650735 0.9992859247147424
    outer loop
      vertex 0 -0.784881494116422 4.990133642141358
      vertex -7 -0.784881494116422 4.990133642141358
      vertex -7 -1.5666654195538008 4.9605735065723895
    endloop
  endfacet
  facet normal 0 -0.012569513354203712 0.9999210005465623
    outer loop
      vertex -7 -0.784881494116422 4.990133642141358
      vertex 0 0 5
      vertex -7 0 5
    endloop
  endfacet
  facet normal 1 0 0
    outer loop
      vertex 0 0 -5
      vertex 0 0.7848814941164172 4.990133642141358
      vertex 0 0 5
    endloop
  endfacet
  facet normal 1 0 0
    outer loop
      vertex 0 0.784881494116416 -4.990133642141358
      vertex 0 1.5666654195538032 4.9605735065723895
      vertex 0 0.7848814941164172 4.990133642141358
    endloop
  endfacet
  facet normal 1 0 0
    outer loop
      vertex 0 1.5666654195538008 -4.9605735065723895
      vertex 0 2.342266432321558 4.911436253643444
      vertex 0 1.5666654195538032 4.9605735065723895
    endloop
  endfacet
  facet normal 1 0 0
    outer loop
      vertex 0 2.3422664323215603 -4.911436253643443
      vertex 0 3.108623589560685 4.842915805643155
      vertex 0 2.342266432321558 4.911436253643444
    endloop
  endfacet
  facet normal 1 0 0
    outer loop
      vertex 0 3.8627124296868423 -4.755282581475767
      vertex 0 4.601556908558475 4.648882429441257
      vertex 0 3.8627124296868423 4.755282581475767
    endloop
  endfacet
  facet normal 1 0 0
    outer loop
      vertex 0 3.1086235895606857 -4.842915805643155
      vertex 0 3.8627124296868423 4.755282581475767
      vertex 0 3.108623589560685 4.842915805643155
    endloop
  endfacet
  facet normal 1 0 0
    outer loop
      vertex 0 4.601556908558473 -4.648882429441257
      vertex 0 5.322241144563408 4.524135262330097
      vertex 0 4.601556908558475 4.648882429441257
    endloop
  endfacet
  facet normal 1 0 0
    outer loop
      vertex 0 5.322241144563406 -4.524135262330097
      vertex 0 6.0219209262714415 4.381533400219318
      vertex 0 5.322241144563408 4.524135262330097
    endloop
  endfacet
  facet normal 1 0 0
    outer loop
      vertex 0 6.021920926271442 -4.381533400219317
      vertex 0 6.697834937237459 4.221639627510076
      vertex 0 6.0219209262714415 4.381533400219318
    endloop
  endfacet
  facet normal 1 0 0
    outer loop
      vertex 0 7.96779987185862 -3.8525662138789474
      vertex 0 8.55683882410861 3.644843137107058
      vertex 0 7.967799871858622 3.852566213878946
    endloop
  endfacet
  facet normal 1 0 0
    outer loop
      vertex 0 9.112107842767646 -3.4227355296434427
      vertex 0 9.631415534697364 3.187119948743449
      vertex 0 9.112107842767644 3.422735529643444
    endloop
  endfacet
  facet normal 1 0 0
    outer loop
      vertex 0 8.556838824108606 -3.6448431371070584
      vertex 0 9.112107842767644 3.422735529643444
      vertex 0 8.55683882410861 3.644843137107058
    endloop
  endfacet
  facet normal 1 0 0
    outer loop
      vertex 0 12.278590634108609 -0.9369065729286229
      vertex 0 12.475334105353394 0.3139525976465664
      vertex 0 12.401433766430973 0.6266661678215215
    endloop
  endfacet
  facet normal 1 0 0
    outer loop
      vertex 0 12.278590634108609 -0.9369065729286229
      vertex 0 12.401433766430973 0.6266661678215215
      vertex 0 12.278590634108609 0.9369065729286229
    endloop
  endfacet
  facet normal 1 0 0
    outer loop
      vertex 0 12.107289514107888 -1.2434494358242745
      vertex 0 12.278590634108609 0.9369065729286229
      vertex 0 12.107289514107888 1.2434494358242745
    endloop
  endfacet
  facet normal 1 0 0
    outer loop
      vertex 0 11.622206073603143 -1.8406227634233894
      vertex 0 11.888206453689419 1.545084971874737
      vertex 0 11.622206073603143 1.8406227634233894
    endloop
  endfacet
  facet normal 1 0 0
    outer loop
      vertex 0 11.310338155825244 -2.128896457825364
      vertex 0 11.622206073603143 1.8406227634233894
      vertex 0 11.310338155825244 2.128896457825364
    endloop
  endfacet
  facet normal 1 0 0
    outer loop
      vertex 0 11.888206453689419 -1.545084971874737
      vertex 0 12.107289514107888 1.2434494358242745
      vertex 0 11.888206453689419 1.545084971874737
    endloop
  endfacet
  facet normal 1 0 0
    outer loop
      vertex 0 10.112712429686843 -2.938926261462366
      vertex 0 10.554099068775189 2.6791339748949836
      vertex 0 10.112712429686843 2.938926261462366
    endloop
  endfacet
  facet normal 1 0 0
    outer loop
      vertex 0 10.554099068775187 -2.679133974894984
      vertex 0 10.953833500548296 2.408768370508576
      vertex 0 10.554099068775189 2.6791339748949836
    endloop
  endfacet
  facet normal 1 0 0
    outer loop
      vertex 0 9.631415534697368 -3.1871199487434483
      vertex 0 10.112712429686843 2.938926261462366
      vertex 0 9.631415534697364 3.187119948743449
    endloop
  endfacet
  facet normal 1 0 0
    outer loop
      vertex 0 10.953833500548296 -2.408768370508576
      vertex 0 11.310338155825244 2.128896457825364
      vertex 0 10.953833500548296 2.408768370508576
    endloop
  endfacet
  facet normal 1 0 0
    outer loop
      vertex 0 6.6978349372374595 -4.221639627510075
      vertex 0 7.347315653655914 4.045084971874737
      vertex 0 6.697834937237459 4.221639627510076
    endloop
  endfacet
  facet normal 1 0 0
    outer loop
      vertex 0 7.347315653655914 -4.045084971874737
      vertex 0 7.967799871858622 3.852566213878946
      vertex 0 7.347315653655914 4.045084971874737
    endloop
  endfacet
  facet normal 0 0.9969279327382912 0.07832430610070674
    outer loop
      vertex 0 12.5 0
      vertex -7 12.5 0
      vertex 0 12.475334105353394 0.3139525976465664
    endloop
  endfacet
  facet normal 0 0.9731942103440909 0.2299848450501494
    outer loop
      vertex 0 12.475334105353394 0.3139525976465664
      vertex -7 12.475334105353394 0.3139525976465664
      vertex 0 12.401433766430973 0.6266661678215215
    endloop
  endfacet
  facet normal 0 0.9297659544941201 0.36815115083839894
    outer loop
      vertex 0 12.401433766430973 0.6266661678215215
      vertex -7 12.401433766430973 0.6266661678215215
      vertex 0 12.278590634108609 0.9369065729286229
    endloop
  endfacet
  facet normal 0 0.8729462040361754 0.48781648686655915
    outer loop
      vertex 0 12.278590634108609 0.9369065729286229
      vertex -7 12.278590634108609 0.9369065729286229
      vertex 0 12.107289514107888 1.2434494358242745
    endloop
  endfacet
  facet normal 0 0.809103703278923 0.587665889209449
    outer loop
      vertex 0 12.107289514107888 1.2434494358242745
      vertex -7 12.107289514107888 1.2434494358242745
      vertex 0 11.888206453689419 1.545084971874737
    endloop
  endfacet
  facet normal 0 0.743273677347226 0.6689874741448689
    outer loop
      vertex 0 11.888206453689419 1.545084971874737
      vertex -7 11.888206453689419 1.545084971874737
      vertex 0 11.622206073603143 1.8406227634233894
    endloop
  endfacet
  facet normal 0 0.6787829144341155 0.7343389919324238
    outer loop
      vertex 0 11.622206073603143 1.8406227634233894
      vertex -7 11.310338155825244 2.128896457825364
      vertex 0 11.310338155825244 2.128896457825364
    endloop
  endfacet
  facet normal 0 0.6174956130193798 0.7865743244613445
    outer loop
      vertex 0 11.310338155825244 2.128896457825364
      vertex -7 10.953833500548296 2.408768370508576
      vertex 0 10.953833500548296 2.408768370508576
    endloop
  endfacet
  facet normal 0 0.012569513354203792 0.9999210005465623
    outer loop
      vertex 0 0 5
      vertex 0 0.7848814941164172 4.990133642141358
      vertex -7 0 5
    endloop
  endfacet
  facet normal 0 0.037784132476507 0.9992859247147424
    outer loop
      vertex 0 0.7848814941164172 4.990133642141358
      vertex 0 1.5666654195538032 4.9605735065723895
      vertex -7 0.7848814941164172 4.990133642141358
    endloop
  endfacet
  facet normal 0 0.06322701602957437 0.9979991705627794
    outer loop
      vertex 0 1.5666654195538032 4.9605735065723895
      vertex 0 2.342266432321558 4.911436253643444
      vertex -7 1.5666654195538032 4.9605735065723895
    endloop
  endfacet
  facet normal 0 0.08905533625246392 0.9960266799061963
    outer loop
      vertex 0 2.342266432321558 4.911436253643444
      vertex 0 3.108623589560685 4.842915805643155
      vertex -7 2.342266432321558 4.911436253643444
    endloop
  endfacet
  facet normal 0 0.2302058210163041 0.9731419629068564
    outer loop
      vertex 0 6.0219209262714415 4.381533400219318
      vertex 0 6.697834937237459 4.221639627510076
      vertex -7 6.0219209262714415 4.381533400219318
    endloop
  endfacet
  facet normal 0 0.11543389301314479 0.9933151646601545
    outer loop
      vertex 0 3.108623589560685 4.842915805643155
      vertex 0 3.8627124296868423 4.755282581475767
      vertex -7 3.108623589560685 4.842915805643155
    endloop
  endfacet
  facet normal 0 0.14253842551097073 0.9897892691138116
    outer loop
      vertex 0 4.601556908558475 4.648882429441257
      vertex -7 3.8627124296868423 4.755282581475767
      vertex 0 3.8627124296868423 4.755282581475767
    endloop
  endfacet
  facet normal 0 0.1705591647858414 0.9853474368503509
    outer loop
      vertex 0 4.601556908558475 4.648882429441257
      vertex 0 5.322241144563408 4.524135262330097
      vertex -7 4.601556908558475 4.648882429441257
    endloop
  endfacet
  facet normal 0 0.19970465559490355 0.9798561376721182
    outer loop
      vertex 0 5.322241144563408 4.524135262330097
      vertex 0 6.0219209262714415 4.381533400219318
      vertex -7 5.322241144563408 4.524135262330097
    endloop
  endfacet
  facet normal -3.204219624828005e-17 0.29633559808443066 0.9550838776295738
    outer loop
      vertex 0 7.347315653655914 4.045084971874737
      vertex 0 7.967799871858622 3.852566213878946
      vertex -1 7.492623642433813 4
    endloop
  endfacet
  facet normal 0 0.29633559808443066 0.9550838776295739
    outer loop
      vertex 0 7.967799871858622 3.852566213878946
      vertex -1 7.967799871858622 3.852566213878946
      vertex -1 7.492623642433813 4
    endloop
  endfacet
  facet normal -8.887579207877149e-17 0.33257377250618936 0.9430772427754799
    outer loop
      vertex 0 8.55683882410861 3.644843137107058
      vertex -1 8 3.8412109212205796
      vertex 0 7.967799871858622 3.852566213878946
    endloop
  endfacet
  facet normal 0 0.3325737725061917 0.943077242775479
    outer loop
      vertex 0 7.967799871858622 3.852566213878946
      vertex -1 8 3.8412109212205796
      vertex -1 7.967799871858622 3.852566213878946
    endloop
  endfacet
  facet normal 0 0.33257377250618914 0.9430772427754799
    outer loop
      vertex 0 8.55683882410861 3.644843137107058
      vertex -3 8 3.8412109212205796
      vertex -1 8 3.8412109212205796
    endloop
  endfacet
  facet normal 0 0.41317302115546173 0.9106525432838083
    outer loop
      vertex 0 9.112107842767644 3.422735529643444
      vertex 0 9.631415534697364 3.187119948743449
      vertex -7 9.112107842767644 3.422735529643444
    endloop
  endfacet
  facet normal 0 0.371390676354104 0.9284766908852592
    outer loop
      vertex 0 9.112107842767644 3.422735529643444
      vertex -7 8.55683882410861 3.644843137107058
      vertex 0 8.55683882410861 3.644843137107058
    endloop
  endfacet
  facet normal 0 0.5602482618845818 0.8283247461324
    outer loop
      vertex 0 10.953833500548296 2.408768370508576
      vertex -7 10.554099068775189 2.6791339748949836
      vertex 0 10.554099068775189 2.6791339748949836
    endloop
  endfacet
  facet normal 0 0.4583255674082679 0.888784380071955
    outer loop
      vertex 0 10.112712429686843 2.938926261462366
      vertex -7 9.631415534697364 3.187119948743449
      vertex 0 9.631415534697364 3.187119948743449
    endloop
  endfacet
  facet normal 0 0.5072421726072424 0.8618035613344172
    outer loop
      vertex 0 10.554099068775189 2.6791339748949836
      vertex -7 10.112712429686843 2.938926261462366
      vertex 0 10.112712429686843 2.938926261462366
    endloop
  endfacet
  facet normal 0 0.2623201380741101 0.9649809040394425
    outer loop
      vertex 0 7.347315653655914 4.045084971874737
      vertex -7 6.697834937237459 4.221639627510076
      vertex 0 6.697834937237459 4.221639627510076
    endloop
  endfacet
  facet normal 0 0.2963355980844309 0.9550838776295737
    outer loop
      vertex 0 7.347315653655914 4.045084971874737
      vertex -1 7.492623642433813 4
      vertex -7 7.347315653655914 4.045084971874737
    endloop
  endfacet
  facet normal 2.4569368889580735e-17 0.3325737725061891 0.94307724277548
    outer loop
      vertex 0 8.55683882410861 3.644843137107058
      vertex -7 7.967799871858622 3.852566213878946
      vertex -3 8 3.8412109212205796
    endloop
  endfacet
  facet normal -1 0 0
    outer loop
      vertex -7 0 -5
      vertex -7 0 5
      vertex -7 0.7848814941164172 4.990133642141358
    endloop
  endfacet
  facet normal -1 0 0
    outer loop
      vertex -7 0.784881494116416 -4.990133642141358
      vertex -7 0.7848814941164172 4.990133642141358
      vertex -7 1.5666654195538032 4.9605735065723895
    endloop
  endfacet
  facet normal -1 0 0
    outer loop
      vertex -7 1.5666654195538008 -4.9605735065723895
      vertex -7 1.5666654195538032 4.9605735065723895
      vertex -7 2.342266432321558 4.911436253643444
    endloop
  endfacet
  facet normal -1 0 0
    outer loop
      vertex -7 2.3422664323215603 -4.911436253643443
      vertex -7 2.342266432321558 4.911436253643444
      vertex -7 3.108623589560685 4.842915805643155
    endloop
  endfacet
  facet normal -1 0 0
    outer loop
      vertex -7 3.8627124296868423 -4.755282581475767
      vertex -7 3.8627124296868423 4.755282581475767
      vertex -7 4.601556908558475 4.648882429441257
    endloop
  endfacet
  facet normal -1 0 0
    outer loop
      vertex -7 3.1086235895606857 -4.842915805643155
      vertex -7 3.108623589560685 4.842915805643155
      vertex -7 3.8627124296868423 4.755282581475767
    endloop
  endfacet
  facet normal -1 0 0
    outer loop
      vertex -7 4.601556908558473 -4.648882429441257
      vertex -7 4.601556908558475 4.648882429441257
      vertex -7 5.322241144563408 4.524135262330097
    endloop
  endfacet
  facet normal -1 0 0
    outer loop
      vertex -7 5.322241144563406 -4.524135262330097
      vertex -7 5.322241144563408 4.524135262330097
      vertex -7 6.0219209262714415 4.381533400219318
    endloop
  endfacet
  facet normal -1 0 0
    outer loop
      vertex -7 6.021920926271442 -4.381533400219317
      vertex -7 6.0219209262714415 4.381533400219318
      vertex -7 6.697834937237459 4.221639627510076
    endloop
  endfacet
  facet normal 0 0.9969279327382912 0.07832430610070674
    outer loop
      vertex 0 12.475334105353394 0.3139525976465664
      vertex -7 12.5 0
      vertex -7 12.475334105353394 0.3139525976465664
    endloop
  endfacet
  facet normal 0 0.9731942103440909 0.2299848450501494
    outer loop
      vertex 0 12.401433766430973 0.6266661678215215
      vertex -7 12.475334105353394 0.3139525976465664
      vertex -7 12.401433766430973 0.6266661678215215
    endloop
  endfacet
  facet normal 0 0.9297659544941201 0.36815115083839894
    outer loop
      vertex 0 12.278590634108609 0.9369065729286229
      vertex -7 12.401433766430973 0.6266661678215215
      vertex -7 12.278590634108609 0.9369065729286229
    endloop
  endfacet
  facet normal 0 0.8729462040361754 0.48781648686655915
    outer loop
      vertex 0 12.107289514107888 1.2434494358242745
      vertex -7 12.278590634108609 0.9369065729286229
      vertex -7 12.107289514107888 1.2434494358242745
    endloop
  endfacet
  facet normal 0 0.809103703278923 0.587665889209449
    outer loop
      vertex 0 11.888206453689419 1.545084971874737
      vertex -7 12.107289514107888 1.2434494358242745
      vertex -7 11.888206453689419 1.545084971874737
    endloop
  endfacet
  facet normal 0 0.743273677347226 0.6689874741448689
    outer loop
      vertex 0 11.622206073603143 1.8406227634233894
      vertex -7 11.888206453689419 1.545084971874737
      vertex -7 11.622206073603143 1.8406227634233894
    endloop
  endfacet
  facet normal 0 0.5602482618845818 0.8283247461324
    outer loop
      vertex 0 10.953833500548296 2.408768370508576
      vertex -7 10.953833500548296 2.408768370508576
      vertex -7 10.554099068775189 2.6791339748949836
    endloop
  endfacet
  facet normal 0 0.6787829144341155 0.7343389919324238
    outer loop
      vertex 0 11.622206073603143 1.8406227634233894
      vertex -7 11.622206073603143 1.8406227634233894
      vertex -7 11.310338155825244 2.128896457825364
    endloop
  endfacet
  facet normal 0 0.6174956130193798 0.7865743244613445
    outer loop
      vertex 0 11.310338155825244 2.128896457825364
      vertex -7 11.310338155825244 2.128896457825364
      vertex -7 10.953833500548296 2.408768370508576
    endloop
  endfacet
  facet normal -1 0 0
    outer loop
      vertex -7 7.96779987185862 -3.8525662138789474
      vertex -7 7.967799871858622 3.852566213878946
      vertex -7 8.55683882410861 3.644843137107058
    endloop
  endfacet
  facet normal -1 0 0
    outer loop
      vertex -7 9.112107842767646 -3.4227355296434427
      vertex -7 9.112107842767644 3.422735529643444
      vertex -7 9.631415534697364 3.187119948743449
    endloop
  endfacet
  facet normal -1 0 0
    outer loop
      vertex -7 8.556838824108606 -3.6448431371070584
      vertex -7 8.55683882410861 3.644843137107058
      vertex -7 9.112107842767644 3.422735529643444
    endloop
  endfacet
  facet normal -1 0 0
    outer loop
      vertex -7 12.278590634108609 -0.9369065729286229
      vertex -7 12.401433766430973 0.6266661678215215
      vertex -7 12.475334105353394 0.3139525976465664
    endloop
  endfacet
  facet normal -1 0 0
    outer loop
      vertex -7 12.278590634108609 -0.9369065729286229
      vertex -7 12.278590634108609 0.9369065729286229
      vertex -7 12.401433766430973 0.6266661678215215
    endloop
  endfacet
  facet normal -1 0 0
    outer loop
      vertex -7 12.107289514107888 -1.2434494358242745
      vertex -7 12.107289514107888 1.2434494358242745
      vertex -7 12.278590634108609 0.9369065729286229
    endloop
  endfacet
  facet normal -1 0 0
    outer loop
      vertex -7 11.622206073603143 -1.8406227634233894
      vertex -7 11.622206073603143 1.8406227634233894
      vertex -7 11.888206453689419 1.545084971874737
    endloop
  endfacet
  facet normal -1 0 0
    outer loop
      vertex -7 11.310338155825244 -2.128896457825364
      vertex -7 11.310338155825244 2.128896457825364
      vertex -7 11.622206073603143 1.8406227634233894
    endloop
  endfacet
  facet normal -1 0 0
    outer loop
      vertex -7 11.888206453689419 -1.545084971874737
      vertex -7 11.888206453689419 1.545084971874737
      vertex -7 12.107289514107888 1.2434494358242745
    endloop
  endfacet
  facet normal -1 0 0
    outer loop
      vertex -7 10.112712429686843 -2.938926261462366
      vertex -7 10.112712429686843 2.938926261462366
      vertex -7 10.554099068775189 2.6791339748949836
    endloop
  endfacet
  facet normal -1 0 0
    outer loop
      vertex -7 10.554099068775187 -2.679133974894984
      vertex -7 10.554099068775189 2.6791339748949836
      vertex -7 10.953833500548296 2.408768370508576
    endloop
  endfacet
  facet normal -1 0 0
    outer loop
      vertex -7 9.631415534697368 -3.1871199487434483
      vertex -7 9.631415534697364 3.187119948743449
      vertex -7 10.112712429686843 2.938926261462366
    endloop
  endfacet
  facet normal -1 0 0
    outer loop
      vertex -7 10.953833500548296 -2.408768370508576
      vertex -7 10.953833500548296 2.408768370508576
      vertex -7 11.310338155825244 2.128896457825364
    endloop
  endfacet
  facet normal -1 0 0
    outer loop
      vertex -7 6.6978349372374595 -4.221639627510075
      vertex -7 6.697834937237459 4.221639627510076
      vertex -7 7.347315653655914 4.045084971874737
    endloop
  endfacet
  facet normal -1 0 0
    outer loop
      vertex -7 7.347315653655914 -4.045084971874737
      vertex -7 7.347315653655914 4.045084971874737
      vertex -7 7.967799871858622 3.852566213878946
    endloop
  endfacet
  facet normal 0 0.012569513354203792 0.9999210005465623
    outer loop
      vertex 0 0.7848814941164172 4.990133642141358
      vertex -7 0.7848814941164172 4.990133642141358
      vertex -7 0 5
    endloop
  endfacet
  facet normal 0 0.037784132476507 0.9992859247147424
    outer loop
      vertex 0 1.5666654195538032 4.9605735065723895
      vertex -7 1.5666654195538032 4.9605735065723895
      vertex -7 0.7848814941164172 4.990133642141358
    endloop
  endfacet
  facet normal 0 0.06322701602957437 0.9979991705627794
    outer loop
      vertex 0 2.342266432321558 4.911436253643444
      vertex -7 2.342266432321558 4.911436253643444
      vertex -7 1.5666654195538032 4.9605735065723895
    endloop
  endfacet
  facet normal 0 0.08905533625246392 0.9960266799061963
    outer loop
      vertex 0 3.108623589560685 4.842915805643155
      vertex -7 3.108623589560685 4.842915805643155
      vertex -7 2.342266432321558 4.911436253643444
    endloop
  endfacet
  facet normal 0 0.14253842551097073 0.9897892691138116
    outer loop
      vertex 0 4.601556908558475 4.648882429441257
      vertex -7 4.601556908558475 4.648882429441257
      vertex -7 3.8627124296868423 4.755282581475767
    endloop
  endfacet
  facet normal 0 0.11543389301314479 0.9933151646601545
    outer loop
      vertex 0 3.8627124296868423 4.755282581475767
      vertex -7 3.8627124296868423 4.755282581475767
      vertex -7 3.108623589560685 4.842915805643155
    endloop
  endfacet
  facet normal 0 0.1705591647858414 0.9853474368503509
    outer loop
      vertex 0 5.322241144563408 4.524135262330097
      vertex -7 5.322241144563408 4.524135262330097
      vertex -7 4.601556908558475 4.648882429441257
    endloop
  endfacet
  facet normal 0 0.19970465559490355 0.9798561376721182
    outer loop
      vertex 0 6.0219209262714415 4.381533400219318
      vertex -7 6.0219209262714415 4.381533400219318
      vertex -7 5.322241144563408 4.524135262330097
    endloop
  endfacet
  facet normal 0 0.33257377250618936 0.94307724277548
    outer loop
      vertex 0 8.55683882410861 3.644843137107058
      vertex -7 8.55683882410861 3.644843137107058
      vertex -7 7.967799871858622 3.852566213878946
    endloop
  endfacet
  facet normal 0 0.371390676354104 0.9284766908852592
    outer loop
      vertex 0 9.112107842767644 3.422735529643444
      vertex -7 9.112107842767644 3.422735529643444
      vertex -7 8.55683882410861 3.644843137107058
    endloop
  endfacet
  facet normal 0 0.5072421726072424 0.8618035613344172
    outer loop
      vertex 0 10.554099068775189 2.6791339748949836
      vertex -7 10.554099068775189 2.6791339748949836
      vertex -7 10.112712429686843 2.938926261462366
    endloop
  endfacet
  facet normal 0 0.4583255674082679 0.888784380071955
    outer loop
      vertex 0 10.112712429686843 2.938926261462366
      vertex -7 10.112712429686843 2.938926261462366
      vertex -7 9.631415534697364 3.187119948743449
    endloop
  endfacet
  facet normal 0 0.41317302115546173 0.9106525432838083
    outer loop
      vertex 0 9.631415534697364 3.187119948743449
      vertex -7 9.631415534697364 3.187119948743449
      vertex -7 9.112107842767644 3.422735529643444
    endloop
  endfacet
  facet normal 0 0.2963355980844309 0.9550838776295738
    outer loop
      vertex -7 7.347315653655914 4.045084971874737
      vertex -1 7.492623642433813 4
      vertex -3 7.492623642433813 4
    endloop
  endfacet
  facet normal 1.046015975624356e-17 0.29633559808443066 0.9550838776295739
    outer loop
      vertex -7 7.347315653655914 4.045084971874737
      vertex -3 7.492623642433813 4
      vertex -3 7.967799871858622 3.852566213878946
    endloop
  endfacet
  facet normal 0 0.3325737725061917 0.943077242775479
    outer loop
      vertex -7 7.967799871858622 3.852566213878946
      vertex -3 7.967799871858622 3.852566213878946
      vertex -3 8 3.8412109212205796
    endloop
  endfacet
  facet normal 0 0.2302058210163041 0.9731419629068564
    outer loop
      vertex 0 6.697834937237459 4.221639627510076
      vertex -7 6.697834937237459 4.221639627510076
      vertex -7 6.0219209262714415 4.381533400219318
    endloop
  endfacet
  facet normal 0 0.2623201380741101 0.9649809040394425
    outer loop
      vertex 0 7.347315653655914 4.045084971874737
      vertex -7 7.347315653655914 4.045084971874737
      vertex -7 6.697834937237459 4.221639627510076
    endloop
  endfacet
  facet normal 0 0.29633559808443066 0.9550838776295738
    outer loop
      vertex -7 7.347315653655914 4.045084971874737
      vertex -3 7.967799871858622 3.852566213878946
      vertex -7 7.967799871858622 3.852566213878946
    endloop
  endfacet
  facet normal 0 0 1
    outer loop
      vertex -1 0 -4
      vertex -1 7.492623642433814 -4
      vertex -3 0 -4
    endloop
  endfacet
  facet normal 0 0 1
    outer loop
      vertex -3 0 -4
      vertex -1 7.492623642433814 -4
      vertex -3 7.492623642433814 -4
    endloop
  endfacet
  facet normal -1 0 0
    outer loop
      vertex -1 0 -4
      vertex -1 7.492623642433813 4
      vertex -1 7.492623642433814 -4
    endloop
  endfacet
  facet normal 1 0 0
    outer loop
      vertex -3 0 -4
      vertex -3 7.492623642433814 -4
      vertex -3 0 4
    endloop
  endfacet
  facet normal -1 0 0
    outer loop
      vertex -1 7.96779987185862 -3.8525662138789474
      vertex -1 7.492623642433814 -4
      vertex -1 7.492623642433813 4
    endloop
  endfacet
  facet normal -1 0 0
    outer loop
      vertex -1 7.96779987185862 -3.8525662138789474
      vertex -1 7.967799871858622 3.852566213878946
      vertex -1 8 -3.8412109212205805
    endloop
  endfacet
  facet normal 0 -1 0
    outer loop
      vertex -1 8 -3.8412109212205805
      vertex -1 8 3.8412109212205796
      vertex -3 8 -3.8412109212205805
    endloop
  endfacet
  facet normal 1 0 0
    outer loop
      vertex -3 7.96779987185862 -3.8525662138789474
      vertex -3 7.967799871858622 3.852566213878946
      vertex -3 7.492623642433814 -4
    endloop
  endfacet
  facet normal 1 0 0
    outer loop
      vertex -3 7.96779987185862 -3.8525662138789474
      vertex -3 8 -3.8412109212205805
      vertex -3 8 3.8412109212205796
    endloop
  endfacet
  facet normal -1 0 0
    outer loop
      vertex -1 0 -4
      vertex -1 0 4
      vertex -1 7.492623642433813 4
    endloop
  endfacet
  facet normal 1 0 0
    outer loop
      vertex -3 0 4
      vertex -3 7.492623642433814 -4
      vertex -3 7.492623642433813 4
    endloop
  endfacet
  facet normal -1 0 0
    outer loop
      vertex -1 7.96779987185862 -3.8525662138789474
      vertex -1 7.492623642433813 4
      vertex -1 7.967799871858622 3.852566213878946
    endloop
  endfacet
  facet normal -1 0 0
    outer loop
      vertex -1 7.967799871858622 3.852566213878946
      vertex -1 8 3.8412109212205796
      vertex -1 8 -3.8412109212205805
    endloop
  endfacet
  facet normal 0 -1 0
    outer loop
      vertex -3 8 -3.8412109212205805
      vertex -1 8 3.8412109212205796
      vertex -3 8 3.8412109212205796
    endloop
  endfacet
  facet normal 1 0 0
    outer loop
      vertex -3 7.967799871858622 3.852566213878946
      vertex -3 7.492623642433813 4
      vertex -3 7.492623642433814 -4
    endloop
  endfacet
  facet normal 1 0 0
    outer loop
      vertex -3 7.96779987185862 -3.8525662138789474
      vertex -3 8 3.8412109212205796
      vertex -3 7.967799871858622 3.852566213878946
    endloop
  endfacet
  facet normal 0 0 -1
    outer loop
      vertex -1 0 4
      vertex -3 7.492623642433813 4
      vertex -1 7.492623642433813 4
    endloop
  endfacet
  facet normal 0 0 -1
    outer loop
      vertex -1 0 4
      vertex -3 0 4
      vertex -3 7.492623642433813 4
    endloop
  endfacet
  facet normal 0 0 1
    outer loop
      vertex -1 0 -4
      vertex -3 -7.492623642433814 -4
      vertex -1 -7.492623642433814 -4
    endloop
  endfacet
  facet normal 0 0 1
    outer loop
      vertex -1 0 -4
      vertex -3 0 -4
      vertex -3 -7.492623642433814 -4
    endloop
  endfacet
  facet normal -1 0 0
    outer loop
      vertex -1 -7.96779987185862 -3.8525662138789474
      vertex -1 -8 -3.8412109212205805
      vertex -1 -7.967799871858625 3.852566213878945
    endloop
  endfacet
  facet normal -1 0 0
    outer loop
      vertex -1 -7.96779987185862 -3.8525662138789474
      vertex -1 -7.967799871858625 3.852566213878945
      vertex -1 -7.492623642433814 -4
    endloop
  endfacet
  facet normal 0 1 0
    outer loop
      vertex -1 -8 -3.8412109212205805
      vertex -3 -8 -3.8412109212205805
      vertex -3 -8 3.8412109212205796
    endloop
  endfacet
  facet normal 1 0 0
    outer loop
      vertex -3 -7.96779987185862 -3.8525662138789474
      vertex -3 -7.967799871858625 3.852566213878945
      vertex -3 -8 -3.8412109212205805
    endloop
  endfacet
  facet normal 1 0 0
    outer loop
      vertex -3 -7.96779987185862 -3.8525662138789474
      vertex -3 -7.492623642433814 -4
      vertex -3 -7.492623642433813 4
    endloop
  endfacet
  facet normal -1 0 0
    outer loop
      vertex -1 0 -4
      vertex -1 -7.492623642433814 -4
      vertex -1 0 4
    endloop
  endfacet
  facet normal 1 0 0
    outer loop
      vertex -3 0 -4
      vertex -3 -7.492623642433813 4
      vertex -3 -7.492623642433814 -4
    endloop
  endfacet
  facet normal -1 0 0
    outer loop
      vertex -1 -7.967799871858625 3.852566213878945
      vertex -1 -8 -3.8412109212205805
      vertex -1 -8 3.8412109212205796
    endloop
  endfacet
  facet normal 0 1 0
    outer loop
      vertex -1 -8 -3.8412109212205805
      vertex -3 -8 3.8412109212205796
      vertex -1 -8 3.8412109212205796
    endloop
  endfacet
  facet normal -1 0 0
    outer loop
      vertex -1 -7.967799871858625 3.852566213878945
      vertex -1 -7.492623642433813 4
      vertex -1 -7.492623642433814 -4
    endloop
  endfacet
  facet normal 1 0 0
    outer loop
      vertex -3 -7.967799871858625 3.852566213878945
      vertex -3 -8 3.8412109212205796
      vertex -3 -8 -3.8412109212205805
    endloop
  endfacet
  facet normal 1 0 0
    outer loop
      vertex -3 -7.96779987185862 -3.8525662138789474
      vertex -3 -7.492623642433813 4
      vertex -3 -7.967799871858625 3.852566213878945
    endloop
  endfacet
  facet normal -1 0 0
    outer loop
      vertex -1 0 4
      vertex -1 -7.492623642433814 -4
      vertex -1 -7.492623642433813 4
    endloop
  endfacet
  facet normal 1 0 0
    outer loop
      vertex -3 0 -4
      vertex -3 0 4
      vertex -3 -7.492623642433813 4
    endloop
  endfacet
  facet normal 0 0 -1
    outer loop
      vertex -1 0 4
      vertex -1 -7.492623642433813 4
      vertex -3 0 4
    endloop
  endfacet
  facet normal 0 0 -1
    outer loop
      vertex -3 0 4
      vertex -1 -7.492623642433813 4
      vertex -3 -7.492623642433813 4
    endloop
  endfacet
endsolid OpenSCAD_Model
