solid OpenSCAD_Model
  facet normal -0.5877852522924643 -0.8090169943749539 0
    outer loop
      vertex 4271.321037238681 3318.6259951005004 -128.2051282051282
      vertex 4303.846153846154 3294.9951146568383 -128.2051282051282
      vertex 4271.321037238681 3318.6259951005004 0
    endloop
  endfacet
  facet normal -0.7431448254773975 -0.6691306063588545 0
    outer loop
      vertex 4271.321037238681 3318.6259951005004 -128.2051282051282
      vertex 4271.321037238681 3318.6259951005004 0
      vertex 4244.419808774049 3348.5028360976007 0
    endloop
  endfacet
  facet normal -0.5877852522924643 -0.8090169943749539 0
    outer loop
      vertex 4303.846153846154 3294.9951146568383 -128.2051282051282
      vertex 4303.846153846154 3294.9951146568383 0
      vertex 4271.321037238681 3318.6259951005004 0
    endloop
  endfacet
  facet normal -0.8660254037844356 -0.5000000000000051 0
    outer loop
      vertex 4244.419808774049 3348.5028360976007 -128.2051282051282
      vertex 4224.318181222577 3383.3198763315763 0
      vertex 4224.318181222577 3383.3198763315763 -128.2051282051282
    endloop
  endfacet
  facet normal -0.7431448254773975 -0.6691306063588545 0
    outer loop
      vertex 4271.321037238681 3318.6259951005004 -128.2051282051282
      vertex 4244.419808774049 3348.5028360976007 0
      vertex 4244.419808774049 3348.5028360976007 -128.2051282051282
    endloop
  endfacet
  facet normal -0.9510565162951528 -0.30901699437494984 0
    outer loop
      vertex 4211.894692166576 3421.5554440735073 -128.2051282051282
      vertex 4224.318181222577 3383.3198763315763 -128.2051282051282
      vertex 4211.894692166576 3421.5554440735073 0
    endloop
  endfacet
  facet normal -0.8660254037844356 -0.5000000000000051 0
    outer loop
      vertex 4244.419808774049 3348.5028360976007 -128.2051282051282
      vertex 4244.419808774049 3348.5028360976007 0
      vertex 4224.318181222577 3383.3198763315763 0
    endloop
  endfacet
  facet normal -0.9510565162951528 -0.30901699437494984 0
    outer loop
      vertex 4224.318181222577 3383.3198763315763 -128.2051282051282
      vertex 4224.318181222577 3383.3198763315763 0
      vertex 4211.894692166576 3421.5554440735073 0
    endloop
  endfacet
  facet normal -0.9945218953682736 -0.10452846326764988 0
    outer loop
      vertex 4211.894692166576 3421.5554440735073 -128.2051282051282
      vertex 4207.692307692308 3461.538461538461 0
      vertex 4207.692307692308 3461.538461538461 -128.2051282051282
    endloop
  endfacet
  facet normal -0.9945218953682736 0.10452846326764988 0
    outer loop
      vertex 4207.692307692308 3461.538461538461 -128.2051282051282
      vertex 4211.894692166576 3501.5214790034147 0
      vertex 4211.894692166576 3501.5214790034147 -128.2051282051282
    endloop
  endfacet
  facet normal -0.9945218953682736 -0.10452846326764988 0
    outer loop
      vertex 4211.894692166576 3421.5554440735073 -128.2051282051282
      vertex 4211.894692166576 3421.5554440735073 0
      vertex 4207.692307692308 3461.538461538461 0
    endloop
  endfacet
  facet normal -0.9945218953682736 0.10452846326764988 0
    outer loop
      vertex 4207.692307692308 3461.538461538461 -128.2051282051282
      vertex 4207.692307692308 3461.538461538461 0
      vertex 4211.894692166576 3501.5214790034147 0
    endloop
  endfacet
  facet normal -0.9510565162951528 0.30901699437494984 0
    outer loop
      vertex 4211.894692166576 3501.5214790034147 -128.2051282051282
      vertex 4211.894692166576 3501.5214790034147 0
      vertex 4224.318181222577 3539.7570467453456 0
    endloop
  endfacet
  facet normal -0.9510565162951528 0.30901699437494984 0
    outer loop
      vertex 4211.894692166576 3501.5214790034147 -128.2051282051282
      vertex 4224.318181222577 3539.7570467453456 0
      vertex 4224.318181222577 3539.7570467453456 -128.2051282051282
    endloop
  endfacet
  facet normal -0.8660254037844356 0.5000000000000051 0
    outer loop
      vertex 4224.318181222577 3539.7570467453456 -128.2051282051282
      vertex 4244.419808774049 3574.5740869793212 0
      vertex 4244.419808774049 3574.5740869793212 -128.2051282051282
    endloop
  endfacet
  facet normal -0.7431448254773975 0.6691306063588545 0
    outer loop
      vertex 4244.419808774049 3574.5740869793212 -128.2051282051282
      vertex 4271.321037238681 3604.4509279764216 0
      vertex 4271.321037238681 3604.4509279764216 -128.2051282051282
    endloop
  endfacet
  facet normal -0.8660254037844356 0.5000000000000051 0
    outer loop
      vertex 4224.318181222577 3539.7570467453456 -128.2051282051282
      vertex 4224.318181222577 3539.7570467453456 0
      vertex 4244.419808774049 3574.5740869793212 0
    endloop
  endfacet
  facet normal -0.7431448254773975 0.6691306063588545 0
    outer loop
      vertex 4244.419808774049 3574.5740869793212 -128.2051282051282
      vertex 4244.419808774049 3574.5740869793212 0
      vertex 4271.321037238681 3604.4509279764216 0
    endloop
  endfacet
  facet normal -0.4067366430758114 -0.913545457642596 0
    outer loop
      vertex 4303.846153846154 3294.9951146568383 -128.2051282051282
      vertex 4340.5736549278945 3278.6429776355467 -128.2051282051282
      vertex 4303.846153846154 3294.9951146568383 0
    endloop
  endfacet
  facet normal -0.20791169081775718 -0.9781476007338061 0
    outer loop
      vertex 4340.5736549278945 3278.6429776355467 -128.2051282051282
      vertex 4379.898372448528 3270.284250890716 -128.2051282051282
      vertex 4340.5736549278945 3278.6429776355467 0
    endloop
  endfacet
  facet normal -0.4067366430758114 -0.913545457642596 0
    outer loop
      vertex 4340.5736549278945 3278.6429776355467 -128.2051282051282
      vertex 4340.5736549278945 3278.6429776355467 0
      vertex 4303.846153846154 3294.9951146568383 0
    endloop
  endfacet
  facet normal -0.20791169081775718 -0.9781476007338061 0
    outer loop
      vertex 4379.898372448528 3270.284250890716 -128.2051282051282
      vertex 4379.898372448528 3270.284250890716 0
      vertex 4340.5736549278945 3278.6429776355467 0
    endloop
  endfacet
  facet normal 0 -1 0
    outer loop
      vertex 4379.898372448528 3270.284250890716 -128.2051282051282
      vertex 4420.101627551472 3270.284250890716 -128.2051282051282
      vertex 4379.898372448528 3270.284250890716 0
    endloop
  endfacet
  facet normal 0.20791169081775718 -0.9781476007338061 0
    outer loop
      vertex 4420.101627551472 3270.284250890716 -128.2051282051282
      vertex 4459.4263450721055 3278.6429776355467 -128.2051282051282
      vertex 4420.101627551472 3270.284250890716 0
    endloop
  endfacet
  facet normal 0 -1 0
    outer loop
      vertex 4420.101627551472 3270.284250890716 -128.2051282051282
      vertex 4420.101627551472 3270.284250890716 0
      vertex 4379.898372448528 3270.284250890716 0
    endloop
  endfacet
  facet normal 0.20791169081775718 -0.9781476007338061 0
    outer loop
      vertex 4459.4263450721055 3278.6429776355467 -128.2051282051282
      vertex 4459.4263450721055 3278.6429776355467 0
      vertex 4420.101627551472 3270.284250890716 0
    endloop
  endfacet
  facet normal 0.4067366430758114 -0.913545457642596 0
    outer loop
      vertex 4459.4263450721055 3278.6429776355467 -128.2051282051282
      vertex 4496.153846153846 3294.9951146568383 -128.2051282051282
      vertex 4459.4263450721055 3278.6429776355467 0
    endloop
  endfacet
  facet normal 0.5877852522924643 -0.8090169943749539 0
    outer loop
      vertex 4496.153846153846 3294.9951146568383 -128.2051282051282
      vertex 4528.678962761319 3318.6259951005004 -128.2051282051282
      vertex 4496.153846153846 3294.9951146568383 0
    endloop
  endfacet
  facet normal 0.7431448254773975 -0.6691306063588545 0
    outer loop
      vertex 4528.678962761319 3318.6259951005004 -128.2051282051282
      vertex 4555.580191225951 3348.5028360976007 -128.2051282051282
      vertex 4528.678962761319 3318.6259951005004 0
    endloop
  endfacet
  facet normal 0.4067366430758114 -0.913545457642596 0
    outer loop
      vertex 4496.153846153846 3294.9951146568383 -128.2051282051282
      vertex 4496.153846153846 3294.9951146568383 0
      vertex 4459.4263450721055 3278.6429776355467 0
    endloop
  endfacet
  facet normal 0.5877852522924643 -0.8090169943749539 0
    outer loop
      vertex 4528.678962761319 3318.6259951005004 -128.2051282051282
      vertex 4528.678962761319 3318.6259951005004 0
      vertex 4496.153846153846 3294.9951146568383 0
    endloop
  endfacet
  facet normal 0.8660254037844356 -0.5000000000000051 0
    outer loop
      vertex 4555.580191225951 3348.5028360976007 -128.2051282051282
      vertex 4575.681818777423 3383.3198763315763 -128.2051282051282
      vertex 4555.580191225951 3348.5028360976007 0
    endloop
  endfacet
  facet normal 0.9510565162951528 -0.30901699437494984 0
    outer loop
      vertex 4575.681818777423 3383.3198763315763 -128.2051282051282
      vertex 4588.105307833424 3421.5554440735073 -128.2051282051282
      vertex 4575.681818777423 3383.3198763315763 0
    endloop
  endfacet
  facet normal 0.7431448254773975 -0.6691306063588545 0
    outer loop
      vertex 4555.580191225951 3348.5028360976007 -128.2051282051282
      vertex 4555.580191225951 3348.5028360976007 0
      vertex 4528.678962761319 3318.6259951005004 0
    endloop
  endfacet
  facet normal 0.8660254037844356 -0.5000000000000051 0
    outer loop
      vertex 4575.681818777423 3383.3198763315763 -128.2051282051282
      vertex 4575.681818777423 3383.3198763315763 0
      vertex 4555.580191225951 3348.5028360976007 0
    endloop
  endfacet
  facet normal 0.9510565162951528 -0.30901699437494984 0
    outer loop
      vertex 4588.105307833424 3421.5554440735073 -128.2051282051282
      vertex 4588.105307833424 3421.5554440735073 0
      vertex 4575.681818777423 3383.3198763315763 0
    endloop
  endfacet
  facet normal 0.7431448254773975 0.6691306063588545 0
    outer loop
      vertex 4528.678962761319 3604.4509279764216 -128.2051282051282
      vertex 4528.678962761319 3604.4509279764216 0
      vertex 4555.580191225951 3574.5740869793212 0
    endloop
  endfacet
  facet normal 0.9510565162951528 0.30901699437494984 0
    outer loop
      vertex 4588.105307833424 3501.5214790034147 -128.2051282051282
      vertex 4575.681818777423 3539.7570467453456 -128.2051282051282
      vertex 4588.105307833424 3501.5214790034147 0
    endloop
  endfacet
  facet normal 0.9945218953682736 -0.10452846326764988 0
    outer loop
      vertex 4588.105307833424 3421.5554440735073 -128.2051282051282
      vertex 4592.307692307692 3461.538461538461 -128.2051282051282
      vertex 4588.105307833424 3421.5554440735073 0
    endloop
  endfacet
  facet normal 0.9945218953682736 0.10452846326764988 0
    outer loop
      vertex 4592.307692307692 3461.538461538461 -128.2051282051282
      vertex 4588.105307833424 3501.5214790034147 -128.2051282051282
      vertex 4592.307692307692 3461.538461538461 0
    endloop
  endfacet
  facet normal 0.9945218953682736 -0.10452846326764988 0
    outer loop
      vertex 4592.307692307692 3461.538461538461 -128.2051282051282
      vertex 4592.307692307692 3461.538461538461 0
      vertex 4588.105307833424 3421.5554440735073 0
    endloop
  endfacet
  facet normal 0.9945218953682736 0.10452846326764988 0
    outer loop
      vertex 4588.105307833424 3501.5214790034147 -128.2051282051282
      vertex 4588.105307833424 3501.5214790034147 0
      vertex 4592.307692307692 3461.538461538461 0
    endloop
  endfacet
  facet normal 0.8660254037844356 0.5000000000000051 0
    outer loop
      vertex 4575.681818777423 3539.7570467453456 -128.2051282051282
      vertex 4555.580191225951 3574.5740869793212 -128.2051282051282
      vertex 4575.681818777423 3539.7570467453456 0
    endloop
  endfacet
  facet normal 0.7431448254773975 0.6691306063588545 0
    outer loop
      vertex 4528.678962761319 3604.4509279764216 -128.2051282051282
      vertex 4555.580191225951 3574.5740869793212 0
      vertex 4555.580191225951 3574.5740869793212 -128.2051282051282
    endloop
  endfacet
  facet normal 0.9510565162951528 0.30901699437494984 0
    outer loop
      vertex 4575.681818777423 3539.7570467453456 -128.2051282051282
      vertex 4575.681818777423 3539.7570467453456 0
      vertex 4588.105307833424 3501.5214790034147 0
    endloop
  endfacet
  facet normal 0.8660254037844356 0.5000000000000051 0
    outer loop
      vertex 4555.580191225951 3574.5740869793212 -128.2051282051282
      vertex 4555.580191225951 3574.5740869793212 0
      vertex 4575.681818777423 3539.7570467453456 0
    endloop
  endfacet
  facet normal -0.5877852522924643 0.8090169943749539 0
    outer loop
      vertex 4271.321037238681 3604.4509279764216 -128.2051282051282
      vertex 4303.846153846154 3628.0818084200837 0
      vertex 4303.846153846154 3628.0818084200837 -128.2051282051282
    endloop
  endfacet
  facet normal -0.5877852522924643 0.8090169943749539 0
    outer loop
      vertex 4271.321037238681 3604.4509279764216 -128.2051282051282
      vertex 4271.321037238681 3604.4509279764216 0
      vertex 4303.846153846154 3628.0818084200837 0
    endloop
  endfacet
  facet normal -0.4067366430758114 0.913545457642596 0
    outer loop
      vertex 4303.846153846154 3628.0818084200837 -128.2051282051282
      vertex 4340.5736549278945 3644.4339454413753 0
      vertex 4340.5736549278945 3644.4339454413753 -128.2051282051282
    endloop
  endfacet
  facet normal -0.20791169081775718 0.9781476007338061 0
    outer loop
      vertex 4340.5736549278945 3644.4339454413753 -128.2051282051282
      vertex 4379.898372448528 3652.792672186206 0
      vertex 4379.898372448528 3652.792672186206 -128.2051282051282
    endloop
  endfacet
  facet normal -0.4067366430758114 0.913545457642596 0
    outer loop
      vertex 4303.846153846154 3628.0818084200837 -128.2051282051282
      vertex 4303.846153846154 3628.0818084200837 0
      vertex 4340.5736549278945 3644.4339454413753 0
    endloop
  endfacet
  facet normal -0.20791169081775718 0.9781476007338061 0
    outer loop
      vertex 4340.5736549278945 3644.4339454413753 -128.2051282051282
      vertex 4340.5736549278945 3644.4339454413753 0
      vertex 4379.898372448528 3652.792672186206 0
    endloop
  endfacet
  facet normal 0 1 0
    outer loop
      vertex 4379.898372448528 3652.792672186206 -128.2051282051282
      vertex 4420.101627551472 3652.792672186206 0
      vertex 4420.101627551472 3652.792672186206 -128.2051282051282
    endloop
  endfacet
  facet normal 0.20791169081775718 0.9781476007338061 0
    outer loop
      vertex 4420.101627551472 3652.792672186206 -128.2051282051282
      vertex 4459.4263450721055 3644.4339454413753 0
      vertex 4459.4263450721055 3644.4339454413753 -128.2051282051282
    endloop
  endfacet
  facet normal 0 1 0
    outer loop
      vertex 4379.898372448528 3652.792672186206 -128.2051282051282
      vertex 4379.898372448528 3652.792672186206 0
      vertex 4420.101627551472 3652.792672186206 0
    endloop
  endfacet
  facet normal 0.20791169081775718 0.9781476007338061 0
    outer loop
      vertex 4420.101627551472 3652.792672186206 -128.2051282051282
      vertex 4420.101627551472 3652.792672186206 0
      vertex 4459.4263450721055 3644.4339454413753 0
    endloop
  endfacet
  facet normal 0.4067366430758114 0.913545457642596 0
    outer loop
      vertex 4459.4263450721055 3644.4339454413753 -128.2051282051282
      vertex 4496.153846153846 3628.0818084200837 0
      vertex 4496.153846153846 3628.0818084200837 -128.2051282051282
    endloop
  endfacet
  facet normal 0.5877852522924643 0.8090169943749539 0
    outer loop
      vertex 4528.678962761319 3604.4509279764216 -128.2051282051282
      vertex 4496.153846153846 3628.0818084200837 -128.2051282051282
      vertex 4528.678962761319 3604.4509279764216 0
    endloop
  endfacet
  facet normal 0.4067366430758114 0.913545457642596 0
    outer loop
      vertex 4459.4263450721055 3644.4339454413753 -128.2051282051282
      vertex 4459.4263450721055 3644.4339454413753 0
      vertex 4496.153846153846 3628.0818084200837 0
    endloop
  endfacet
  facet normal 0.5877852522924643 0.8090169943749539 0
    outer loop
      vertex 4496.153846153846 3628.0818084200837 -128.2051282051282
      vertex 4496.153846153846 3628.0818084200837 0
      vertex 4528.678962761319 3604.4509279764216 0
    endloop
  endfacet
  facet normal 0 0 1
    outer loop
      vertex 4244.419808774049 3348.5028360976007 0
      vertex 4224.318181222577 3539.7570467453456 0
      vertex 4224.318181222577 3383.3198763315763 0
    endloop
  endfacet
  facet normal 0 0 1
    outer loop
      vertex 4271.321037238681 3318.6259951005004 0
      vertex 4244.419808774049 3574.5740869793212 0
      vertex 4244.419808774049 3348.5028360976007 0
    endloop
  endfacet
  facet normal 0 0 1
    outer loop
      vertex 4271.321037238681 3318.6259951005004 0
      vertex 4303.846153846154 3294.9951146568383 0
      vertex 4271.321037238681 3604.4509279764216 0
    endloop
  endfacet
  facet normal 0 0 1
    outer loop
      vertex 4211.894692166576 3421.5554440735073 0
      vertex 4211.894692166576 3501.5214790034147 0
      vertex 4207.692307692308 3461.538461538461 0
    endloop
  endfacet
  facet normal 0 0 1
    outer loop
      vertex 4211.894692166576 3421.5554440735073 0
      vertex 4224.318181222577 3383.3198763315763 0
      vertex 4211.894692166576 3501.5214790034147 0
    endloop
  endfacet
  facet normal 0 0 1
    outer loop
      vertex 4224.318181222577 3383.3198763315763 0
      vertex 4224.318181222577 3539.7570467453456 0
      vertex 4211.894692166576 3501.5214790034147 0
    endloop
  endfacet
  facet normal 0 0 1
    outer loop
      vertex 4244.419808774049 3348.5028360976007 0
      vertex 4244.419808774049 3574.5740869793212 0
      vertex 4224.318181222577 3539.7570467453456 0
    endloop
  endfacet
  facet normal 0 0 1
    outer loop
      vertex 4271.321037238681 3318.6259951005004 0
      vertex 4271.321037238681 3604.4509279764216 0
      vertex 4244.419808774049 3574.5740869793212 0
    endloop
  endfacet
  facet normal 0 0 1
    outer loop
      vertex 4271.321037238681 3604.4509279764216 0
      vertex 4303.846153846154 3294.9951146568383 0
      vertex 4303.846153846154 3628.0818084200837 0
    endloop
  endfacet
  facet normal 0 0 1
    outer loop
      vertex 4340.5736549278945 3278.6429776355467 0
      vertex 4379.898372448528 3270.284250890716 0
      vertex 4335.897435897436 3397.435897435897 0
    endloop
  endfacet
  facet normal 0 0 1
    outer loop
      vertex 4335.897435897436 3397.435897435897 0
      vertex 4379.898372448528 3270.284250890716 0
      vertex 4420.101627551472 3270.284250890716 0
    endloop
  endfacet
  facet normal 0 0 1
    outer loop
      vertex 4303.846153846154 3294.9951146568383 0
      vertex 4340.5736549278945 3278.6429776355467 0
      vertex 4303.846153846154 3628.0818084200837 0
    endloop
  endfacet
  facet normal 0 0 1
    outer loop
      vertex 4335.897435897436 3397.435897435897 0
      vertex 4420.101627551472 3270.284250890716 0
      vertex 4459.4263450721055 3278.6429776355467 0
    endloop
  endfacet
  facet normal 0 0 1
    outer loop
      vertex 4335.897435897436 3397.435897435897 0
      vertex 4459.4263450721055 3278.6429776355467 0
      vertex 4496.153846153846 3294.9951146568383 0
    endloop
  endfacet
  facet normal 0 0 1
    outer loop
      vertex 4335.897435897436 3397.435897435897 0
      vertex 4496.153846153846 3294.9951146568383 0
      vertex 4464.102564102564 3397.435897435897 0
    endloop
  endfacet
  facet normal 0 0 1
    outer loop
      vertex 4340.5736549278945 3278.6429776355467 0
      vertex 4335.897435897436 3397.435897435897 0
      vertex 4303.846153846154 3628.0818084200837 0
    endloop
  endfacet
  facet normal 0 0 1
    outer loop
      vertex 4335.897435897436 3397.435897435897 0
      vertex 4335.897435897436 3525.641025641025 0
      vertex 4303.846153846154 3628.0818084200837 0
    endloop
  endfacet
  facet normal 0 0 1
    outer loop
      vertex 4335.897435897436 3525.641025641025 0
      vertex 4464.102564102564 3525.641025641025 0
      vertex 4303.846153846154 3628.0818084200837 0
    endloop
  endfacet
  facet normal 0 0 1
    outer loop
      vertex 4464.102564102564 3525.641025641025 0
      vertex 4340.5736549278945 3644.4339454413753 0
      vertex 4303.846153846154 3628.0818084200837 0
    endloop
  endfacet
  facet normal 0 0 1
    outer loop
      vertex 4496.153846153846 3294.9951146568383 0
      vertex 4464.102564102564 3525.641025641025 0
      vertex 4464.102564102564 3397.435897435897 0
    endloop
  endfacet
  facet normal 0 0 1
    outer loop
      vertex 4496.153846153846 3294.9951146568383 0
      vertex 4528.678962761319 3318.6259951005004 0
      vertex 4496.153846153846 3628.0818084200837 0
    endloop
  endfacet
  facet normal 0 0 1
    outer loop
      vertex 4528.678962761319 3318.6259951005004 0
      vertex 4555.580191225951 3348.5028360976007 0
      vertex 4528.678962761319 3604.4509279764216 0
    endloop
  endfacet
  facet normal 0 0 1
    outer loop
      vertex 4496.153846153846 3294.9951146568383 0
      vertex 4459.4263450721055 3644.4339454413753 0
      vertex 4464.102564102564 3525.641025641025 0
    endloop
  endfacet
  facet normal 0 0 1
    outer loop
      vertex 4496.153846153846 3294.9951146568383 0
      vertex 4496.153846153846 3628.0818084200837 0
      vertex 4459.4263450721055 3644.4339454413753 0
    endloop
  endfacet
  facet normal 0 0 1
    outer loop
      vertex 4528.678962761319 3318.6259951005004 0
      vertex 4528.678962761319 3604.4509279764216 0
      vertex 4496.153846153846 3628.0818084200837 0
    endloop
  endfacet
  facet normal 0 0 1
    outer loop
      vertex 4555.580191225951 3348.5028360976007 0
      vertex 4575.681818777423 3383.3198763315763 0
      vertex 4555.580191225951 3574.5740869793212 0
    endloop
  endfacet
  facet normal 0 0 1
    outer loop
      vertex 4575.681818777423 3383.3198763315763 0
      vertex 4588.105307833424 3421.5554440735073 0
      vertex 4575.681818777423 3539.7570467453456 0
    endloop
  endfacet
  facet normal 0 0 1
    outer loop
      vertex 4555.580191225951 3348.5028360976007 0
      vertex 4555.580191225951 3574.5740869793212 0
      vertex 4528.678962761319 3604.4509279764216 0
    endloop
  endfacet
  facet normal 0 0 1
    outer loop
      vertex 4588.105307833424 3421.5554440735073 0
      vertex 4588.105307833424 3501.5214790034147 0
      vertex 4575.681818777423 3539.7570467453456 0
    endloop
  endfacet
  facet normal 0 0 1
    outer loop
      vertex 4575.681818777423 3383.3198763315763 0
      vertex 4575.681818777423 3539.7570467453456 0
      vertex 4555.580191225951 3574.5740869793212 0
    endloop
  endfacet
  facet normal 0 0 1
    outer loop
      vertex 4588.105307833424 3421.5554440735073 0
      vertex 4592.307692307692 3461.538461538461 0
      vertex 4588.105307833424 3501.5214790034147 0
    endloop
  endfacet
  facet normal 0 0 1
    outer loop
      vertex 4464.102564102564 3525.641025641025 0
      vertex 4379.898372448528 3652.792672186206 0
      vertex 4340.5736549278945 3644.4339454413753 0
    endloop
  endfacet
  facet normal 0 0 1
    outer loop
      vertex 4464.102564102564 3525.641025641025 0
      vertex 4420.101627551472 3652.792672186206 0
      vertex 4379.898372448528 3652.792672186206 0
    endloop
  endfacet
  facet normal 0 0 1
    outer loop
      vertex 4464.102564102564 3525.641025641025 0
      vertex 4459.4263450721055 3644.4339454413753 0
      vertex 4420.101627551472 3652.792672186206 0
    endloop
  endfacet
  facet normal -0.5877852522924643 -0.8090169943749539 0
    outer loop
      vertex 4303.846153846154 -3628.0818084200837 -128.2051282051282
      vertex 4271.321037238681 -3604.4509279764216 0
      vertex 4271.321037238681 -3604.4509279764216 -128.2051282051282
    endloop
  endfacet
  facet normal -0.5877852522924643 -0.8090169943749539 0
    outer loop
      vertex 4303.846153846154 -3628.0818084200837 -128.2051282051282
      vertex 4303.846153846154 -3628.0818084200837 0
      vertex 4271.321037238681 -3604.4509279764216 0
    endloop
  endfacet
  facet normal -0.4067366430758114 -0.913545457642596 0
    outer loop
      vertex 4303.846153846154 -3628.0818084200837 -128.2051282051282
      vertex 4340.5736549278945 -3644.4339454413753 -128.2051282051282
      vertex 4303.846153846154 -3628.0818084200837 0
    endloop
  endfacet
  facet normal -0.20791169081775718 -0.9781476007338061 0
    outer loop
      vertex 4340.5736549278945 -3644.4339454413753 -128.2051282051282
      vertex 4379.898372448528 -3652.792672186206 -128.2051282051282
      vertex 4340.5736549278945 -3644.4339454413753 0
    endloop
  endfacet
  facet normal -0.4067366430758114 -0.913545457642596 0
    outer loop
      vertex 4340.5736549278945 -3644.4339454413753 -128.2051282051282
      vertex 4340.5736549278945 -3644.4339454413753 0
      vertex 4303.846153846154 -3628.0818084200837 0
    endloop
  endfacet
  facet normal -0.20791169081775718 -0.9781476007338061 0
    outer loop
      vertex 4379.898372448528 -3652.792672186206 -128.2051282051282
      vertex 4379.898372448528 -3652.792672186206 0
      vertex 4340.5736549278945 -3644.4339454413753 0
    endloop
  endfacet
  facet normal 0 -1 0
    outer loop
      vertex 4379.898372448528 -3652.792672186206 -128.2051282051282
      vertex 4420.101627551472 -3652.792672186206 -128.2051282051282
      vertex 4379.898372448528 -3652.792672186206 0
    endloop
  endfacet
  facet normal 0.20791169081775718 -0.9781476007338061 0
    outer loop
      vertex 4420.101627551472 -3652.792672186206 -128.2051282051282
      vertex 4459.4263450721055 -3644.4339454413753 -128.2051282051282
      vertex 4420.101627551472 -3652.792672186206 0
    endloop
  endfacet
  facet normal 0 -1 0
    outer loop
      vertex 4420.101627551472 -3652.792672186206 -128.2051282051282
      vertex 4420.101627551472 -3652.792672186206 0
      vertex 4379.898372448528 -3652.792672186206 0
    endloop
  endfacet
  facet normal 0.20791169081775718 -0.9781476007338061 0
    outer loop
      vertex 4459.4263450721055 -3644.4339454413753 -128.2051282051282
      vertex 4459.4263450721055 -3644.4339454413753 0
      vertex 4420.101627551472 -3652.792672186206 0
    endloop
  endfacet
  facet normal 0.4067366430758114 -0.913545457642596 0
    outer loop
      vertex 4459.4263450721055 -3644.4339454413753 -128.2051282051282
      vertex 4496.153846153846 -3628.0818084200837 -128.2051282051282
      vertex 4459.4263450721055 -3644.4339454413753 0
    endloop
  endfacet
  facet normal 0.5877852522924643 -0.8090169943749539 0
    outer loop
      vertex 4496.153846153846 -3628.0818084200837 -128.2051282051282
      vertex 4528.678962761319 -3604.4509279764216 -128.2051282051282
      vertex 4496.153846153846 -3628.0818084200837 0
    endloop
  endfacet
  facet normal 0.4067366430758114 -0.913545457642596 0
    outer loop
      vertex 4496.153846153846 -3628.0818084200837 -128.2051282051282
      vertex 4496.153846153846 -3628.0818084200837 0
      vertex 4459.4263450721055 -3644.4339454413753 0
    endloop
  endfacet
  facet normal 0.5877852522924643 -0.8090169943749539 0
    outer loop
      vertex 4528.678962761319 -3604.4509279764216 -128.2051282051282
      vertex 4528.678962761319 -3604.4509279764216 0
      vertex 4496.153846153846 -3628.0818084200837 0
    endloop
  endfacet
  facet normal -0.9945218953682736 -0.10452846326764988 0
    outer loop
      vertex 4211.894692166576 -3501.5214790034147 -128.2051282051282
      vertex 4207.692307692308 -3461.538461538461 0
      vertex 4207.692307692308 -3461.538461538461 -128.2051282051282
    endloop
  endfacet
  facet normal -0.9945218953682736 0.10452846326764988 0
    outer loop
      vertex 4207.692307692308 -3461.538461538461 -128.2051282051282
      vertex 4211.894692166576 -3421.5554440735073 0
      vertex 4211.894692166576 -3421.5554440735073 -128.2051282051282
    endloop
  endfacet
  facet normal -0.9945218953682736 -0.10452846326764988 0
    outer loop
      vertex 4211.894692166576 -3501.5214790034147 -128.2051282051282
      vertex 4211.894692166576 -3501.5214790034147 0
      vertex 4207.692307692308 -3461.538461538461 0
    endloop
  endfacet
  facet normal -0.9945218953682736 0.10452846326764988 0
    outer loop
      vertex 4207.692307692308 -3461.538461538461 -128.2051282051282
      vertex 4207.692307692308 -3461.538461538461 0
      vertex 4211.894692166576 -3421.5554440735073 0
    endloop
  endfacet
  facet normal -0.7431448254773975 -0.6691306063588545 0
    outer loop
      vertex 4244.419808774049 -3574.5740869793212 -128.2051282051282
      vertex 4271.321037238681 -3604.4509279764216 -128.2051282051282
      vertex 4244.419808774049 -3574.5740869793212 0
    endloop
  endfacet
  facet normal -0.8660254037844356 -0.5000000000000051 0
    outer loop
      vertex 4244.419808774049 -3574.5740869793212 -128.2051282051282
      vertex 4224.318181222577 -3539.7570467453456 0
      vertex 4224.318181222577 -3539.7570467453456 -128.2051282051282
    endloop
  endfacet
  facet normal -0.8660254037844356 -0.5000000000000051 0
    outer loop
      vertex 4244.419808774049 -3574.5740869793212 -128.2051282051282
      vertex 4244.419808774049 -3574.5740869793212 0
      vertex 4224.318181222577 -3539.7570467453456 0
    endloop
  endfacet
  facet normal -0.9510565162951528 -0.30901699437494984 0
    outer loop
      vertex 4224.318181222577 -3539.7570467453456 -128.2051282051282
      vertex 4224.318181222577 -3539.7570467453456 0
      vertex 4211.894692166576 -3501.5214790034147 0
    endloop
  endfacet
  facet normal -0.7431448254773975 -0.6691306063588545 0
    outer loop
      vertex 4271.321037238681 -3604.4509279764216 -128.2051282051282
      vertex 4271.321037238681 -3604.4509279764216 0
      vertex 4244.419808774049 -3574.5740869793212 0
    endloop
  endfacet
  facet normal -0.9510565162951528 -0.30901699437494984 0
    outer loop
      vertex 4211.894692166576 -3501.5214790034147 -128.2051282051282
      vertex 4224.318181222577 -3539.7570467453456 -128.2051282051282
      vertex 4211.894692166576 -3501.5214790034147 0
    endloop
  endfacet
  facet normal -0.9510565162951528 0.30901699437494984 0
    outer loop
      vertex 4211.894692166576 -3421.5554440735073 -128.2051282051282
      vertex 4224.318181222577 -3383.3198763315763 0
      vertex 4224.318181222577 -3383.3198763315763 -128.2051282051282
    endloop
  endfacet
  facet normal -0.8660254037844356 0.5000000000000051 0
    outer loop
      vertex 4224.318181222577 -3383.3198763315763 -128.2051282051282
      vertex 4244.419808774049 -3348.5028360976007 0
      vertex 4244.419808774049 -3348.5028360976007 -128.2051282051282
    endloop
  endfacet
  facet normal -0.9510565162951528 0.30901699437494984 0
    outer loop
      vertex 4211.894692166576 -3421.5554440735073 -128.2051282051282
      vertex 4211.894692166576 -3421.5554440735073 0
      vertex 4224.318181222577 -3383.3198763315763 0
    endloop
  endfacet
  facet normal -0.8660254037844356 0.5000000000000051 0
    outer loop
      vertex 4224.318181222577 -3383.3198763315763 -128.2051282051282
      vertex 4224.318181222577 -3383.3198763315763 0
      vertex 4244.419808774049 -3348.5028360976007 0
    endloop
  endfacet
  facet normal -0.7431448254773975 0.6691306063588545 0
    outer loop
      vertex 4244.419808774049 -3348.5028360976007 -128.2051282051282
      vertex 4244.419808774049 -3348.5028360976007 0
      vertex 4271.321037238681 -3318.6259951005004 0
    endloop
  endfacet
  facet normal -0.7431448254773975 0.6691306063588545 0
    outer loop
      vertex 4244.419808774049 -3348.5028360976007 -128.2051282051282
      vertex 4271.321037238681 -3318.6259951005004 0
      vertex 4271.321037238681 -3318.6259951005004 -128.2051282051282
    endloop
  endfacet
  facet normal -0.5877852522924643 0.8090169943749539 0
    outer loop
      vertex 4271.321037238681 -3318.6259951005004 -128.2051282051282
      vertex 4303.846153846154 -3294.9951146568383 0
      vertex 4303.846153846154 -3294.9951146568383 -128.2051282051282
    endloop
  endfacet
  facet normal -0.5877852522924643 0.8090169943749539 0
    outer loop
      vertex 4271.321037238681 -3318.6259951005004 -128.2051282051282
      vertex 4271.321037238681 -3318.6259951005004 0
      vertex 4303.846153846154 -3294.9951146568383 0
    endloop
  endfacet
  facet normal -0.4067366430758114 0.913545457642596 0
    outer loop
      vertex 4303.846153846154 -3294.9951146568383 -128.2051282051282
      vertex 4340.5736549278945 -3278.6429776355467 0
      vertex 4340.5736549278945 -3278.6429776355467 -128.2051282051282
    endloop
  endfacet
  facet normal -0.20791169081775718 0.9781476007338061 0
    outer loop
      vertex 4340.5736549278945 -3278.6429776355467 -128.2051282051282
      vertex 4379.898372448528 -3270.284250890716 0
      vertex 4379.898372448528 -3270.284250890716 -128.2051282051282
    endloop
  endfacet
  facet normal -0.4067366430758114 0.913545457642596 0
    outer loop
      vertex 4303.846153846154 -3294.9951146568383 -128.2051282051282
      vertex 4303.846153846154 -3294.9951146568383 0
      vertex 4340.5736549278945 -3278.6429776355467 0
    endloop
  endfacet
  facet normal -0.20791169081775718 0.9781476007338061 0
    outer loop
      vertex 4340.5736549278945 -3278.6429776355467 -128.2051282051282
      vertex 4340.5736549278945 -3278.6429776355467 0
      vertex 4379.898372448528 -3270.284250890716 0
    endloop
  endfacet
  facet normal 0 1 0
    outer loop
      vertex 4379.898372448528 -3270.284250890716 -128.2051282051282
      vertex 4420.101627551472 -3270.284250890716 0
      vertex 4420.101627551472 -3270.284250890716 -128.2051282051282
    endloop
  endfacet
  facet normal 0.20791169081775718 0.9781476007338061 0
    outer loop
      vertex 4420.101627551472 -3270.284250890716 -128.2051282051282
      vertex 4459.4263450721055 -3278.6429776355467 0
      vertex 4459.4263450721055 -3278.6429776355467 -128.2051282051282
    endloop
  endfacet
  facet normal 0 1 0
    outer loop
      vertex 4379.898372448528 -3270.284250890716 -128.2051282051282
      vertex 4379.898372448528 -3270.284250890716 0
      vertex 4420.101627551472 -3270.284250890716 0
    endloop
  endfacet
  facet normal 0.20791169081775718 0.9781476007338061 0
    outer loop
      vertex 4420.101627551472 -3270.284250890716 -128.2051282051282
      vertex 4420.101627551472 -3270.284250890716 0
      vertex 4459.4263450721055 -3278.6429776355467 0
    endloop
  endfacet
  facet normal 0.7431448254773975 -0.6691306063588545 0
    outer loop
      vertex 4528.678962761319 -3604.4509279764216 -128.2051282051282
      vertex 4555.580191225951 -3574.5740869793212 -128.2051282051282
      vertex 4528.678962761319 -3604.4509279764216 0
    endloop
  endfacet
  facet normal 0.8660254037844356 -0.5000000000000051 0
    outer loop
      vertex 4555.580191225951 -3574.5740869793212 -128.2051282051282
      vertex 4575.681818777423 -3539.7570467453456 -128.2051282051282
      vertex 4555.580191225951 -3574.5740869793212 0
    endloop
  endfacet
  facet normal 0.9510565162951528 -0.30901699437494984 0
    outer loop
      vertex 4575.681818777423 -3539.7570467453456 -128.2051282051282
      vertex 4588.105307833424 -3501.5214790034147 -128.2051282051282
      vertex 4575.681818777423 -3539.7570467453456 0
    endloop
  endfacet
  facet normal 0.7431448254773975 -0.6691306063588545 0
    outer loop
      vertex 4555.580191225951 -3574.5740869793212 -128.2051282051282
      vertex 4555.580191225951 -3574.5740869793212 0
      vertex 4528.678962761319 -3604.4509279764216 0
    endloop
  endfacet
  facet normal 0.8660254037844356 -0.5000000000000051 0
    outer loop
      vertex 4575.681818777423 -3539.7570467453456 -128.2051282051282
      vertex 4575.681818777423 -3539.7570467453456 0
      vertex 4555.580191225951 -3574.5740869793212 0
    endloop
  endfacet
  facet normal 0.9945218953682736 -0.10452846326764988 0
    outer loop
      vertex 4588.105307833424 -3501.5214790034147 -128.2051282051282
      vertex 4592.307692307692 -3461.538461538461 -128.2051282051282
      vertex 4588.105307833424 -3501.5214790034147 0
    endloop
  endfacet
  facet normal 0.9945218953682736 0.10452846326764988 0
    outer loop
      vertex 4592.307692307692 -3461.538461538461 -128.2051282051282
      vertex 4588.105307833424 -3421.5554440735073 -128.2051282051282
      vertex 4592.307692307692 -3461.538461538461 0
    endloop
  endfacet
  facet normal 0.9510565162951528 -0.30901699437494984 0
    outer loop
      vertex 4588.105307833424 -3501.5214790034147 -128.2051282051282
      vertex 4588.105307833424 -3501.5214790034147 0
      vertex 4575.681818777423 -3539.7570467453456 0
    endloop
  endfacet
  facet normal 0.9945218953682736 -0.10452846326764988 0
    outer loop
      vertex 4592.307692307692 -3461.538461538461 -128.2051282051282
      vertex 4592.307692307692 -3461.538461538461 0
      vertex 4588.105307833424 -3501.5214790034147 0
    endloop
  endfacet
  facet normal 0.9945218953682736 0.10452846326764988 0
    outer loop
      vertex 4588.105307833424 -3421.5554440735073 -128.2051282051282
      vertex 4588.105307833424 -3421.5554440735073 0
      vertex 4592.307692307692 -3461.538461538461 0
    endloop
  endfacet
  facet normal 0.4067366430758114 0.913545457642596 0
    outer loop
      vertex 4459.4263450721055 -3278.6429776355467 -128.2051282051282
      vertex 4496.153846153846 -3294.9951146568383 0
      vertex 4496.153846153846 -3294.9951146568383 -128.2051282051282
    endloop
  endfacet
  facet normal 0.5877852522924643 0.8090169943749539 0
    outer loop
      vertex 4496.153846153846 -3294.9951146568383 -128.2051282051282
      vertex 4528.678962761319 -3318.6259951005004 0
      vertex 4528.678962761319 -3318.6259951005004 -128.2051282051282
    endloop
  endfacet
  facet normal 0.4067366430758114 0.913545457642596 0
    outer loop
      vertex 4459.4263450721055 -3278.6429776355467 -128.2051282051282
      vertex 4459.4263450721055 -3278.6429776355467 0
      vertex 4496.153846153846 -3294.9951146568383 0
    endloop
  endfacet
  facet normal 0.5877852522924643 0.8090169943749539 0
    outer loop
      vertex 4496.153846153846 -3294.9951146568383 -128.2051282051282
      vertex 4496.153846153846 -3294.9951146568383 0
      vertex 4528.678962761319 -3318.6259951005004 0
    endloop
  endfacet
  facet normal 0.7431448254773975 0.6691306063588545 0
    outer loop
      vertex 4528.678962761319 -3318.6259951005004 -128.2051282051282
      vertex 4528.678962761319 -3318.6259951005004 0
      vertex 4555.580191225951 -3348.5028360976007 0
    endloop
  endfacet
  facet normal 0.9510565162951528 0.30901699437494984 0
    outer loop
      vertex 4575.681818777423 -3383.3198763315763 -128.2051282051282
      vertex 4588.105307833424 -3421.5554440735073 0
      vertex 4588.105307833424 -3421.5554440735073 -128.2051282051282
    endloop
  endfacet
  facet normal 0.7431448254773975 0.6691306063588545 0
    outer loop
      vertex 4528.678962761319 -3318.6259951005004 -128.2051282051282
      vertex 4555.580191225951 -3348.5028360976007 0
      vertex 4555.580191225951 -3348.5028360976007 -128.2051282051282
    endloop
  endfacet
  facet normal 0.8660254037844356 0.5000000000000051 0
    outer loop
      vertex 4575.681818777423 -3383.3198763315763 -128.2051282051282
      vertex 4555.580191225951 -3348.5028360976007 -128.2051282051282
      vertex 4575.681818777423 -3383.3198763315763 0
    endloop
  endfacet
  facet normal 0.9510565162951528 0.30901699437494984 0
    outer loop
      vertex 4575.681818777423 -3383.3198763315763 -128.2051282051282
      vertex 4575.681818777423 -3383.3198763315763 0
      vertex 4588.105307833424 -3421.5554440735073 0
    endloop
  endfacet
  facet normal 0.8660254037844356 0.5000000000000051 0
    outer loop
      vertex 4555.580191225951 -3348.5028360976007 -128.2051282051282
      vertex 4555.580191225951 -3348.5028360976007 0
      vertex 4575.681818777423 -3383.3198763315763 0
    endloop
  endfacet
  facet normal 0 0 1
    outer loop
      vertex 4340.5736549278945 -3644.4339454413753 0
      vertex 4379.898372448528 -3652.792672186206 0
      vertex 4335.897435897436 -3525.641025641025 0
    endloop
  endfacet
  facet normal 0 0 1
    outer loop
      vertex 4379.898372448528 -3652.792672186206 0
      vertex 4420.101627551472 -3652.792672186206 0
      vertex 4335.897435897436 -3525.641025641025 0
    endloop
  endfacet
  facet normal 0 0 1
    outer loop
      vertex 4420.101627551472 -3652.792672186206 0
      vertex 4459.4263450721055 -3644.4339454413753 0
      vertex 4335.897435897436 -3525.641025641025 0
    endloop
  endfacet
  facet normal 0 0 1
    outer loop
      vertex 4211.894692166576 -3501.5214790034147 0
      vertex 4211.894692166576 -3421.5554440735073 0
      vertex 4207.692307692308 -3461.538461538461 0
    endloop
  endfacet
  facet normal 0 0 1
    outer loop
      vertex 4303.846153846154 -3628.0818084200837 0
      vertex 4271.321037238681 -3318.6259951005004 0
      vertex 4271.321037238681 -3604.4509279764216 0
    endloop
  endfacet
  facet normal 0 0 1
    outer loop
      vertex 4244.419808774049 -3574.5740869793212 0
      vertex 4224.318181222577 -3383.3198763315763 0
      vertex 4224.318181222577 -3539.7570467453456 0
    endloop
  endfacet
  facet normal 0 0 1
    outer loop
      vertex 4211.894692166576 -3501.5214790034147 0
      vertex 4224.318181222577 -3539.7570467453456 0
      vertex 4211.894692166576 -3421.5554440735073 0
    endloop
  endfacet
  facet normal 0 0 1
    outer loop
      vertex 4244.419808774049 -3574.5740869793212 0
      vertex 4271.321037238681 -3604.4509279764216 0
      vertex 4244.419808774049 -3348.5028360976007 0
    endloop
  endfacet
  facet normal 0 0 1
    outer loop
      vertex 4224.318181222577 -3539.7570467453456 0
      vertex 4224.318181222577 -3383.3198763315763 0
      vertex 4211.894692166576 -3421.5554440735073 0
    endloop
  endfacet
  facet normal 0 0 1
    outer loop
      vertex 4244.419808774049 -3574.5740869793212 0
      vertex 4244.419808774049 -3348.5028360976007 0
      vertex 4224.318181222577 -3383.3198763315763 0
    endloop
  endfacet
  facet normal 0 0 1
    outer loop
      vertex 4271.321037238681 -3604.4509279764216 0
      vertex 4271.321037238681 -3318.6259951005004 0
      vertex 4244.419808774049 -3348.5028360976007 0
    endloop
  endfacet
  facet normal 0 0 1
    outer loop
      vertex 4303.846153846154 -3628.0818084200837 0
      vertex 4303.846153846154 -3294.9951146568383 0
      vertex 4271.321037238681 -3318.6259951005004 0
    endloop
  endfacet
  facet normal 0 0 1
    outer loop
      vertex 4303.846153846154 -3628.0818084200837 0
      vertex 4340.5736549278945 -3644.4339454413753 0
      vertex 4303.846153846154 -3294.9951146568383 0
    endloop
  endfacet
  facet normal 0 0 1
    outer loop
      vertex 4340.5736549278945 -3644.4339454413753 0
      vertex 4335.897435897436 -3525.641025641025 0
      vertex 4303.846153846154 -3294.9951146568383 0
    endloop
  endfacet
  facet normal 0 0 1
    outer loop
      vertex 4459.4263450721055 -3644.4339454413753 0
      vertex 4496.153846153846 -3628.0818084200837 0
      vertex 4335.897435897436 -3525.641025641025 0
    endloop
  endfacet
  facet normal 0 0 1
    outer loop
      vertex 4496.153846153846 -3628.0818084200837 0
      vertex 4464.102564102564 -3525.641025641025 0
      vertex 4335.897435897436 -3525.641025641025 0
    endloop
  endfacet
  facet normal 0 0 1
    outer loop
      vertex 4335.897435897436 -3525.641025641025 0
      vertex 4335.897435897436 -3397.435897435897 0
      vertex 4303.846153846154 -3294.9951146568383 0
    endloop
  endfacet
  facet normal 0 0 1
    outer loop
      vertex 4335.897435897436 -3397.435897435897 0
      vertex 4464.102564102564 -3397.435897435897 0
      vertex 4303.846153846154 -3294.9951146568383 0
    endloop
  endfacet
  facet normal 0 0 1
    outer loop
      vertex 4303.846153846154 -3294.9951146568383 0
      vertex 4464.102564102564 -3397.435897435897 0
      vertex 4340.5736549278945 -3278.6429776355467 0
    endloop
  endfacet
  facet normal 0 0 1
    outer loop
      vertex 4340.5736549278945 -3278.6429776355467 0
      vertex 4464.102564102564 -3397.435897435897 0
      vertex 4379.898372448528 -3270.284250890716 0
    endloop
  endfacet
  facet normal 0 0 1
    outer loop
      vertex 4379.898372448528 -3270.284250890716 0
      vertex 4464.102564102564 -3397.435897435897 0
      vertex 4420.101627551472 -3270.284250890716 0
    endloop
  endfacet
  facet normal 0 0 1
    outer loop
      vertex 4420.101627551472 -3270.284250890716 0
      vertex 4464.102564102564 -3397.435897435897 0
      vertex 4459.4263450721055 -3278.6429776355467 0
    endloop
  endfacet
  facet normal 0 0 1
    outer loop
      vertex 4496.153846153846 -3628.0818084200837 0
      vertex 4464.102564102564 -3397.435897435897 0
      vertex 4464.102564102564 -3525.641025641025 0
    endloop
  endfacet
  facet normal 0 0 1
    outer loop
      vertex 4496.153846153846 -3628.0818084200837 0
      vertex 4459.4263450721055 -3278.6429776355467 0
      vertex 4464.102564102564 -3397.435897435897 0
    endloop
  endfacet
  facet normal 0 0 1
    outer loop
      vertex 4496.153846153846 -3628.0818084200837 0
      vertex 4528.678962761319 -3604.4509279764216 0
      vertex 4496.153846153846 -3294.9951146568383 0
    endloop
  endfacet
  facet normal 0 0 1
    outer loop
      vertex 4528.678962761319 -3604.4509279764216 0
      vertex 4555.580191225951 -3574.5740869793212 0
      vertex 4528.678962761319 -3318.6259951005004 0
    endloop
  endfacet
  facet normal 0 0 1
    outer loop
      vertex 4555.580191225951 -3574.5740869793212 0
      vertex 4575.681818777423 -3539.7570467453456 0
      vertex 4555.580191225951 -3348.5028360976007 0
    endloop
  endfacet
  facet normal 0 0 1
    outer loop
      vertex 4575.681818777423 -3539.7570467453456 0
      vertex 4588.105307833424 -3501.5214790034147 0
      vertex 4575.681818777423 -3383.3198763315763 0
    endloop
  endfacet
  facet normal 0 0 1
    outer loop
      vertex 4588.105307833424 -3501.5214790034147 0
      vertex 4588.105307833424 -3421.5554440735073 0
      vertex 4575.681818777423 -3383.3198763315763 0
    endloop
  endfacet
  facet normal 0 0 1
    outer loop
      vertex 4588.105307833424 -3501.5214790034147 0
      vertex 4592.307692307692 -3461.538461538461 0
      vertex 4588.105307833424 -3421.5554440735073 0
    endloop
  endfacet
  facet normal 0 0 1
    outer loop
      vertex 4496.153846153846 -3628.0818084200837 0
      vertex 4496.153846153846 -3294.9951146568383 0
      vertex 4459.4263450721055 -3278.6429776355467 0
    endloop
  endfacet
  facet normal 0 0 1
    outer loop
      vertex 4528.678962761319 -3604.4509279764216 0
      vertex 4528.678962761319 -3318.6259951005004 0
      vertex 4496.153846153846 -3294.9951146568383 0
    endloop
  endfacet
  facet normal 0 0 1
    outer loop
      vertex 4555.580191225951 -3574.5740869793212 0
      vertex 4555.580191225951 -3348.5028360976007 0
      vertex 4528.678962761319 -3318.6259951005004 0
    endloop
  endfacet
  facet normal 0 0 1
    outer loop
      vertex 4575.681818777423 -3539.7570467453456 0
      vertex 4575.681818777423 -3383.3198763315763 0
      vertex 4555.580191225951 -3348.5028360976007 0
    endloop
  endfacet
  facet normal 0 -1 0
    outer loop
      vertex 4335.897435897436 3397.435897435897 0
      vertex 4464.102564102564 3397.435897435897 0
      vertex 4335.897435897436 3397.435897435897 2871.128363363593
    endloop
  endfacet
  facet normal -1 0 0
    outer loop
      vertex 4335.897435897436 3397.435897435897 0
      vertex 4335.897435897436 3525.641025641025 2871.128363363593
      vertex 4335.897435897436 3525.641025641025 0
    endloop
  endfacet
  facet normal 0 1 0
    outer loop
      vertex 4335.897435897436 3525.641025641025 0
      vertex 4464.102564102564 3525.641025641025 2839.077081312311
      vertex 4464.102564102564 3525.641025641025 0
    endloop
  endfacet
  facet normal 1 0 0
    outer loop
      vertex 4464.102564102564 3397.435897435897 0
      vertex 4464.102564102564 3525.641025641025 0
      vertex 4464.102564102564 3397.435897435897 2839.077081312311
    endloop
  endfacet
  facet normal 0 -1 0
    outer loop
      vertex 4464.102564102564 3397.435897435897 0
      vertex 4464.102564102564 3397.435897435897 2839.077081312311
      vertex 4335.897435897436 3397.435897435897 2871.128363363593
    endloop
  endfacet
  facet normal -1 0 0
    outer loop
      vertex 4335.897435897436 3397.435897435897 0
      vertex 4335.897435897436 3397.435897435897 2871.128363363593
      vertex 4335.897435897436 3525.641025641025 2871.128363363593
    endloop
  endfacet
  facet normal 0 1 0
    outer loop
      vertex 4335.897435897436 3525.641025641025 0
      vertex 4335.897435897436 3525.641025641025 2871.128363363593
      vertex 4464.102564102564 3525.641025641025 2839.077081312311
    endloop
  endfacet
  facet normal 1 0 0
    outer loop
      vertex 4464.102564102564 3525.641025641025 0
      vertex 4464.102564102564 3525.641025641025 2839.077081312311
      vertex 4464.102564102564 3397.435897435897 2839.077081312311
    endloop
  endfacet
  facet normal 0 -1 0
    outer loop
      vertex 4335.897435897436 -3525.641025641025 0
      vertex 4464.102564102564 -3525.641025641025 0
      vertex 4335.897435897436 -3525.641025641025 2871.128363363593
    endloop
  endfacet
  facet normal -1 0 0
    outer loop
      vertex 4335.897435897436 -3525.641025641025 0
      vertex 4335.897435897436 -3397.435897435897 2871.128363363593
      vertex 4335.897435897436 -3397.435897435897 0
    endloop
  endfacet
  facet normal 0 1 0
    outer loop
      vertex 4335.897435897436 -3397.435897435897 0
      vertex 4464.102564102564 -3397.435897435897 2839.077081312311
      vertex 4464.102564102564 -3397.435897435897 0
    endloop
  endfacet
  facet normal 1 0 0
    outer loop
      vertex 4464.102564102564 -3525.641025641025 0
      vertex 4464.102564102564 -3397.435897435897 0
      vertex 4464.102564102564 -3525.641025641025 2839.077081312311
    endloop
  endfacet
  facet normal -1 0 0
    outer loop
      vertex 4335.897435897436 -3525.641025641025 0
      vertex 4335.897435897436 -3525.641025641025 2871.128363363593
      vertex 4335.897435897436 -3397.435897435897 2871.128363363593
    endloop
  endfacet
  facet normal 0 -1 0
    outer loop
      vertex 4464.102564102564 -3525.641025641025 0
      vertex 4464.102564102564 -3525.641025641025 2839.077081312311
      vertex 4335.897435897436 -3525.641025641025 2871.128363363593
    endloop
  endfacet
  facet normal 0 1 0
    outer loop
      vertex 4335.897435897436 -3397.435897435897 0
      vertex 4335.897435897436 -3397.435897435897 2871.128363363593
      vertex 4464.102564102564 -3397.435897435897 2839.077081312311
    endloop
  endfacet
  facet normal 1 0 0
    outer loop
      vertex 4464.102564102564 -3397.435897435897 0
      vertex 4464.102564102564 -3397.435897435897 2839.077081312311
      vertex 4464.102564102564 -3525.641025641025 2839.077081312311
    endloop
  endfacet
  facet normal 0 0 -1
    outer loop
      vertex 2083.333333333333 -544.8717948717949 3750.000000000001
      vertex 2083.333333333333 544.8717948717949 3750.000000000001
      vertex 2115.3846153846152 -544.8717948717949 3750.000000000001
    endloop
  endfacet
  facet normal 0 0 -1
    outer loop
      vertex 2339.74358974359 -544.8717948717949 3750.000000000001
      vertex 2307.6923076923076 -544.8717948717949 3750.000000000001
      vertex 2307.6923076923076 544.8717948717949 3750.000000000001
    endloop
  endfacet
  facet normal 0 -1 0
    outer loop
      vertex 2083.333333333333 -544.8717948717949 3750.000000000001
      vertex 2115.3846153846152 -544.8717948717949 3750.000000000001
      vertex 2115.3846153846152 -544.8717948717949 4230.769230769231
    endloop
  endfacet
  facet normal 0 -1 0
    outer loop
      vertex 2083.333333333333 -544.8717948717949 3750.000000000001
      vertex 2115.3846153846152 -544.8717948717949 4230.769230769231
      vertex 2083.333333333333 -544.8717948717949 4230.769230769231
    endloop
  endfacet
  facet normal -1 0 0
    outer loop
      vertex 2083.333333333333 -544.8717948717949 3750.000000000001
      vertex 2083.333333333333 -544.8717948717949 4230.769230769231
      vertex 2083.333333333333 544.8717948717949 4230.769230769231
    endloop
  endfacet
  facet normal 0 -1 0
    outer loop
      vertex 2339.74358974359 -544.8717948717949 3750.000000000001
      vertex 2339.74358974359 -544.8717948717949 4230.769230769231
      vertex 2307.6923076923076 -544.8717948717949 3750.000000000001
    endloop
  endfacet
  facet normal 0 -1 0
    outer loop
      vertex 2339.74358974359 -544.8717948717949 4230.769230769231
      vertex 2307.6923076923076 -544.8717948717949 4230.769230769231
      vertex 2307.6923076923076 -544.8717948717949 3750.000000000001
    endloop
  endfacet
  facet normal 1 0 0
    outer loop
      vertex 2339.74358974359 -544.8717948717949 3750.000000000001
      vertex 2339.74358974359 544.8717948717949 3750.000000000001
      vertex 2339.74358974359 -544.8717948717949 4230.769230769231
    endloop
  endfacet
  facet normal 0 0 1
    outer loop
      vertex 2083.333333333333 -544.8717948717949 4230.769230769231
      vertex 2115.3846153846152 -544.8717948717949 4230.769230769231
      vertex 2115.3846153846152 544.8717948717949 4230.769230769231
    endloop
  endfacet
  facet normal 0 0 1
    outer loop
      vertex 2339.74358974359 -544.8717948717949 4230.769230769231
      vertex 2339.74358974359 544.8717948717949 4230.769230769231
      vertex 2307.6923076923076 -544.8717948717949 4230.769230769231
    endloop
  endfacet
  facet normal 0 0 -1
    outer loop
      vertex 2083.333333333333 544.8717948717949 3750.000000000001
      vertex 2115.3846153846152 544.8717948717949 3750.000000000001
      vertex 2115.3846153846152 -544.8717948717949 3750.000000000001
    endloop
  endfacet
  facet normal 0 0 -1
    outer loop
      vertex 2339.74358974359 -544.8717948717949 3750.000000000001
      vertex 2307.6923076923076 544.8717948717949 3750.000000000001
      vertex 2339.74358974359 544.8717948717949 3750.000000000001
    endloop
  endfacet
  facet normal -1 0 0
    outer loop
      vertex 2083.333333333333 -544.8717948717949 3750.000000000001
      vertex 2083.333333333333 544.8717948717949 4230.769230769231
      vertex 2083.333333333333 544.8717948717949 3750.000000000001
    endloop
  endfacet
  facet normal 0 1 0
    outer loop
      vertex 2083.333333333333 544.8717948717949 3750.000000000001
      vertex 2083.333333333333 544.8717948717949 4230.769230769231
      vertex 2115.3846153846152 544.8717948717949 3750.000000000001
    endloop
  endfacet
  facet normal 0 1 0
    outer loop
      vertex 2083.333333333333 544.8717948717949 4230.769230769231
      vertex 2115.3846153846152 544.8717948717949 4230.769230769231
      vertex 2115.3846153846152 544.8717948717949 3750.000000000001
    endloop
  endfacet
  facet normal 1 0 0
    outer loop
      vertex 2339.74358974359 -544.8717948717949 4230.769230769231
      vertex 2339.74358974359 544.8717948717949 3750.000000000001
      vertex 2339.74358974359 544.8717948717949 4230.769230769231
    endloop
  endfacet
  facet normal 0 1 0
    outer loop
      vertex 2339.74358974359 544.8717948717949 3750.000000000001
      vertex 2307.6923076923076 544.8717948717949 3750.000000000001
      vertex 2307.6923076923076 544.8717948717949 4230.769230769231
    endloop
  endfacet
  facet normal 0 1 0
    outer loop
      vertex 2339.74358974359 544.8717948717949 3750.000000000001
      vertex 2307.6923076923076 544.8717948717949 4230.769230769231
      vertex 2339.74358974359 544.8717948717949 4230.769230769231
    endloop
  endfacet
  facet normal 0 0 1
    outer loop
      vertex 2083.333333333333 -544.8717948717949 4230.769230769231
      vertex 2115.3846153846152 544.8717948717949 4230.769230769231
      vertex 2083.333333333333 544.8717948717949 4230.769230769231
    endloop
  endfacet
  facet normal 0 0 1
    outer loop
      vertex 2339.74358974359 544.8717948717949 4230.769230769231
      vertex 2307.6923076923076 544.8717948717949 4230.769230769231
      vertex 2307.6923076923076 -544.8717948717949 4230.769230769231
    endloop
  endfacet
  facet normal 0 0 -1
    outer loop
      vertex -2339.74358974359 -544.8717948717949 2692.3076923076924
      vertex -2339.74358974359 544.8717948717949 2692.3076923076924
      vertex -2307.6923076923076 -544.8717948717949 2692.3076923076924
    endloop
  endfacet
  facet normal 0 0 -1
    outer loop
      vertex -2083.333333333333 -544.8717948717949 2692.3076923076924
      vertex -2115.3846153846152 -544.8717948717949 2692.3076923076924
      vertex -2115.3846153846152 544.8717948717949 2692.3076923076924
    endloop
  endfacet
  facet normal 0 -1 0
    outer loop
      vertex -2339.74358974359 -544.8717948717949 2692.3076923076924
      vertex -2307.6923076923076 -544.8717948717949 2692.3076923076924
      vertex -2307.6923076923076 -544.8717948717949 3173.076923076923
    endloop
  endfacet
  facet normal 0 -1 0
    outer loop
      vertex -2339.74358974359 -544.8717948717949 2692.3076923076924
      vertex -2307.6923076923076 -544.8717948717949 3173.076923076923
      vertex -2339.74358974359 -544.8717948717949 3173.076923076923
    endloop
  endfacet
  facet normal -1 0 0
    outer loop
      vertex -2339.74358974359 -544.8717948717949 2692.3076923076924
      vertex -2339.74358974359 -544.8717948717949 3173.076923076923
      vertex -2339.74358974359 544.8717948717949 3173.076923076923
    endloop
  endfacet
  facet normal 0 -1 0
    outer loop
      vertex -2083.333333333333 -544.8717948717949 2692.3076923076924
      vertex -2083.333333333333 -544.8717948717949 3173.076923076923
      vertex -2115.3846153846152 -544.8717948717949 2692.3076923076924
    endloop
  endfacet
  facet normal 0 -1 0
    outer loop
      vertex -2083.333333333333 -544.8717948717949 3173.076923076923
      vertex -2115.3846153846152 -544.8717948717949 3173.076923076923
      vertex -2115.3846153846152 -544.8717948717949 2692.3076923076924
    endloop
  endfacet
  facet normal 1 0 0
    outer loop
      vertex -2083.333333333333 -544.8717948717949 2692.3076923076924
      vertex -2083.333333333333 544.8717948717949 2692.3076923076924
      vertex -2083.333333333333 -544.8717948717949 3173.076923076923
    endloop
  endfacet
  facet normal 0 0 1
    outer loop
      vertex -2339.74358974359 -544.8717948717949 3173.076923076923
      vertex -2307.6923076923076 -544.8717948717949 3173.076923076923
      vertex -2307.6923076923076 544.8717948717949 3173.076923076923
    endloop
  endfacet
  facet normal 0 0 1
    outer loop
      vertex -2083.333333333333 -544.8717948717949 3173.076923076923
      vertex -2083.333333333333 544.8717948717949 3173.076923076923
      vertex -2115.3846153846152 -544.8717948717949 3173.076923076923
    endloop
  endfacet
  facet normal 0 0 -1
    outer loop
      vertex -2339.74358974359 544.8717948717949 2692.3076923076924
      vertex -2307.6923076923076 544.8717948717949 2692.3076923076924
      vertex -2307.6923076923076 -544.8717948717949 2692.3076923076924
    endloop
  endfacet
  facet normal 0 0 -1
    outer loop
      vertex -2083.333333333333 -544.8717948717949 2692.3076923076924
      vertex -2115.3846153846152 544.8717948717949 2692.3076923076924
      vertex -2083.333333333333 544.8717948717949 2692.3076923076924
    endloop
  endfacet
  facet normal -1 0 0
    outer loop
      vertex -2339.74358974359 -544.8717948717949 2692.3076923076924
      vertex -2339.74358974359 544.8717948717949 3173.076923076923
      vertex -2339.74358974359 544.8717948717949 2692.3076923076924
    endloop
  endfacet
  facet normal 0 1 0
    outer loop
      vertex -2339.74358974359 544.8717948717949 2692.3076923076924
      vertex -2339.74358974359 544.8717948717949 3173.076923076923
      vertex -2307.6923076923076 544.8717948717949 2692.3076923076924
    endloop
  endfacet
  facet normal 0 1 0
    outer loop
      vertex -2339.74358974359 544.8717948717949 3173.076923076923
      vertex -2307.6923076923076 544.8717948717949 3173.076923076923
      vertex -2307.6923076923076 544.8717948717949 2692.3076923076924
    endloop
  endfacet
  facet normal 1 0 0
    outer loop
      vertex -2083.333333333333 -544.8717948717949 3173.076923076923
      vertex -2083.333333333333 544.8717948717949 2692.3076923076924
      vertex -2083.333333333333 544.8717948717949 3173.076923076923
    endloop
  endfacet
  facet normal 0 1 0
    outer loop
      vertex -2083.333333333333 544.8717948717949 2692.3076923076924
      vertex -2115.3846153846152 544.8717948717949 2692.3076923076924
      vertex -2115.3846153846152 544.8717948717949 3173.076923076923
    endloop
  endfacet
  facet normal 0 1 0
    outer loop
      vertex -2083.333333333333 544.8717948717949 2692.3076923076924
      vertex -2115.3846153846152 544.8717948717949 3173.076923076923
      vertex -2083.333333333333 544.8717948717949 3173.076923076923
    endloop
  endfacet
  facet normal 0 0 1
    outer loop
      vertex -2339.74358974359 -544.8717948717949 3173.076923076923
      vertex -2307.6923076923076 544.8717948717949 3173.076923076923
      vertex -2339.74358974359 544.8717948717949 3173.076923076923
    endloop
  endfacet
  facet normal 0 0 1
    outer loop
      vertex -2083.333333333333 544.8717948717949 3173.076923076923
      vertex -2115.3846153846152 544.8717948717949 3173.076923076923
      vertex -2115.3846153846152 -544.8717948717949 3173.076923076923
    endloop
  endfacet
  facet normal 0 0 -1
    outer loop
      vertex 2083.333333333333 -2660.25641025641 3750.000000000001
      vertex 2083.333333333333 -1570.5128205128203 3750.000000000001
      vertex 2115.3846153846152 -2660.25641025641 3750.000000000001
    endloop
  endfacet
  facet normal 0 0 -1
    outer loop
      vertex 2339.74358974359 -2660.25641025641 3750.000000000001
      vertex 2307.6923076923076 -2660.25641025641 3750.000000000001
      vertex 2307.6923076923076 -1570.5128205128203 3750.000000000001
    endloop
  endfacet
  facet normal 0 -1 0
    outer loop
      vertex 2083.333333333333 -2660.25641025641 3750.000000000001
      vertex 2115.3846153846152 -2660.25641025641 3750.000000000001
      vertex 2115.3846153846152 -2660.25641025641 4230.769230769231
    endloop
  endfacet
  facet normal 0 -1 0
    outer loop
      vertex 2083.333333333333 -2660.25641025641 3750.000000000001
      vertex 2115.3846153846152 -2660.25641025641 4230.769230769231
      vertex 2083.333333333333 -2660.25641025641 4230.769230769231
    endloop
  endfacet
  facet normal -1 0 0
    outer loop
      vertex 2083.333333333333 -2660.25641025641 3750.000000000001
      vertex 2083.333333333333 -2660.25641025641 4230.769230769231
      vertex 2083.333333333333 -1570.5128205128203 4230.769230769231
    endloop
  endfacet
  facet normal 0 -1 0
    outer loop
      vertex 2339.74358974359 -2660.25641025641 3750.000000000001
      vertex 2339.74358974359 -2660.25641025641 4230.769230769231
      vertex 2307.6923076923076 -2660.25641025641 3750.000000000001
    endloop
  endfacet
  facet normal 0 -1 0
    outer loop
      vertex 2339.74358974359 -2660.25641025641 4230.769230769231
      vertex 2307.6923076923076 -2660.25641025641 4230.769230769231
      vertex 2307.6923076923076 -2660.25641025641 3750.000000000001
    endloop
  endfacet
  facet normal 1 0 0
    outer loop
      vertex 2339.74358974359 -2660.25641025641 3750.000000000001
      vertex 2339.74358974359 -1570.5128205128203 3750.000000000001
      vertex 2339.74358974359 -2660.25641025641 4230.769230769231
    endloop
  endfacet
  facet normal 0 0 -1
    outer loop
      vertex 2083.333333333333 -1570.5128205128203 3750.000000000001
      vertex 2115.3846153846152 -1570.5128205128203 3750.000000000001
      vertex 2115.3846153846152 -2660.25641025641 3750.000000000001
    endloop
  endfacet
  facet normal 0 0 -1
    outer loop
      vertex 2339.74358974359 -2660.25641025641 3750.000000000001
      vertex 2307.6923076923076 -1570.5128205128203 3750.000000000001
      vertex 2339.74358974359 -1570.5128205128203 3750.000000000001
    endloop
  endfacet
  facet normal -1 0 0
    outer loop
      vertex 2083.333333333333 -2660.25641025641 3750.000000000001
      vertex 2083.333333333333 -1570.5128205128203 4230.769230769231
      vertex 2083.333333333333 -1570.5128205128203 3750.000000000001
    endloop
  endfacet
  facet normal 0 1 0
    outer loop
      vertex 2083.333333333333 -1570.5128205128203 3750.000000000001
      vertex 2083.333333333333 -1570.5128205128203 4230.769230769231
      vertex 2115.3846153846152 -1570.5128205128203 3750.000000000001
    endloop
  endfacet
  facet normal 0 1 0
    outer loop
      vertex 2083.333333333333 -1570.5128205128203 4230.769230769231
      vertex 2115.3846153846152 -1570.5128205128203 4230.769230769231
      vertex 2115.3846153846152 -1570.5128205128203 3750.000000000001
    endloop
  endfacet
  facet normal 1 0 0
    outer loop
      vertex 2339.74358974359 -1570.5128205128203 3750.000000000001
      vertex 2339.74358974359 -1570.5128205128203 4230.769230769231
      vertex 2339.74358974359 -2660.25641025641 4230.769230769231
    endloop
  endfacet
  facet normal 0 1 0
    outer loop
      vertex 2339.74358974359 -1570.5128205128203 3750.000000000001
      vertex 2307.6923076923076 -1570.5128205128203 3750.000000000001
      vertex 2339.74358974359 -1570.5128205128203 4230.769230769231
    endloop
  endfacet
  facet normal 0 1 0
    outer loop
      vertex 2339.74358974359 -1570.5128205128203 4230.769230769231
      vertex 2307.6923076923076 -1570.5128205128203 3750.000000000001
      vertex 2307.6923076923076 -1570.5128205128203 4230.769230769231
    endloop
  endfacet
  facet normal 0 0 1
    outer loop
      vertex 2083.333333333333 -2660.25641025641 4230.769230769231
      vertex 2115.3846153846152 -2660.25641025641 4230.769230769231
      vertex 2115.3846153846152 -1570.5128205128203 4230.769230769231
    endloop
  endfacet
  facet normal 0 0 1
    outer loop
      vertex 2339.74358974359 -2660.25641025641 4230.769230769231
      vertex 2339.74358974359 -1570.5128205128203 4230.769230769231
      vertex 2307.6923076923076 -2660.25641025641 4230.769230769231
    endloop
  endfacet
  facet normal 0 0 1
    outer loop
      vertex 2083.333333333333 -2660.25641025641 4230.769230769231
      vertex 2115.3846153846152 -1570.5128205128203 4230.769230769231
      vertex 2083.333333333333 -1570.5128205128203 4230.769230769231
    endloop
  endfacet
  facet normal 0 0 1
    outer loop
      vertex 2339.74358974359 -1570.5128205128203 4230.769230769231
      vertex 2307.6923076923076 -1570.5128205128203 4230.769230769231
      vertex 2307.6923076923076 -2660.25641025641 4230.769230769231
    endloop
  endfacet
  facet normal 0 0 -1
    outer loop
      vertex -2339.74358974359 -2660.25641025641 2692.3076923076924
      vertex -2339.74358974359 -1570.5128205128203 2692.3076923076924
      vertex -2307.6923076923076 -2660.25641025641 2692.3076923076924
    endloop
  endfacet
  facet normal 0 0 -1
    outer loop
      vertex -2083.333333333333 -2660.25641025641 2692.3076923076924
      vertex -2115.3846153846152 -2660.25641025641 2692.3076923076924
      vertex -2115.3846153846152 -1570.5128205128203 2692.3076923076924
    endloop
  endfacet
  facet normal 0 0 -1
    outer loop
      vertex -2339.74358974359 -1570.5128205128203 2692.3076923076924
      vertex -2307.6923076923076 -1570.5128205128203 2692.3076923076924
      vertex -2307.6923076923076 -2660.25641025641 2692.3076923076924
    endloop
  endfacet
  facet normal 0 0 -1
    outer loop
      vertex -2083.333333333333 -2660.25641025641 2692.3076923076924
      vertex -2115.3846153846152 -1570.5128205128203 2692.3076923076924
      vertex -2083.333333333333 -1570.5128205128203 2692.3076923076924
    endloop
  endfacet
  facet normal 0 -1 0
    outer loop
      vertex -2339.74358974359 -2660.25641025641 2692.3076923076924
      vertex -2307.6923076923076 -2660.25641025641 2692.3076923076924
      vertex -2307.6923076923076 -2660.25641025641 3173.076923076923
    endloop
  endfacet
  facet normal 0 -1 0
    outer loop
      vertex -2339.74358974359 -2660.25641025641 2692.3076923076924
      vertex -2307.6923076923076 -2660.25641025641 3173.076923076923
      vertex -2339.74358974359 -2660.25641025641 3173.076923076923
    endloop
  endfacet
  facet normal -1 0 0
    outer loop
      vertex -2339.74358974359 -2660.25641025641 2692.3076923076924
      vertex -2339.74358974359 -2660.25641025641 3173.076923076923
      vertex -2339.74358974359 -1570.5128205128203 3173.076923076923
    endloop
  endfacet
  facet normal 0 -1 0
    outer loop
      vertex -2083.333333333333 -2660.25641025641 2692.3076923076924
      vertex -2083.333333333333 -2660.25641025641 3173.076923076923
      vertex -2115.3846153846152 -2660.25641025641 2692.3076923076924
    endloop
  endfacet
  facet normal 0 -1 0
    outer loop
      vertex -2083.333333333333 -2660.25641025641 3173.076923076923
      vertex -2115.3846153846152 -2660.25641025641 3173.076923076923
      vertex -2115.3846153846152 -2660.25641025641 2692.3076923076924
    endloop
  endfacet
  facet normal 1 0 0
    outer loop
      vertex -2083.333333333333 -2660.25641025641 2692.3076923076924
      vertex -2083.333333333333 -1570.5128205128203 2692.3076923076924
      vertex -2083.333333333333 -2660.25641025641 3173.076923076923
    endloop
  endfacet
  facet normal 0 0 1
    outer loop
      vertex -2339.74358974359 -2660.25641025641 3173.076923076923
      vertex -2307.6923076923076 -2660.25641025641 3173.076923076923
      vertex -2307.6923076923076 -1570.5128205128203 3173.076923076923
    endloop
  endfacet
  facet normal 0 0 1
    outer loop
      vertex -2083.333333333333 -2660.25641025641 3173.076923076923
      vertex -2083.333333333333 -1570.5128205128203 3173.076923076923
      vertex -2115.3846153846152 -2660.25641025641 3173.076923076923
    endloop
  endfacet
  facet normal -1 0 0
    outer loop
      vertex -2339.74358974359 -2660.25641025641 2692.3076923076924
      vertex -2339.74358974359 -1570.5128205128203 3173.076923076923
      vertex -2339.74358974359 -1570.5128205128203 2692.3076923076924
    endloop
  endfacet
  facet normal 0 1 0
    outer loop
      vertex -2339.74358974359 -1570.5128205128203 2692.3076923076924
      vertex -2339.74358974359 -1570.5128205128203 3173.076923076923
      vertex -2307.6923076923076 -1570.5128205128203 2692.3076923076924
    endloop
  endfacet
  facet normal 0 1 0
    outer loop
      vertex -2339.74358974359 -1570.5128205128203 3173.076923076923
      vertex -2307.6923076923076 -1570.5128205128203 3173.076923076923
      vertex -2307.6923076923076 -1570.5128205128203 2692.3076923076924
    endloop
  endfacet
  facet normal 1 0 0
    outer loop
      vertex -2083.333333333333 -2660.25641025641 3173.076923076923
      vertex -2083.333333333333 -1570.5128205128203 2692.3076923076924
      vertex -2083.333333333333 -1570.5128205128203 3173.076923076923
    endloop
  endfacet
  facet normal 0 1 0
    outer loop
      vertex -2083.333333333333 -1570.5128205128203 2692.3076923076924
      vertex -2115.3846153846152 -1570.5128205128203 2692.3076923076924
      vertex -2115.3846153846152 -1570.5128205128203 3173.076923076923
    endloop
  endfacet
  facet normal 0 1 0
    outer loop
      vertex -2083.333333333333 -1570.5128205128203 2692.3076923076924
      vertex -2115.3846153846152 -1570.5128205128203 3173.076923076923
      vertex -2083.333333333333 -1570.5128205128203 3173.076923076923
    endloop
  endfacet
  facet normal 0 0 1
    outer loop
      vertex -2339.74358974359 -2660.25641025641 3173.076923076923
      vertex -2307.6923076923076 -1570.5128205128203 3173.076923076923
      vertex -2339.74358974359 -1570.5128205128203 3173.076923076923
    endloop
  endfacet
  facet normal 0 0 1
    outer loop
      vertex -2083.333333333333 -1570.5128205128203 3173.076923076923
      vertex -2115.3846153846152 -1570.5128205128203 3173.076923076923
      vertex -2115.3846153846152 -2660.25641025641 3173.076923076923
    endloop
  endfacet
  facet normal 0 0 -1
    outer loop
      vertex 2083.333333333333 1570.5128205128203 3750.000000000001
      vertex 2083.333333333333 2660.25641025641 3750.000000000001
      vertex 2115.3846153846152 1570.5128205128203 3750.000000000001
    endloop
  endfacet
  facet normal 0 0 -1
    outer loop
      vertex 2339.74358974359 1570.5128205128203 3750.000000000001
      vertex 2307.6923076923076 1570.5128205128203 3750.000000000001
      vertex 2307.6923076923076 2660.25641025641 3750.000000000001
    endloop
  endfacet
  facet normal 0 -1 0
    outer loop
      vertex 2083.333333333333 1570.5128205128203 3750.000000000001
      vertex 2115.3846153846152 1570.5128205128203 3750.000000000001
      vertex 2115.3846153846152 1570.5128205128203 4230.769230769231
    endloop
  endfacet
  facet normal 0 -1 0
    outer loop
      vertex 2083.333333333333 1570.5128205128203 3750.000000000001
      vertex 2115.3846153846152 1570.5128205128203 4230.769230769231
      vertex 2083.333333333333 1570.5128205128203 4230.769230769231
    endloop
  endfacet
  facet normal -1 0 0
    outer loop
      vertex 2083.333333333333 1570.5128205128203 3750.000000000001
      vertex 2083.333333333333 1570.5128205128203 4230.769230769231
      vertex 2083.333333333333 2660.25641025641 4230.769230769231
    endloop
  endfacet
  facet normal 0 -1 0
    outer loop
      vertex 2339.74358974359 1570.5128205128203 3750.000000000001
      vertex 2339.74358974359 1570.5128205128203 4230.769230769231
      vertex 2307.6923076923076 1570.5128205128203 3750.000000000001
    endloop
  endfacet
  facet normal 0 -1 0
    outer loop
      vertex 2339.74358974359 1570.5128205128203 4230.769230769231
      vertex 2307.6923076923076 1570.5128205128203 4230.769230769231
      vertex 2307.6923076923076 1570.5128205128203 3750.000000000001
    endloop
  endfacet
  facet normal 1 0 0
    outer loop
      vertex 2339.74358974359 1570.5128205128203 3750.000000000001
      vertex 2339.74358974359 2660.25641025641 3750.000000000001
      vertex 2339.74358974359 1570.5128205128203 4230.769230769231
    endloop
  endfacet
  facet normal 0 0 -1
    outer loop
      vertex 2083.333333333333 2660.25641025641 3750.000000000001
      vertex 2115.3846153846152 2660.25641025641 3750.000000000001
      vertex 2115.3846153846152 1570.5128205128203 3750.000000000001
    endloop
  endfacet
  facet normal 0 0 -1
    outer loop
      vertex 2339.74358974359 1570.5128205128203 3750.000000000001
      vertex 2307.6923076923076 2660.25641025641 3750.000000000001
      vertex 2339.74358974359 2660.25641025641 3750.000000000001
    endloop
  endfacet
  facet normal -1 0 0
    outer loop
      vertex 2083.333333333333 1570.5128205128203 3750.000000000001
      vertex 2083.333333333333 2660.25641025641 4230.769230769231
      vertex 2083.333333333333 2660.25641025641 3750.000000000001
    endloop
  endfacet
  facet normal 0 1 0
    outer loop
      vertex 2083.333333333333 2660.25641025641 3750.000000000001
      vertex 2083.333333333333 2660.25641025641 4230.769230769231
      vertex 2115.3846153846152 2660.25641025641 3750.000000000001
    endloop
  endfacet
  facet normal 0 1 0
    outer loop
      vertex 2083.333333333333 2660.25641025641 4230.769230769231
      vertex 2115.3846153846152 2660.25641025641 4230.769230769231
      vertex 2115.3846153846152 2660.25641025641 3750.000000000001
    endloop
  endfacet
  facet normal 1 0 0
    outer loop
      vertex 2339.74358974359 2660.25641025641 3750.000000000001
      vertex 2339.74358974359 2660.25641025641 4230.769230769231
      vertex 2339.74358974359 1570.5128205128203 4230.769230769231
    endloop
  endfacet
  facet normal 0 1 0
    outer loop
      vertex 2339.74358974359 2660.25641025641 3750.000000000001
      vertex 2307.6923076923076 2660.25641025641 3750.000000000001
      vertex 2307.6923076923076 2660.25641025641 4230.769230769231
    endloop
  endfacet
  facet normal 0 1 0
    outer loop
      vertex 2339.74358974359 2660.25641025641 3750.000000000001
      vertex 2307.6923076923076 2660.25641025641 4230.769230769231
      vertex 2339.74358974359 2660.25641025641 4230.769230769231
    endloop
  endfacet
  facet normal 0 0 1
    outer loop
      vertex 2083.333333333333 1570.5128205128203 4230.769230769231
      vertex 2115.3846153846152 1570.5128205128203 4230.769230769231
      vertex 2115.3846153846152 2660.25641025641 4230.769230769231
    endloop
  endfacet
  facet normal 0 0 1
    outer loop
      vertex 2339.74358974359 1570.5128205128203 4230.769230769231
      vertex 2339.74358974359 2660.25641025641 4230.769230769231
      vertex 2307.6923076923076 1570.5128205128203 4230.769230769231
    endloop
  endfacet
  facet normal 0 0 1
    outer loop
      vertex 2083.333333333333 1570.5128205128203 4230.769230769231
      vertex 2115.3846153846152 2660.25641025641 4230.769230769231
      vertex 2083.333333333333 2660.25641025641 4230.769230769231
    endloop
  endfacet
  facet normal 0 0 1
    outer loop
      vertex 2339.74358974359 2660.25641025641 4230.769230769231
      vertex 2307.6923076923076 2660.25641025641 4230.769230769231
      vertex 2307.6923076923076 1570.5128205128203 4230.769230769231
    endloop
  endfacet
  facet normal 0 0 -1
    outer loop
      vertex -2339.74358974359 1570.5128205128203 2692.3076923076924
      vertex -2339.74358974359 2660.25641025641 2692.3076923076924
      vertex -2307.6923076923076 1570.5128205128203 2692.3076923076924
    endloop
  endfacet
  facet normal 0 0 -1
    outer loop
      vertex -2083.333333333333 1570.5128205128203 2692.3076923076924
      vertex -2115.3846153846152 1570.5128205128203 2692.3076923076924
      vertex -2115.3846153846152 2660.25641025641 2692.3076923076924
    endloop
  endfacet
  facet normal 0 0 -1
    outer loop
      vertex -2339.74358974359 2660.25641025641 2692.3076923076924
      vertex -2307.6923076923076 2660.25641025641 2692.3076923076924
      vertex -2307.6923076923076 1570.5128205128203 2692.3076923076924
    endloop
  endfacet
  facet normal 0 0 -1
    outer loop
      vertex -2083.333333333333 1570.5128205128203 2692.3076923076924
      vertex -2115.3846153846152 2660.25641025641 2692.3076923076924
      vertex -2083.333333333333 2660.25641025641 2692.3076923076924
    endloop
  endfacet
  facet normal 0 -1 0
    outer loop
      vertex -2339.74358974359 1570.5128205128203 2692.3076923076924
      vertex -2307.6923076923076 1570.5128205128203 2692.3076923076924
      vertex -2307.6923076923076 1570.5128205128203 3173.076923076923
    endloop
  endfacet
  facet normal 0 -1 0
    outer loop
      vertex -2339.74358974359 1570.5128205128203 2692.3076923076924
      vertex -2307.6923076923076 1570.5128205128203 3173.076923076923
      vertex -2339.74358974359 1570.5128205128203 3173.076923076923
    endloop
  endfacet
  facet normal -1 0 0
    outer loop
      vertex -2339.74358974359 1570.5128205128203 2692.3076923076924
      vertex -2339.74358974359 1570.5128205128203 3173.076923076923
      vertex -2339.74358974359 2660.25641025641 3173.076923076923
    endloop
  endfacet
  facet normal 0 -1 0
    outer loop
      vertex -2083.333333333333 1570.5128205128203 2692.3076923076924
      vertex -2083.333333333333 1570.5128205128203 3173.076923076923
      vertex -2115.3846153846152 1570.5128205128203 2692.3076923076924
    endloop
  endfacet
  facet normal 0 -1 0
    outer loop
      vertex -2083.333333333333 1570.5128205128203 3173.076923076923
      vertex -2115.3846153846152 1570.5128205128203 3173.076923076923
      vertex -2115.3846153846152 1570.5128205128203 2692.3076923076924
    endloop
  endfacet
  facet normal 1 0 0
    outer loop
      vertex -2083.333333333333 1570.5128205128203 2692.3076923076924
      vertex -2083.333333333333 2660.25641025641 2692.3076923076924
      vertex -2083.333333333333 1570.5128205128203 3173.076923076923
    endloop
  endfacet
  facet normal 0 0 1
    outer loop
      vertex -2339.74358974359 1570.5128205128203 3173.076923076923
      vertex -2307.6923076923076 1570.5128205128203 3173.076923076923
      vertex -2307.6923076923076 2660.25641025641 3173.076923076923
    endloop
  endfacet
  facet normal 0 0 1
    outer loop
      vertex -2083.333333333333 1570.5128205128203 3173.076923076923
      vertex -2083.333333333333 2660.25641025641 3173.076923076923
      vertex -2115.3846153846152 1570.5128205128203 3173.076923076923
    endloop
  endfacet
  facet normal -1 0 0
    outer loop
      vertex -2339.74358974359 1570.5128205128203 2692.3076923076924
      vertex -2339.74358974359 2660.25641025641 3173.076923076923
      vertex -2339.74358974359 2660.25641025641 2692.3076923076924
    endloop
  endfacet
  facet normal 0 1 0
    outer loop
      vertex -2339.74358974359 2660.25641025641 2692.3076923076924
      vertex -2339.74358974359 2660.25641025641 3173.076923076923
      vertex -2307.6923076923076 2660.25641025641 2692.3076923076924
    endloop
  endfacet
  facet normal 0 1 0
    outer loop
      vertex -2339.74358974359 2660.25641025641 3173.076923076923
      vertex -2307.6923076923076 2660.25641025641 3173.076923076923
      vertex -2307.6923076923076 2660.25641025641 2692.3076923076924
    endloop
  endfacet
  facet normal 1 0 0
    outer loop
      vertex -2083.333333333333 1570.5128205128203 3173.076923076923
      vertex -2083.333333333333 2660.25641025641 2692.3076923076924
      vertex -2083.333333333333 2660.25641025641 3173.076923076923
    endloop
  endfacet
  facet normal 0 1 0
    outer loop
      vertex -2083.333333333333 2660.25641025641 2692.3076923076924
      vertex -2115.3846153846152 2660.25641025641 2692.3076923076924
      vertex -2115.3846153846152 2660.25641025641 3173.076923076923
    endloop
  endfacet
  facet normal 0 1 0
    outer loop
      vertex -2083.333333333333 2660.25641025641 2692.3076923076924
      vertex -2115.3846153846152 2660.25641025641 3173.076923076923
      vertex -2083.333333333333 2660.25641025641 3173.076923076923
    endloop
  endfacet
  facet normal 0 0 1
    outer loop
      vertex -2339.74358974359 1570.5128205128203 3173.076923076923
      vertex -2307.6923076923076 2660.25641025641 3173.076923076923
      vertex -2339.74358974359 2660.25641025641 3173.076923076923
    endloop
  endfacet
  facet normal 0 0 1
    outer loop
      vertex -2083.333333333333 2660.25641025641 3173.076923076923
      vertex -2115.3846153846152 2660.25641025641 3173.076923076923
      vertex -2115.3846153846152 1570.5128205128203 3173.076923076923
    endloop
  endfacet
  facet normal -1 0 0
    outer loop
      vertex -5288.461538461538 -5769.230769230769 -705.1282051282051
      vertex -5288.461538461538 -5769.230769230769 -128.2051282051282
      vertex -5288.461538461538 5769.230769230769 -128.2051282051282
    endloop
  endfacet
  facet normal 0 0 1
    outer loop
      vertex -5288.461538461538 -5769.230769230769 -128.2051282051282
      vertex -2500 -4038.461538461538 -128.2051282051282
      vertex -2500 4038.461538461538 -128.2051282051282
    endloop
  endfacet
  facet normal 0 -1 0
    outer loop
      vertex -5288.461538461538 -5769.230769230769 -705.1282051282051
      vertex 5288.461538461538 -5769.230769230769 -128.2051282051282
      vertex -5288.461538461538 -5769.230769230769 -128.2051282051282
    endloop
  endfacet
  facet normal 0 0 1
    outer loop
      vertex -5288.461538461538 -5769.230769230769 -128.2051282051282
      vertex 5288.461538461538 -5769.230769230769 -128.2051282051282
      vertex -2500 -4038.461538461538 -128.2051282051282
    endloop
  endfacet
  facet normal 0 0 1
    outer loop
      vertex -5288.461538461538 -5769.230769230769 -128.2051282051282
      vertex -2500 4038.461538461538 -128.2051282051282
      vertex -5288.461538461538 5769.230769230769 -128.2051282051282
    endloop
  endfacet
  facet normal -1 0 0
    outer loop
      vertex -5288.461538461538 -5769.230769230769 -705.1282051282051
      vertex -5288.461538461538 5769.230769230769 -128.2051282051282
      vertex -5288.461538461538 5769.230769230769 -705.1282051282051
    endloop
  endfacet
  facet normal 0 0 -1
    outer loop
      vertex -5288.461538461538 -5769.230769230769 -705.1282051282051
      vertex -5288.461538461538 5769.230769230769 -705.1282051282051
      vertex 5288.461538461538 5769.230769230769 -705.1282051282051
    endloop
  endfacet
  facet normal 0 0 1
    outer loop
      vertex -5288.461538461538 5769.230769230769 -128.2051282051282
      vertex -2500 4038.461538461538 -128.2051282051282
      vertex 2500 4038.461538461538 -128.2051282051282
    endloop
  endfacet
  facet normal 0 1 0
    outer loop
      vertex -5288.461538461538 5769.230769230769 -705.1282051282051
      vertex -5288.461538461538 5769.230769230769 -128.2051282051282
      vertex 5288.461538461538 5769.230769230769 -705.1282051282051
    endloop
  endfacet
  facet normal 0 -1 0
    outer loop
      vertex -5288.461538461538 -5769.230769230769 -705.1282051282051
      vertex 5288.461538461538 -5769.230769230769 -705.1282051282051
      vertex 5288.461538461538 -5769.230769230769 -128.2051282051282
    endloop
  endfacet
  facet normal 0 0 1
    outer loop
      vertex 5288.461538461538 -5769.230769230769 -128.2051282051282
      vertex 2500 -4038.461538461538 -128.2051282051282
      vertex -2500 -4038.461538461538 -128.2051282051282
    endloop
  endfacet
  facet normal 0 0 -1
    outer loop
      vertex -5288.461538461538 -5769.230769230769 -705.1282051282051
      vertex 5288.461538461538 5769.230769230769 -705.1282051282051
      vertex 5288.461538461538 -5769.230769230769 -705.1282051282051
    endloop
  endfacet
  facet normal 0 0 1
    outer loop
      vertex 4244.419808774049 -3574.5740869793212 -128.2051282051282
      vertex 4224.318181222577 -3539.7570467453456 -128.2051282051282
      vertex 2500 -4038.461538461538 -128.2051282051282
    endloop
  endfacet
  facet normal 0 0 1
    outer loop
      vertex 4244.419808774049 -3574.5740869793212 -128.2051282051282
      vertex 2500 -4038.461538461538 -128.2051282051282
      vertex 4271.321037238681 -3604.4509279764216 -128.2051282051282
    endloop
  endfacet
  facet normal 0 0 1
    outer loop
      vertex 4211.894692166576 -3501.5214790034147 -128.2051282051282
      vertex 2500 -4038.461538461538 -128.2051282051282
      vertex 4224.318181222577 -3539.7570467453456 -128.2051282051282
    endloop
  endfacet
  facet normal 0 0 1
    outer loop
      vertex 4211.894692166576 -3501.5214790034147 -128.2051282051282
      vertex 4207.692307692308 -3461.538461538461 -128.2051282051282
      vertex 2500 -4038.461538461538 -128.2051282051282
    endloop
  endfacet
  facet normal 0 0 1
    outer loop
      vertex 4207.692307692308 -3461.538461538461 -128.2051282051282
      vertex 4211.894692166576 -3421.5554440735073 -128.2051282051282
      vertex 2500 -4038.461538461538 -128.2051282051282
    endloop
  endfacet
  facet normal 0 0 1
    outer loop
      vertex 4211.894692166576 -3421.5554440735073 -128.2051282051282
      vertex 4224.318181222577 -3383.3198763315763 -128.2051282051282
      vertex 2500 -4038.461538461538 -128.2051282051282
    endloop
  endfacet
  facet normal 0 0 1
    outer loop
      vertex 4224.318181222577 -3383.3198763315763 -128.2051282051282
      vertex 4244.419808774049 -3348.5028360976007 -128.2051282051282
      vertex 2500 -4038.461538461538 -128.2051282051282
    endloop
  endfacet
  facet normal 0 0 1
    outer loop
      vertex 5288.461538461538 -5769.230769230769 -128.2051282051282
      vertex 4271.321037238681 -3604.4509279764216 -128.2051282051282
      vertex 2500 -4038.461538461538 -128.2051282051282
    endloop
  endfacet
  facet normal 0 0 1
    outer loop
      vertex 5288.461538461538 -5769.230769230769 -128.2051282051282
      vertex 4303.846153846154 -3628.0818084200837 -128.2051282051282
      vertex 4271.321037238681 -3604.4509279764216 -128.2051282051282
    endloop
  endfacet
  facet normal 0 0 1
    outer loop
      vertex 5288.461538461538 -5769.230769230769 -128.2051282051282
      vertex 4340.5736549278945 -3644.4339454413753 -128.2051282051282
      vertex 4303.846153846154 -3628.0818084200837 -128.2051282051282
    endloop
  endfacet
  facet normal 0 0 1
    outer loop
      vertex 5288.461538461538 -5769.230769230769 -128.2051282051282
      vertex 4379.898372448528 -3652.792672186206 -128.2051282051282
      vertex 4340.5736549278945 -3644.4339454413753 -128.2051282051282
    endloop
  endfacet
  facet normal 0 0 1
    outer loop
      vertex 5288.461538461538 -5769.230769230769 -128.2051282051282
      vertex 4420.101627551472 -3652.792672186206 -128.2051282051282
      vertex 4379.898372448528 -3652.792672186206 -128.2051282051282
    endloop
  endfacet
  facet normal 0 0 1
    outer loop
      vertex 5288.461538461538 -5769.230769230769 -128.2051282051282
      vertex 4459.4263450721055 -3644.4339454413753 -128.2051282051282
      vertex 4420.101627551472 -3652.792672186206 -128.2051282051282
    endloop
  endfacet
  facet normal 0 0 1
    outer loop
      vertex 5288.461538461538 -5769.230769230769 -128.2051282051282
      vertex 4496.153846153846 -3628.0818084200837 -128.2051282051282
      vertex 4459.4263450721055 -3644.4339454413753 -128.2051282051282
    endloop
  endfacet
  facet normal 0 0 1
    outer loop
      vertex 5288.461538461538 -5769.230769230769 -128.2051282051282
      vertex 4528.678962761319 -3604.4509279764216 -128.2051282051282
      vertex 4496.153846153846 -3628.0818084200837 -128.2051282051282
    endloop
  endfacet
  facet normal 0 0 1
    outer loop
      vertex 5288.461538461538 -5769.230769230769 -128.2051282051282
      vertex 4555.580191225951 -3574.5740869793212 -128.2051282051282
      vertex 4528.678962761319 -3604.4509279764216 -128.2051282051282
    endloop
  endfacet
  facet normal 0 0 1
    outer loop
      vertex 5288.461538461538 -5769.230769230769 -128.2051282051282
      vertex 4575.681818777423 -3539.7570467453456 -128.2051282051282
      vertex 4555.580191225951 -3574.5740869793212 -128.2051282051282
    endloop
  endfacet
  facet normal 0 0 1
    outer loop
      vertex 5288.461538461538 -5769.230769230769 -128.2051282051282
      vertex 4588.105307833424 -3501.5214790034147 -128.2051282051282
      vertex 4575.681818777423 -3539.7570467453456 -128.2051282051282
    endloop
  endfacet
  facet normal 0 0 1
    outer loop
      vertex 5288.461538461538 -5769.230769230769 -128.2051282051282
      vertex 4592.307692307692 -3461.538461538461 -128.2051282051282
      vertex 4588.105307833424 -3501.5214790034147 -128.2051282051282
    endloop
  endfacet
  facet normal 0 0 1
    outer loop
      vertex 4244.419808774049 -3348.5028360976007 -128.2051282051282
      vertex 4244.419808774049 3348.5028360976007 -128.2051282051282
      vertex 2500 -4038.461538461538 -128.2051282051282
    endloop
  endfacet
  facet normal 1 0 0
    outer loop
      vertex 5288.461538461538 -5769.230769230769 -705.1282051282051
      vertex 5288.461538461538 5769.230769230769 -705.1282051282051
      vertex 5288.461538461538 -5769.230769230769 -128.2051282051282
    endloop
  endfacet
  facet normal 0 0 1
    outer loop
      vertex 4244.419808774049 -3348.5028360976007 -128.2051282051282
      vertex 4271.321037238681 -3318.6259951005004 -128.2051282051282
      vertex 4271.321037238681 3318.6259951005004 -128.2051282051282
    endloop
  endfacet
  facet normal 0 0 1
    outer loop
      vertex 4271.321037238681 -3318.6259951005004 -128.2051282051282
      vertex 4303.846153846154 -3294.9951146568383 -128.2051282051282
      vertex 4303.846153846154 3294.9951146568383 -128.2051282051282
    endloop
  endfacet
  facet normal 0 0 1
    outer loop
      vertex 4303.846153846154 -3294.9951146568383 -128.2051282051282
      vertex 4340.5736549278945 -3278.6429776355467 -128.2051282051282
      vertex 4340.5736549278945 3278.6429776355467 -128.2051282051282
    endloop
  endfacet
  facet normal 0 0 1
    outer loop
      vertex 4340.5736549278945 -3278.6429776355467 -128.2051282051282
      vertex 4379.898372448528 -3270.284250890716 -128.2051282051282
      vertex 4379.898372448528 3270.284250890716 -128.2051282051282
    endloop
  endfacet
  facet normal 0 0 1
    outer loop
      vertex 4379.898372448528 -3270.284250890716 -128.2051282051282
      vertex 4420.101627551472 -3270.284250890716 -128.2051282051282
      vertex 4420.101627551472 3270.284250890716 -128.2051282051282
    endloop
  endfacet
  facet normal 0 0 1
    outer loop
      vertex 4420.101627551472 -3270.284250890716 -128.2051282051282
      vertex 4459.4263450721055 -3278.6429776355467 -128.2051282051282
      vertex 4459.4263450721055 3278.6429776355467 -128.2051282051282
    endloop
  endfacet
  facet normal 0 0 1
    outer loop
      vertex 4459.4263450721055 -3278.6429776355467 -128.2051282051282
      vertex 4496.153846153846 -3294.9951146568383 -128.2051282051282
      vertex 4496.153846153846 3294.9951146568383 -128.2051282051282
    endloop
  endfacet
  facet normal 0 0 1
    outer loop
      vertex 4496.153846153846 -3294.9951146568383 -128.2051282051282
      vertex 4528.678962761319 -3318.6259951005004 -128.2051282051282
      vertex 4528.678962761319 3318.6259951005004 -128.2051282051282
    endloop
  endfacet
  facet normal 0 0 1
    outer loop
      vertex 4575.681818777423 -3383.3198763315763 -128.2051282051282
      vertex 4588.105307833424 -3421.5554440735073 -128.2051282051282
      vertex 4588.105307833424 3421.5554440735073 -128.2051282051282
    endloop
  endfacet
  facet normal 0 0 1
    outer loop
      vertex 4528.678962761319 -3318.6259951005004 -128.2051282051282
      vertex 4555.580191225951 -3348.5028360976007 -128.2051282051282
      vertex 4555.580191225951 3348.5028360976007 -128.2051282051282
    endloop
  endfacet
  facet normal 0 0 1
    outer loop
      vertex 4575.681818777423 -3383.3198763315763 -128.2051282051282
      vertex 4575.681818777423 3383.3198763315763 -128.2051282051282
      vertex 4555.580191225951 -3348.5028360976007 -128.2051282051282
    endloop
  endfacet
  facet normal 0 0 1
    outer loop
      vertex 4592.307692307692 -3461.538461538461 -128.2051282051282
      vertex 4592.307692307692 3461.538461538461 -128.2051282051282
      vertex 4588.105307833424 -3421.5554440735073 -128.2051282051282
    endloop
  endfacet
  facet normal 0 0 1
    outer loop
      vertex 5288.461538461538 -5769.230769230769 -128.2051282051282
      vertex 5288.461538461538 5769.230769230769 -128.2051282051282
      vertex 4592.307692307692 -3461.538461538461 -128.2051282051282
    endloop
  endfacet
  facet normal 0 0 1
    outer loop
      vertex -5288.461538461538 5769.230769230769 -128.2051282051282
      vertex 2500 4038.461538461538 -128.2051282051282
      vertex 4340.5736549278945 3644.4339454413753 -128.2051282051282
    endloop
  endfacet
  facet normal 0 0 1
    outer loop
      vertex -5288.461538461538 5769.230769230769 -128.2051282051282
      vertex 4340.5736549278945 3644.4339454413753 -128.2051282051282
      vertex 4379.898372448528 3652.792672186206 -128.2051282051282
    endloop
  endfacet
  facet normal 0 0 1
    outer loop
      vertex -5288.461538461538 5769.230769230769 -128.2051282051282
      vertex 4379.898372448528 3652.792672186206 -128.2051282051282
      vertex 4420.101627551472 3652.792672186206 -128.2051282051282
    endloop
  endfacet
  facet normal 0 0 1
    outer loop
      vertex -5288.461538461538 5769.230769230769 -128.2051282051282
      vertex 4420.101627551472 3652.792672186206 -128.2051282051282
      vertex 4459.4263450721055 3644.4339454413753 -128.2051282051282
    endloop
  endfacet
  facet normal 0 0 1
    outer loop
      vertex -5288.461538461538 5769.230769230769 -128.2051282051282
      vertex 4459.4263450721055 3644.4339454413753 -128.2051282051282
      vertex 5288.461538461538 5769.230769230769 -128.2051282051282
    endloop
  endfacet
  facet normal 0 1 0
    outer loop
      vertex -5288.461538461538 5769.230769230769 -128.2051282051282
      vertex 5288.461538461538 5769.230769230769 -128.2051282051282
      vertex 5288.461538461538 5769.230769230769 -705.1282051282051
    endloop
  endfacet
  facet normal 0 0 1
    outer loop
      vertex 4211.894692166576 3501.5214790034147 -128.2051282051282
      vertex 2500 4038.461538461538 -128.2051282051282
      vertex 2500 -4038.461538461538 -128.2051282051282
    endloop
  endfacet
  facet normal 0 0 1
    outer loop
      vertex 4244.419808774049 3348.5028360976007 -128.2051282051282
      vertex 4224.318181222577 3383.3198763315763 -128.2051282051282
      vertex 2500 -4038.461538461538 -128.2051282051282
    endloop
  endfacet
  facet normal 0 0 1
    outer loop
      vertex 4211.894692166576 3421.5554440735073 -128.2051282051282
      vertex 2500 -4038.461538461538 -128.2051282051282
      vertex 4224.318181222577 3383.3198763315763 -128.2051282051282
    endloop
  endfacet
  facet normal 0 0 1
    outer loop
      vertex 4211.894692166576 3421.5554440735073 -128.2051282051282
      vertex 4207.692307692308 3461.538461538461 -128.2051282051282
      vertex 2500 -4038.461538461538 -128.2051282051282
    endloop
  endfacet
  facet normal 0 0 1
    outer loop
      vertex 4207.692307692308 3461.538461538461 -128.2051282051282
      vertex 4211.894692166576 3501.5214790034147 -128.2051282051282
      vertex 2500 -4038.461538461538 -128.2051282051282
    endloop
  endfacet
  facet normal 0 0 1
    outer loop
      vertex 4244.419808774049 -3348.5028360976007 -128.2051282051282
      vertex 4271.321037238681 3318.6259951005004 -128.2051282051282
      vertex 4244.419808774049 3348.5028360976007 -128.2051282051282
    endloop
  endfacet
  facet normal 0 0 1
    outer loop
      vertex 4271.321037238681 -3318.6259951005004 -128.2051282051282
      vertex 4303.846153846154 3294.9951146568383 -128.2051282051282
      vertex 4271.321037238681 3318.6259951005004 -128.2051282051282
    endloop
  endfacet
  facet normal 0 0 1
    outer loop
      vertex 4303.846153846154 -3294.9951146568383 -128.2051282051282
      vertex 4340.5736549278945 3278.6429776355467 -128.2051282051282
      vertex 4303.846153846154 3294.9951146568383 -128.2051282051282
    endloop
  endfacet
  facet normal 0 0 1
    outer loop
      vertex 4340.5736549278945 -3278.6429776355467 -128.2051282051282
      vertex 4379.898372448528 3270.284250890716 -128.2051282051282
      vertex 4340.5736549278945 3278.6429776355467 -128.2051282051282
    endloop
  endfacet
  facet normal 0 0 1
    outer loop
      vertex 4379.898372448528 -3270.284250890716 -128.2051282051282
      vertex 4420.101627551472 3270.284250890716 -128.2051282051282
      vertex 4379.898372448528 3270.284250890716 -128.2051282051282
    endloop
  endfacet
  facet normal 0 0 1
    outer loop
      vertex 4420.101627551472 -3270.284250890716 -128.2051282051282
      vertex 4459.4263450721055 3278.6429776355467 -128.2051282051282
      vertex 4420.101627551472 3270.284250890716 -128.2051282051282
    endloop
  endfacet
  facet normal 0 0 1
    outer loop
      vertex 4459.4263450721055 -3278.6429776355467 -128.2051282051282
      vertex 4496.153846153846 3294.9951146568383 -128.2051282051282
      vertex 4459.4263450721055 3278.6429776355467 -128.2051282051282
    endloop
  endfacet
  facet normal 0 0 1
    outer loop
      vertex 4496.153846153846 -3294.9951146568383 -128.2051282051282
      vertex 4528.678962761319 3318.6259951005004 -128.2051282051282
      vertex 4496.153846153846 3294.9951146568383 -128.2051282051282
    endloop
  endfacet
  facet normal 0 0 1
    outer loop
      vertex 4528.678962761319 -3318.6259951005004 -128.2051282051282
      vertex 4555.580191225951 3348.5028360976007 -128.2051282051282
      vertex 4528.678962761319 3318.6259951005004 -128.2051282051282
    endloop
  endfacet
  facet normal 0 0 1
    outer loop
      vertex 4555.580191225951 -3348.5028360976007 -128.2051282051282
      vertex 4575.681818777423 3383.3198763315763 -128.2051282051282
      vertex 4555.580191225951 3348.5028360976007 -128.2051282051282
    endloop
  endfacet
  facet normal 0 0 1
    outer loop
      vertex 4575.681818777423 -3383.3198763315763 -128.2051282051282
      vertex 4588.105307833424 3421.5554440735073 -128.2051282051282
      vertex 4575.681818777423 3383.3198763315763 -128.2051282051282
    endloop
  endfacet
  facet normal 0 0 1
    outer loop
      vertex 4588.105307833424 -3421.5554440735073 -128.2051282051282
      vertex 4592.307692307692 3461.538461538461 -128.2051282051282
      vertex 4588.105307833424 3421.5554440735073 -128.2051282051282
    endloop
  endfacet
  facet normal 0 0 1
    outer loop
      vertex 4592.307692307692 -3461.538461538461 -128.2051282051282
      vertex 5288.461538461538 5769.230769230769 -128.2051282051282
      vertex 4592.307692307692 3461.538461538461 -128.2051282051282
    endloop
  endfacet
  facet normal 1 0 0
    outer loop
      vertex 5288.461538461538 -5769.230769230769 -128.2051282051282
      vertex 5288.461538461538 5769.230769230769 -705.1282051282051
      vertex 5288.461538461538 5769.230769230769 -128.2051282051282
    endloop
  endfacet
  facet normal 0 0 1
    outer loop
      vertex 4211.894692166576 3501.5214790034147 -128.2051282051282
      vertex 4224.318181222577 3539.7570467453456 -128.2051282051282
      vertex 2500 4038.461538461538 -128.2051282051282
    endloop
  endfacet
  facet normal 0 0 1
    outer loop
      vertex 4224.318181222577 3539.7570467453456 -128.2051282051282
      vertex 4244.419808774049 3574.5740869793212 -128.2051282051282
      vertex 2500 4038.461538461538 -128.2051282051282
    endloop
  endfacet
  facet normal 0 0 1
    outer loop
      vertex 4244.419808774049 3574.5740869793212 -128.2051282051282
      vertex 4271.321037238681 3604.4509279764216 -128.2051282051282
      vertex 2500 4038.461538461538 -128.2051282051282
    endloop
  endfacet
  facet normal 0 0 1
    outer loop
      vertex 4271.321037238681 3604.4509279764216 -128.2051282051282
      vertex 4303.846153846154 3628.0818084200837 -128.2051282051282
      vertex 2500 4038.461538461538 -128.2051282051282
    endloop
  endfacet
  facet normal 0 0 1
    outer loop
      vertex 4303.846153846154 3628.0818084200837 -128.2051282051282
      vertex 4340.5736549278945 3644.4339454413753 -128.2051282051282
      vertex 2500 4038.461538461538 -128.2051282051282
    endloop
  endfacet
  facet normal 0 0 1
    outer loop
      vertex 4528.678962761319 3604.4509279764216 -128.2051282051282
      vertex 4555.580191225951 3574.5740869793212 -128.2051282051282
      vertex 5288.461538461538 5769.230769230769 -128.2051282051282
    endloop
  endfacet
  facet normal 0 0 1
    outer loop
      vertex 4592.307692307692 3461.538461538461 -128.2051282051282
      vertex 5288.461538461538 5769.230769230769 -128.2051282051282
      vertex 4588.105307833424 3501.5214790034147 -128.2051282051282
    endloop
  endfacet
  facet normal 0 0 1
    outer loop
      vertex 4588.105307833424 3501.5214790034147 -128.2051282051282
      vertex 5288.461538461538 5769.230769230769 -128.2051282051282
      vertex 4575.681818777423 3539.7570467453456 -128.2051282051282
    endloop
  endfacet
  facet normal 0 0 1
    outer loop
      vertex 4575.681818777423 3539.7570467453456 -128.2051282051282
      vertex 5288.461538461538 5769.230769230769 -128.2051282051282
      vertex 4555.580191225951 3574.5740869793212 -128.2051282051282
    endloop
  endfacet
  facet normal 0 0 1
    outer loop
      vertex 4459.4263450721055 3644.4339454413753 -128.2051282051282
      vertex 4496.153846153846 3628.0818084200837 -128.2051282051282
      vertex 5288.461538461538 5769.230769230769 -128.2051282051282
    endloop
  endfacet
  facet normal 0 0 1
    outer loop
      vertex 4528.678962761319 3604.4509279764216 -128.2051282051282
      vertex 5288.461538461538 5769.230769230769 -128.2051282051282
      vertex 4496.153846153846 3628.0818084200837 -128.2051282051282
    endloop
  endfacet
  facet normal 0 0 1
    outer loop
      vertex -2500 -4038.461538461538 0
      vertex -2115.3846153846152 -3846.1538461538457 0
      vertex -2307.6923076923076 -3846.1538461538457 0
    endloop
  endfacet
  facet normal 0 0 1
    outer loop
      vertex -2500 -4038.461538461538 0
      vertex -1730.7692307692307 -3894.2307692307686 0
      vertex -2115.3846153846152 -3846.1538461538457 0
    endloop
  endfacet
  facet normal 0 0 1
    outer loop
      vertex -1730.7692307692307 -3894.2307692307686 0
      vertex -1730.7692307692307 -3846.1538461538457 0
      vertex -2115.3846153846152 -3846.1538461538457 0
    endloop
  endfacet
  facet normal 0 0 1
    outer loop
      vertex -2115.3846153846152 -3653.8461538461534 0
      vertex -1730.7692307692307 -3653.8461538461534 0
      vertex -1730.7692307692307 -3605.7692307692305 0
    endloop
  endfacet
  facet normal 0 -1 0
    outer loop
      vertex -2500 -4038.461538461538 0
      vertex -2500 -4038.461538461538 -128.2051282051282
      vertex 2500 -4038.461538461538 0
    endloop
  endfacet
  facet normal 0 0 1
    outer loop
      vertex -2500 -4038.461538461538 0
      vertex 1730.7692307692307 -3894.2307692307686 0
      vertex -1730.7692307692307 -3894.2307692307686 0
    endloop
  endfacet
  facet normal -1 0 0
    outer loop
      vertex -2500 -4038.461538461538 0
      vertex -2500 4038.461538461538 -128.2051282051282
      vertex -2500 -4038.461538461538 -128.2051282051282
    endloop
  endfacet
  facet normal 0 0 1
    outer loop
      vertex -2500 -4038.461538461538 0
      vertex -2307.6923076923076 -3846.1538461538457 0
      vertex -2500 4038.461538461538 0
    endloop
  endfacet
  facet normal 0 0 1
    outer loop
      vertex -2115.3846153846152 -3653.8461538461534 0
      vertex -1730.7692307692307 -3605.7692307692305 0
      vertex -2115.3846153846152 3653.8461538461534 0
    endloop
  endfacet
  facet normal 0 0 1
    outer loop
      vertex -1730.7692307692307 -3605.7692307692305 0
      vertex 1730.7692307692307 -3605.7692307692305 0
      vertex -2115.3846153846152 3653.8461538461534 0
    endloop
  endfacet
  facet normal -1 0 0
    outer loop
      vertex -2500 -4038.461538461538 0
      vertex -2500 4038.461538461538 0
      vertex -2500 4038.461538461538 -128.2051282051282
    endloop
  endfacet
  facet normal 0 0 1
    outer loop
      vertex -2307.6923076923076 -3846.1538461538457 0
      vertex -2307.6923076923076 3846.1538461538457 0
      vertex -2500 4038.461538461538 0
    endloop
  endfacet
  facet normal 0 1 0
    outer loop
      vertex -2500 4038.461538461538 0
      vertex 2500 4038.461538461538 -128.2051282051282
      vertex -2500 4038.461538461538 -128.2051282051282
    endloop
  endfacet
  facet normal 0 0 1
    outer loop
      vertex -2500 4038.461538461538 0
      vertex -2307.6923076923076 3846.1538461538457 0
      vertex 2500 4038.461538461538 0
    endloop
  endfacet
  facet normal 0 0 1
    outer loop
      vertex -2307.6923076923076 3846.1538461538457 0
      vertex -2115.3846153846152 3846.1538461538457 0
      vertex 2500 4038.461538461538 0
    endloop
  endfacet
  facet normal 0 -1 0
    outer loop
      vertex 2500 -4038.461538461538 0
      vertex -2500 -4038.461538461538 -128.2051282051282
      vertex 2500 -4038.461538461538 -128.2051282051282
    endloop
  endfacet
  facet normal 0 0 1
    outer loop
      vertex -2500 -4038.461538461538 0
      vertex 2500 -4038.461538461538 0
      vertex 1730.7692307692307 -3894.2307692307686 0
    endloop
  endfacet
  facet normal 0 0 1
    outer loop
      vertex 2115.3846153846152 -3846.1538461538457 0
      vertex 1730.7692307692307 -3846.1538461538457 0
      vertex 1730.7692307692307 -3894.2307692307686 0
    endloop
  endfacet
  facet normal 0 0 1
    outer loop
      vertex 1730.7692307692307 -3605.7692307692305 0
      vertex 1730.7692307692307 -3653.8461538461534 0
      vertex 2115.3846153846152 -3653.8461538461534 0
    endloop
  endfacet
  facet normal 0 0 1
    outer loop
      vertex 2307.6923076923076 -3846.1538461538457 0
      vertex 2115.3846153846152 -3846.1538461538457 0
      vertex 1730.7692307692307 -3894.2307692307686 0
    endloop
  endfacet
  facet normal 0 0 1
    outer loop
      vertex 2307.6923076923076 -3846.1538461538457 0
      vertex 1730.7692307692307 -3894.2307692307686 0
      vertex 2500 -4038.461538461538 0
    endloop
  endfacet
  facet normal 0 0 1
    outer loop
      vertex 2067.3076923076924 -2692.3076923076924 0
      vertex 2115.3846153846152 -3653.8461538461534 0
      vertex 2115.3846153846152 -2692.3076923076924 0
    endloop
  endfacet
  facet normal 0 0 1
    outer loop
      vertex 2307.6923076923076 -3846.1538461538457 0
      vertex 2500 -4038.461538461538 0
      vertex 2355.7692307692305 -2692.3076923076924 0
    endloop
  endfacet
  facet normal 0 0 1
    outer loop
      vertex 2307.6923076923076 -3846.1538461538457 0
      vertex 2355.7692307692305 -2692.3076923076924 0
      vertex 2307.6923076923076 -2692.3076923076924 0
    endloop
  endfacet
  facet normal 0 0 1
    outer loop
      vertex 1730.7692307692307 -3605.7692307692305 0
      vertex 2115.3846153846152 -3653.8461538461534 0
      vertex -2115.3846153846152 3653.8461538461534 0
    endloop
  endfacet
  facet normal 0 0 1
    outer loop
      vertex 2067.3076923076924 -2692.3076923076924 0
      vertex -2115.3846153846152 3653.8461538461534 0
      vertex 2115.3846153846152 -3653.8461538461534 0
    endloop
  endfacet
  facet normal 0 0 1
    outer loop
      vertex 2067.3076923076924 -2692.3076923076924 0
      vertex 2067.3076923076924 -1538.4615384615383 0
      vertex -2115.3846153846152 3653.8461538461534 0
    endloop
  endfacet
  facet normal 0 0 1
    outer loop
      vertex 2500 -4038.461538461538 0
      vertex 2355.7692307692305 -1538.4615384615383 0
      vertex 2355.7692307692305 -2692.3076923076924 0
    endloop
  endfacet
  facet normal 1 0 0
    outer loop
      vertex 2500 -4038.461538461538 0
      vertex 2500 -4038.461538461538 -128.2051282051282
      vertex 2500 4038.461538461538 0
    endloop
  endfacet
  facet normal 0 0 1
    outer loop
      vertex 2500 -4038.461538461538 0
      vertex 2307.6923076923076 3846.1538461538457 0
      vertex 2355.7692307692305 -1538.4615384615383 0
    endloop
  endfacet
  facet normal 0 0 1
    outer loop
      vertex 2067.3076923076924 -1538.4615384615383 0
      vertex 2115.3846153846152 3653.8461538461534 0
      vertex -2115.3846153846152 3653.8461538461534 0
    endloop
  endfacet
  facet normal 1 0 0
    outer loop
      vertex 2500 4038.461538461538 0
      vertex 2500 -4038.461538461538 -128.2051282051282
      vertex 2500 4038.461538461538 -128.2051282051282
    endloop
  endfacet
  facet normal 0 0 1
    outer loop
      vertex 2067.3076923076924 -1538.4615384615383 0
      vertex 2115.3846153846152 -1538.4615384615383 0
      vertex 2115.3846153846152 3653.8461538461534 0
    endloop
  endfacet
  facet normal 0 0 1
    outer loop
      vertex 2307.6923076923076 3846.1538461538457 0
      vertex 2307.6923076923076 -1538.4615384615383 0
      vertex 2355.7692307692305 -1538.4615384615383 0
    endloop
  endfacet
  facet normal 0 0 1
    outer loop
      vertex 2500 -4038.461538461538 0
      vertex 2500 4038.461538461538 0
      vertex 2307.6923076923076 3846.1538461538457 0
    endloop
  endfacet
  facet normal 0 1 0
    outer loop
      vertex -2500 4038.461538461538 0
      vertex 2500 4038.461538461538 0
      vertex 2500 4038.461538461538 -128.2051282051282
    endloop
  endfacet
  facet normal 0 0 1
    outer loop
      vertex 2500 4038.461538461538 0
      vertex -2115.3846153846152 3846.1538461538457 0
      vertex 2115.3846153846152 3846.1538461538457 0
    endloop
  endfacet
  facet normal 0 0 1
    outer loop
      vertex 2307.6923076923076 3846.1538461538457 0
      vertex 2500 4038.461538461538 0
      vertex 2115.3846153846152 3846.1538461538457 0
    endloop
  endfacet
  facet normal 0 -1 0
    outer loop
      vertex -2307.6923076923076 -3846.1538461538457 0
      vertex -2115.3846153846152 -3846.1538461538457 0
      vertex -2307.6923076923076 -3846.1538461538457 3368.852722337953
    endloop
  endfacet
  facet normal -1 0 0
    outer loop
      vertex -2307.6923076923076 -3846.1538461538457 0
      vertex -2307.6923076923076 -3846.1538461538457 3368.852722337953
      vertex -2307.6923076923076 -2660.25641025641 2692.3076923076924
    endloop
  endfacet
  facet normal 1 0 0
    outer loop
      vertex -2115.3846153846152 -3653.8461538461534 0
      vertex -2115.3846153846152 -2660.25641025641 2692.3076923076924
      vertex -2115.3846153846152 -3653.8461538461534 3416.9296454148757
    endloop
  endfacet
  facet normal -1 0 0
    outer loop
      vertex -2307.6923076923076 -3846.1538461538457 0
      vertex -2307.6923076923076 -2660.25641025641 2692.3076923076924
      vertex -2307.6923076923076 -1570.5128205128203 2692.3076923076924
    endloop
  endfacet
  facet normal 1 0 0
    outer loop
      vertex -2115.3846153846152 -2660.25641025641 2692.3076923076924
      vertex -2115.3846153846152 -3653.8461538461534 0
      vertex -2115.3846153846152 -1570.5128205128203 2692.3076923076924
    endloop
  endfacet
  facet normal -1 0 0
    outer loop
      vertex -2307.6923076923076 -3846.1538461538457 0
      vertex -2307.6923076923076 -1570.5128205128203 2692.3076923076924
      vertex -2307.6923076923076 -544.8717948717949 2692.3076923076924
    endloop
  endfacet
  facet normal 1 0 0
    outer loop
      vertex -2115.3846153846152 -3653.8461538461534 0
      vertex -2115.3846153846152 3653.8461538461534 0
      vertex -2115.3846153846152 -1570.5128205128203 2692.3076923076924
    endloop
  endfacet
  facet normal -1 0 0
    outer loop
      vertex -2307.6923076923076 -3846.1538461538457 0
      vertex -2307.6923076923076 -544.8717948717949 2692.3076923076924
      vertex -2307.6923076923076 544.8717948717949 2692.3076923076924
    endloop
  endfacet
  facet normal -1 0 0
    outer loop
      vertex -2307.6923076923076 -3846.1538461538457 0
      vertex -2307.6923076923076 544.8717948717949 2692.3076923076924
      vertex -2307.6923076923076 1570.5128205128203 3173.076923076923
    endloop
  endfacet
  facet normal -1 0 0
    outer loop
      vertex -2307.6923076923076 -3846.1538461538457 0
      vertex -2307.6923076923076 1570.5128205128203 3173.076923076923
      vertex -2307.6923076923076 1570.5128205128203 2692.3076923076924
    endloop
  endfacet
  facet normal 0 -1 0
    outer loop
      vertex -2307.6923076923076 -3846.1538461538457 3368.852722337953
      vertex -2115.3846153846152 -3846.1538461538457 0
      vertex -2115.3846153846152 -3846.1538461538457 3416.9296454148757
    endloop
  endfacet
  facet normal -1 0 0
    outer loop
      vertex -2307.6923076923076 -3846.1538461538457 3368.852722337953
      vertex -2307.6923076923076 -2660.25641025641 3173.076923076923
      vertex -2307.6923076923076 -2660.25641025641 2692.3076923076924
    endloop
  endfacet
  facet normal 1 0 0
    outer loop
      vertex -2115.3846153846152 -2660.25641025641 2692.3076923076924
      vertex -2115.3846153846152 -2660.25641025641 3173.076923076923
      vertex -2115.3846153846152 -3653.8461538461534 3416.9296454148757
    endloop
  endfacet
  facet normal -1 0 0
    outer loop
      vertex -2307.6923076923076 -3846.1538461538457 3368.852722337953
      vertex -2307.6923076923076 -1570.5128205128203 3173.076923076923
      vertex -2307.6923076923076 -2660.25641025641 3173.076923076923
    endloop
  endfacet
  facet normal 1 0 0
    outer loop
      vertex -2115.3846153846152 -2660.25641025641 3173.076923076923
      vertex -2115.3846153846152 -1570.5128205128203 3173.076923076923
      vertex -2115.3846153846152 -3653.8461538461534 3416.9296454148757
    endloop
  endfacet
  facet normal 1 0 0
    outer loop
      vertex -2115.3846153846152 -1570.5128205128203 3173.076923076923
      vertex -2115.3846153846152 -544.8717948717949 3173.076923076923
      vertex -2115.3846153846152 -3653.8461538461534 3416.9296454148757
    endloop
  endfacet
  facet normal 1 0 0
    outer loop
      vertex -2115.3846153846152 -1570.5128205128203 2692.3076923076924
      vertex -2115.3846153846152 -544.8717948717949 2692.3076923076924
      vertex -2115.3846153846152 -1570.5128205128203 3173.076923076923
    endloop
  endfacet
  facet normal -1 0 0
    outer loop
      vertex -2307.6923076923076 -1570.5128205128203 2692.3076923076924
      vertex -2307.6923076923076 -1570.5128205128203 3173.076923076923
      vertex -2307.6923076923076 -544.8717948717949 3173.076923076923
    endloop
  endfacet
  facet normal -1 0 0
    outer loop
      vertex -2307.6923076923076 -1570.5128205128203 2692.3076923076924
      vertex -2307.6923076923076 -544.8717948717949 3173.076923076923
      vertex -2307.6923076923076 -544.8717948717949 2692.3076923076924
    endloop
  endfacet
  facet normal 1 0 0
    outer loop
      vertex -2115.3846153846152 -1570.5128205128203 3173.076923076923
      vertex -2115.3846153846152 -544.8717948717949 2692.3076923076924
      vertex -2115.3846153846152 -544.8717948717949 3173.076923076923
    endloop
  endfacet
  facet normal 1 0 0
    outer loop
      vertex -2115.3846153846152 -544.8717948717949 3173.076923076923
      vertex -2115.3846153846152 544.8717948717949 3173.076923076923
      vertex -2115.3846153846152 -3653.8461538461534 3416.9296454148757
    endloop
  endfacet
  facet normal 1 0 0
    outer loop
      vertex -2115.3846153846152 544.8717948717949 3173.076923076923
      vertex -2115.3846153846152 1570.5128205128203 3173.076923076923
      vertex -2115.3846153846152 -3653.8461538461534 3416.9296454148757
    endloop
  endfacet
  facet normal -1 0 0
    outer loop
      vertex -2307.6923076923076 -3846.1538461538457 3368.852722337953
      vertex -2307.6923076923076 3846.1538461538457 3368.852722337953
      vertex -2307.6923076923076 -1570.5128205128203 3173.076923076923
    endloop
  endfacet
  facet normal -1 0 0
    outer loop
      vertex -2307.6923076923076 -3846.1538461538457 0
      vertex -2307.6923076923076 1570.5128205128203 2692.3076923076924
      vertex -2307.6923076923076 3846.1538461538457 0
    endloop
  endfacet
  facet normal 1 0 0
    outer loop
      vertex -2115.3846153846152 -1570.5128205128203 2692.3076923076924
      vertex -2115.3846153846152 3653.8461538461534 0
      vertex -2115.3846153846152 -544.8717948717949 2692.3076923076924
    endloop
  endfacet
  facet normal 1 0 0
    outer loop
      vertex -2115.3846153846152 -544.8717948717949 2692.3076923076924
      vertex -2115.3846153846152 3653.8461538461534 0
      vertex -2115.3846153846152 544.8717948717949 2692.3076923076924
    endloop
  endfacet
  facet normal 1 0 0
    outer loop
      vertex -2115.3846153846152 544.8717948717949 2692.3076923076924
      vertex -2115.3846153846152 3653.8461538461534 0
      vertex -2115.3846153846152 1570.5128205128203 2692.3076923076924
    endloop
  endfacet
  facet normal -1 0 0
    outer loop
      vertex -2307.6923076923076 3846.1538461538457 0
      vertex -2307.6923076923076 1570.5128205128203 2692.3076923076924
      vertex -2307.6923076923076 2660.25641025641 2692.3076923076924
    endloop
  endfacet
  facet normal 1 0 0
    outer loop
      vertex -2115.3846153846152 1570.5128205128203 2692.3076923076924
      vertex -2115.3846153846152 3653.8461538461534 0
      vertex -2115.3846153846152 2660.25641025641 2692.3076923076924
    endloop
  endfacet
  facet normal 0 1 0
    outer loop
      vertex -2307.6923076923076 3846.1538461538457 0
      vertex -2115.3846153846152 3846.1538461538457 3416.9296454148757
      vertex -2115.3846153846152 3846.1538461538457 0
    endloop
  endfacet
  facet normal 1 0 0
    outer loop
      vertex -2115.3846153846152 2660.25641025641 2692.3076923076924
      vertex -2115.3846153846152 3653.8461538461534 0
      vertex -2115.3846153846152 2660.25641025641 3173.076923076923
    endloop
  endfacet
  facet normal -1 0 0
    outer loop
      vertex -2307.6923076923076 3846.1538461538457 0
      vertex -2307.6923076923076 2660.25641025641 2692.3076923076924
      vertex -2307.6923076923076 3846.1538461538457 3368.852722337953
    endloop
  endfacet
  facet normal -1 0 0
    outer loop
      vertex -2307.6923076923076 3846.1538461538457 3368.852722337953
      vertex -2307.6923076923076 -544.8717948717949 3173.076923076923
      vertex -2307.6923076923076 -1570.5128205128203 3173.076923076923
    endloop
  endfacet
  facet normal 1 0 0
    outer loop
      vertex -2115.3846153846152 1570.5128205128203 3173.076923076923
      vertex -2115.3846153846152 3653.8461538461534 3416.9296454148757
      vertex -2115.3846153846152 -3653.8461538461534 3416.9296454148757
    endloop
  endfacet
  facet normal 1 0 0
    outer loop
      vertex -2115.3846153846152 544.8717948717949 2692.3076923076924
      vertex -2115.3846153846152 1570.5128205128203 2692.3076923076924
      vertex -2115.3846153846152 544.8717948717949 3173.076923076923
    endloop
  endfacet
  facet normal -1 0 0
    outer loop
      vertex -2307.6923076923076 544.8717948717949 2692.3076923076924
      vertex -2307.6923076923076 544.8717948717949 3173.076923076923
      vertex -2307.6923076923076 1570.5128205128203 3173.076923076923
    endloop
  endfacet
  facet normal 1 0 0
    outer loop
      vertex -2115.3846153846152 544.8717948717949 3173.076923076923
      vertex -2115.3846153846152 1570.5128205128203 2692.3076923076924
      vertex -2115.3846153846152 1570.5128205128203 3173.076923076923
    endloop
  endfacet
  facet normal -1 0 0
    outer loop
      vertex -2307.6923076923076 3846.1538461538457 3368.852722337953
      vertex -2307.6923076923076 544.8717948717949 3173.076923076923
      vertex -2307.6923076923076 -544.8717948717949 3173.076923076923
    endloop
  endfacet
  facet normal -1 0 0
    outer loop
      vertex -2307.6923076923076 3846.1538461538457 3368.852722337953
      vertex -2307.6923076923076 1570.5128205128203 3173.076923076923
      vertex -2307.6923076923076 544.8717948717949 3173.076923076923
    endloop
  endfacet
  facet normal -1 0 0
    outer loop
      vertex -2307.6923076923076 3846.1538461538457 3368.852722337953
      vertex -2307.6923076923076 2660.25641025641 3173.076923076923
      vertex -2307.6923076923076 1570.5128205128203 3173.076923076923
    endloop
  endfacet
  facet normal 1 0 0
    outer loop
      vertex -2115.3846153846152 1570.5128205128203 3173.076923076923
      vertex -2115.3846153846152 2660.25641025641 3173.076923076923
      vertex -2115.3846153846152 3653.8461538461534 3416.9296454148757
    endloop
  endfacet
  facet normal 1 0 0
    outer loop
      vertex -2115.3846153846152 2660.25641025641 3173.076923076923
      vertex -2115.3846153846152 3653.8461538461534 0
      vertex -2115.3846153846152 3653.8461538461534 3416.9296454148757
    endloop
  endfacet
  facet normal 0 1 0
    outer loop
      vertex -2307.6923076923076 3846.1538461538457 0
      vertex -2307.6923076923076 3846.1538461538457 3368.852722337953
      vertex -2115.3846153846152 3846.1538461538457 3416.9296454148757
    endloop
  endfacet
  facet normal -1 0 0
    outer loop
      vertex -2307.6923076923076 3846.1538461538457 3368.852722337953
      vertex -2307.6923076923076 2660.25641025641 2692.3076923076924
      vertex -2307.6923076923076 2660.25641025641 3173.076923076923
    endloop
  endfacet
  facet normal 0 -1 0
    outer loop
      vertex 2307.6923076923076 -3846.1538461538457 0
      vertex 2307.6923076923076 -3846.1538461538457 3378.1796454148753
      vertex 2115.3846153846152 -3846.1538461538457 0
    endloop
  endfacet
  facet normal -1 0 0
    outer loop
      vertex 2115.3846153846152 -2692.3076923076924 2564.1025641025644
      vertex 2115.3846153846152 -2692.3076923076924 0
      vertex 2115.3846153846152 -3653.8461538461534 0
    endloop
  endfacet
  facet normal 1 0 0
    outer loop
      vertex 2307.6923076923076 -3846.1538461538457 0
      vertex 2307.6923076923076 -2692.3076923076924 0
      vertex 2307.6923076923076 -3846.1538461538457 3378.1796454148753
    endloop
  endfacet
  facet normal 1 0 0
    outer loop
      vertex 2307.6923076923076 -2692.3076923076924 0
      vertex 2307.6923076923076 -2692.3076923076924 2564.1025641025644
      vertex 2307.6923076923076 -3846.1538461538457 3378.1796454148753
    endloop
  endfacet
  facet normal 1 0 0
    outer loop
      vertex 2307.6923076923076 -1538.4615384615383 2564.1025641025644
      vertex 2307.6923076923076 -1538.4615384615383 0
      vertex 2307.6923076923076 0 1346.153846153846
    endloop
  endfacet
  facet normal -1 0 0
    outer loop
      vertex 2115.3846153846152 0 1346.153846153846
      vertex 2115.3846153846152 -1538.4615384615383 0
      vertex 2115.3846153846152 0 2500
    endloop
  endfacet
  facet normal -1 0 0
    outer loop
      vertex 2115.3846153846152 -1538.4615384615383 0
      vertex 2115.3846153846152 -1538.4615384615383 2564.1025641025644
      vertex 2115.3846153846152 0 2500
    endloop
  endfacet
  facet normal 0 -1 0
    outer loop
      vertex 2307.6923076923076 -3846.1538461538457 3378.1796454148753
      vertex 2307.6923076923076 -3846.1538461538457 3497.1153846153848
      vertex 2115.3846153846152 -3846.1538461538457 0
    endloop
  endfacet
  facet normal 0 -1 0
    outer loop
      vertex 2307.6923076923076 -3846.1538461538457 4519.2307692307695
      vertex 2115.3846153846152 -3846.1538461538457 0
      vertex 2307.6923076923076 -3846.1538461538457 3497.1153846153848
    endloop
  endfacet
  facet normal -1 0 0
    outer loop
      vertex 2115.3846153846152 -2692.3076923076924 2564.1025641025644
      vertex 2115.3846153846152 -3653.8461538461534 0
      vertex 2115.3846153846152 -3653.8461538461534 4474.621953107181
    endloop
  endfacet
  facet normal 0 -1 0
    outer loop
      vertex 2293.81987987897 -3846.1538461538457 4519.2307692307695
      vertex 2115.3846153846152 -3846.1538461538457 4474.621953107181
      vertex 2115.3846153846152 -3846.1538461538457 0
    endloop
  endfacet
  facet normal 0 -1 0
    outer loop
      vertex 2293.81987987897 -3846.1538461538457 4519.2307692307695
      vertex 2115.3846153846152 -3846.1538461538457 0
      vertex 2307.6923076923076 -3846.1538461538457 4519.2307692307695
    endloop
  endfacet
  facet normal -1 0 0
    outer loop
      vertex 2115.3846153846152 -2692.3076923076924 2564.1025641025644
      vertex 2115.3846153846152 -3653.8461538461534 4474.621953107181
      vertex 2115.3846153846152 -2660.25641025641 3750.000000000001
    endloop
  endfacet
  facet normal 1 0 0
    outer loop
      vertex 2307.6923076923076 -3846.1538461538457 4519.2307692307695
      vertex 2307.6923076923076 -3846.1538461538457 3497.1153846153848
      vertex 2307.6923076923076 -2660.25641025641 3750.000000000001
    endloop
  endfacet
  facet normal -1 0 0
    outer loop
      vertex 2115.3846153846152 -2660.25641025641 3750.000000000001
      vertex 2115.3846153846152 -3653.8461538461534 4474.621953107181
      vertex 2115.3846153846152 -2660.25641025641 4230.769230769231
    endloop
  endfacet
  facet normal 1 0 0
    outer loop
      vertex 2307.6923076923076 -3846.1538461538457 4519.2307692307695
      vertex 2307.6923076923076 -2660.25641025641 3750.000000000001
      vertex 2307.6923076923076 -2660.25641025641 4230.769230769231
    endloop
  endfacet
  facet normal -1 0 0
    outer loop
      vertex 2115.3846153846152 -2692.3076923076924 2564.1025641025644
      vertex 2115.3846153846152 -2660.25641025641 3750.000000000001
      vertex 2115.3846153846152 -1538.4615384615383 2564.1025641025644
    endloop
  endfacet
  facet normal 1 0 0
    outer loop
      vertex 2307.6923076923076 -2692.3076923076924 2564.1025641025644
      vertex 2307.6923076923076 -1903.9391673182815 3378.1796454148753
      vertex 2307.6923076923076 -3846.1538461538457 3378.1796454148753
    endloop
  endfacet
  facet normal 1 0 0
    outer loop
      vertex 2307.6923076923076 -1538.4615384615383 2564.1025641025644
      vertex 2307.6923076923076 -1903.9391673182815 3378.1796454148753
      vertex 2307.6923076923076 -2692.3076923076924 2564.1025641025644
    endloop
  endfacet
  facet normal -1 0 0
    outer loop
      vertex 2115.3846153846152 -1538.4615384615383 2564.1025641025644
      vertex 2115.3846153846152 -2660.25641025641 3750.000000000001
      vertex 2115.3846153846152 -1570.5128205128203 3750.000000000001
    endloop
  endfacet
  facet normal 1 0 0
    outer loop
      vertex 2307.6923076923076 -1538.4615384615383 2564.1025641025644
      vertex 2307.6923076923076 0 1346.153846153846
      vertex 2307.6923076923076 -1903.9391673182815 3378.1796454148753
    endloop
  endfacet
  facet normal 1 0 0
    outer loop
      vertex 2307.6923076923076 0 1346.153846153846
      vertex 2307.6923076923076 0 2500
      vertex 2307.6923076923076 -1903.9391673182815 3378.1796454148753
    endloop
  endfacet
  facet normal -1 0 0
    outer loop
      vertex 2115.3846153846152 -1538.4615384615383 2564.1025641025644
      vertex 2115.3846153846152 -1570.5128205128203 3750.000000000001
      vertex 2115.3846153846152 -544.8717948717949 3750.000000000001
    endloop
  endfacet
  facet normal -1 0 0
    outer loop
      vertex 2115.3846153846152 -1538.4615384615383 2564.1025641025644
      vertex 2115.3846153846152 -544.8717948717949 3750.000000000001
      vertex 2115.3846153846152 0 2500
    endloop
  endfacet
  facet normal 1 0 0
    outer loop
      vertex 2307.6923076923076 -2660.25641025641 3750.000000000001
      vertex 2307.6923076923076 -3846.1538461538457 3497.1153846153848
      vertex 2307.6923076923076 -1570.5128205128203 3750.000000000001
    endloop
  endfacet
  facet normal -1 0 0
    outer loop
      vertex 2115.3846153846152 -2660.25641025641 4230.769230769231
      vertex 2115.3846153846152 -3653.8461538461534 4474.621953107181
      vertex 2115.3846153846152 -1570.5128205128203 4230.769230769231
    endloop
  endfacet
  facet normal 1 0 0
    outer loop
      vertex 2307.6923076923076 -3846.1538461538457 4519.2307692307695
      vertex 2307.6923076923076 -2660.25641025641 4230.769230769231
      vertex 2307.6923076923076 -1570.5128205128203 4230.769230769231
    endloop
  endfacet
  facet normal 1 0 0
    outer loop
      vertex 2307.6923076923076 -3846.1538461538457 4519.2307692307695
      vertex 2307.6923076923076 -1570.5128205128203 4230.769230769231
      vertex 2307.6923076923076 -544.8717948717949 4230.769230769231
    endloop
  endfacet
  facet normal 1 0 0
    outer loop
      vertex 2307.6923076923076 -1570.5128205128203 3750.000000000001
      vertex 2307.6923076923076 -544.8717948717949 3750.000000000001
      vertex 2307.6923076923076 -1570.5128205128203 4230.769230769231
    endloop
  endfacet
  facet normal -1 0 0
    outer loop
      vertex 2115.3846153846152 -1570.5128205128203 3750.000000000001
      vertex 2115.3846153846152 -1570.5128205128203 4230.769230769231
      vertex 2115.3846153846152 -544.8717948717949 4230.769230769231
    endloop
  endfacet
  facet normal -1 0 0
    outer loop
      vertex 2115.3846153846152 -1570.5128205128203 3750.000000000001
      vertex 2115.3846153846152 -544.8717948717949 4230.769230769231
      vertex 2115.3846153846152 -544.8717948717949 3750.000000000001
    endloop
  endfacet
  facet normal 1 0 0
    outer loop
      vertex 2307.6923076923076 -1570.5128205128203 4230.769230769231
      vertex 2307.6923076923076 -544.8717948717949 3750.000000000001
      vertex 2307.6923076923076 -544.8717948717949 4230.769230769231
    endloop
  endfacet
  facet normal 1 0 0
    outer loop
      vertex 2307.6923076923076 -1570.5128205128203 3750.000000000001
      vertex 2307.6923076923076 -3846.1538461538457 3497.1153846153848
      vertex 2307.6923076923076 3846.1538461538457 3497.1153846153848
    endloop
  endfacet
  facet normal 1 0 0
    outer loop
      vertex 2307.6923076923076 -3846.1538461538457 4519.2307692307695
      vertex 2307.6923076923076 -544.8717948717949 4230.769230769231
      vertex 2307.6923076923076 544.8717948717949 4230.769230769231
    endloop
  endfacet
  facet normal 0 0 1
    outer loop
      vertex 2293.81987987897 -3846.1538461538457 4519.2307692307695
      vertex 2307.6923076923076 -3846.1538461538457 4519.2307692307695
      vertex 2307.6923076923076 3846.1538461538457 4519.2307692307695
    endloop
  endfacet
  facet normal -1 0 0
    outer loop
      vertex 2115.3846153846152 -1570.5128205128203 4230.769230769231
      vertex 2115.3846153846152 -3653.8461538461534 4474.621953107181
      vertex 2115.3846153846152 3653.8461538461534 4474.621953107181
    endloop
  endfacet
  facet normal 1 0 0
    outer loop
      vertex 2307.6923076923076 -3846.1538461538457 4519.2307692307695
      vertex 2307.6923076923076 544.8717948717949 4230.769230769231
      vertex 2307.6923076923076 1570.5128205128203 4230.769230769231
    endloop
  endfacet
  facet normal -1 0 0
    outer loop
      vertex 2115.3846153846152 0 1346.153846153846
      vertex 2115.3846153846152 3653.8461538461534 0
      vertex 2115.3846153846152 -1538.4615384615383 0
    endloop
  endfacet
  facet normal 1 0 0
    outer loop
      vertex 2307.6923076923076 3846.1538461538457 0
      vertex 2307.6923076923076 1923.0769230769229 1346.153846153846
      vertex 2307.6923076923076 -1538.4615384615383 0
    endloop
  endfacet
  facet normal 1 0 0
    outer loop
      vertex 2307.6923076923076 0 1346.153846153846
      vertex 2307.6923076923076 -1538.4615384615383 0
      vertex 2307.6923076923076 1923.0769230769229 1346.153846153846
    endloop
  endfacet
  facet normal -1 0 0
    outer loop
      vertex 2115.3846153846152 0 1346.153846153846
      vertex 2115.3846153846152 1923.0769230769229 1346.153846153846
      vertex 2115.3846153846152 3653.8461538461534 0
    endloop
  endfacet
  facet normal -1 0 0
    outer loop
      vertex 2115.3846153846152 1923.0769230769229 1346.153846153846
      vertex 2115.3846153846152 1923.0769230769229 2500
      vertex 2115.3846153846152 3653.8461538461534 0
    endloop
  endfacet
  facet normal 0 1 0
    outer loop
      vertex 2307.6923076923076 3846.1538461538457 0
      vertex 2115.3846153846152 3846.1538461538457 0
      vertex 2297.3145361448833 3846.1538461538457 3380.7740883017314
    endloop
  endfacet
  facet normal 1 0 0
    outer loop
      vertex 2307.6923076923076 3846.1538461538457 0
      vertex 2307.6923076923076 3846.1538461538457 3378.1796454148753
      vertex 2307.6923076923076 1923.0769230769229 1346.153846153846
    endloop
  endfacet
  facet normal 1 0 0
    outer loop
      vertex 2307.6923076923076 0 2500
      vertex 2307.6923076923076 3846.1538461538457 3378.1796454148753
      vertex 2307.6923076923076 -1903.9391673182815 3378.1796454148753
    endloop
  endfacet
  facet normal -1 0 0
    outer loop
      vertex 2115.3846153846152 -544.8717948717949 3750.000000000001
      vertex 2115.3846153846152 544.8717948717949 3750.000000000001
      vertex 2115.3846153846152 0 2500
    endloop
  endfacet
  facet normal -1 0 0
    outer loop
      vertex 2115.3846153846152 0 2500
      vertex 2115.3846153846152 1570.5128205128203 3750.000000000001
      vertex 2115.3846153846152 1923.0769230769229 2500
    endloop
  endfacet
  facet normal -1 0 0
    outer loop
      vertex 2115.3846153846152 1923.0769230769229 2500
      vertex 2115.3846153846152 2660.25641025641 3750.000000000001
      vertex 2115.3846153846152 3653.8461538461534 0
    endloop
  endfacet
  facet normal 1 0 0
    outer loop
      vertex 2307.6923076923076 1923.0769230769229 1346.153846153846
      vertex 2307.6923076923076 3846.1538461538457 3378.1796454148753
      vertex 2307.6923076923076 1923.0769230769229 2500
    endloop
  endfacet
  facet normal 1 0 0
    outer loop
      vertex 2307.6923076923076 0 2500
      vertex 2307.6923076923076 1923.0769230769229 2500
      vertex 2307.6923076923076 3846.1538461538457 3378.1796454148753
    endloop
  endfacet
  facet normal -1 0 0
    outer loop
      vertex 2115.3846153846152 1923.0769230769229 2500
      vertex 2115.3846153846152 1570.5128205128203 3750.000000000001
      vertex 2115.3846153846152 2660.25641025641 3750.000000000001
    endloop
  endfacet
  facet normal -1 0 0
    outer loop
      vertex 2115.3846153846152 0 2500
      vertex 2115.3846153846152 544.8717948717949 3750.000000000001
      vertex 2115.3846153846152 1570.5128205128203 4230.769230769231
    endloop
  endfacet
  facet normal 1 0 0
    outer loop
      vertex 2307.6923076923076 -1570.5128205128203 3750.000000000001
      vertex 2307.6923076923076 3846.1538461538457 3497.1153846153848
      vertex 2307.6923076923076 -544.8717948717949 3750.000000000001
    endloop
  endfacet
  facet normal -1 0 0
    outer loop
      vertex 2115.3846153846152 0 2500
      vertex 2115.3846153846152 1570.5128205128203 4230.769230769231
      vertex 2115.3846153846152 1570.5128205128203 3750.000000000001
    endloop
  endfacet
  facet normal 1 0 0
    outer loop
      vertex 2307.6923076923076 544.8717948717949 3750.000000000001
      vertex 2307.6923076923076 -544.8717948717949 3750.000000000001
      vertex 2307.6923076923076 3846.1538461538457 3497.1153846153848
    endloop
  endfacet
  facet normal 1 0 0
    outer loop
      vertex 2307.6923076923076 544.8717948717949 3750.000000000001
      vertex 2307.6923076923076 1570.5128205128203 3750.000000000001
      vertex 2307.6923076923076 544.8717948717949 4230.769230769231
    endloop
  endfacet
  facet normal -1 0 0
    outer loop
      vertex 2115.3846153846152 544.8717948717949 3750.000000000001
      vertex 2115.3846153846152 544.8717948717949 4230.769230769231
      vertex 2115.3846153846152 1570.5128205128203 4230.769230769231
    endloop
  endfacet
  facet normal 1 0 0
    outer loop
      vertex 2307.6923076923076 544.8717948717949 4230.769230769231
      vertex 2307.6923076923076 1570.5128205128203 3750.000000000001
      vertex 2307.6923076923076 1570.5128205128203 4230.769230769231
    endloop
  endfacet
  facet normal -1 0 0
    outer loop
      vertex 2115.3846153846152 -1570.5128205128203 4230.769230769231
      vertex 2115.3846153846152 3653.8461538461534 4474.621953107181
      vertex 2115.3846153846152 -544.8717948717949 4230.769230769231
    endloop
  endfacet
  facet normal 1 0 0
    outer loop
      vertex 2307.6923076923076 -3846.1538461538457 4519.2307692307695
      vertex 2307.6923076923076 1570.5128205128203 4230.769230769231
      vertex 2307.6923076923076 3846.1538461538457 4519.2307692307695
    endloop
  endfacet
  facet normal -1 0 0
    outer loop
      vertex 2115.3846153846152 -544.8717948717949 4230.769230769231
      vertex 2115.3846153846152 3653.8461538461534 4474.621953107181
      vertex 2115.3846153846152 544.8717948717949 4230.769230769231
    endloop
  endfacet
  facet normal 0 0 1
    outer loop
      vertex 2293.81987987897 -3846.1538461538457 4519.2307692307695
      vertex 2307.6923076923076 3846.1538461538457 4519.2307692307695
      vertex 2293.81987987897 3846.1538461538457 4519.2307692307695
    endloop
  endfacet
  facet normal 1 0 0
    outer loop
      vertex 2307.6923076923076 3846.1538461538457 3497.1153846153848
      vertex 2307.6923076923076 1570.5128205128203 3750.000000000001
      vertex 2307.6923076923076 544.8717948717949 3750.000000000001
    endloop
  endfacet
  facet normal 1 0 0
    outer loop
      vertex 2307.6923076923076 3846.1538461538457 3497.1153846153848
      vertex 2307.6923076923076 2660.25641025641 3750.000000000001
      vertex 2307.6923076923076 1570.5128205128203 3750.000000000001
    endloop
  endfacet
  facet normal -1 0 0
    outer loop
      vertex 2115.3846153846152 544.8717948717949 4230.769230769231
      vertex 2115.3846153846152 3653.8461538461534 4474.621953107181
      vertex 2115.3846153846152 1570.5128205128203 4230.769230769231
    endloop
  endfacet
  facet normal -1 0 0
    outer loop
      vertex 2115.3846153846152 1570.5128205128203 4230.769230769231
      vertex 2115.3846153846152 3653.8461538461534 4474.621953107181
      vertex 2115.3846153846152 2660.25641025641 4230.769230769231
    endloop
  endfacet
  facet normal 1 0 0
    outer loop
      vertex 2307.6923076923076 3846.1538461538457 4519.2307692307695
      vertex 2307.6923076923076 1570.5128205128203 4230.769230769231
      vertex 2307.6923076923076 2660.25641025641 4230.769230769231
    endloop
  endfacet
  facet normal -1 0 0
    outer loop
      vertex 2115.3846153846152 2660.25641025641 3750.000000000001
      vertex 2115.3846153846152 3653.8461538461534 4474.621953107181
      vertex 2115.3846153846152 3653.8461538461534 0
    endloop
  endfacet
  facet normal 0 1 0
    outer loop
      vertex 2307.6923076923076 3846.1538461538457 0
      vertex 2297.3145361448833 3846.1538461538457 3380.7740883017314
      vertex 2307.6923076923076 3846.1538461538457 3378.1796454148753
    endloop
  endfacet
  facet normal 0 1 0
    outer loop
      vertex 2296.949165424613 3846.1538461538457 3499.8011701823084
      vertex 2297.3145361448833 3846.1538461538457 3380.7740883017314
      vertex 2115.3846153846152 3846.1538461538457 0
    endloop
  endfacet
  facet normal 0 1 0
    outer loop
      vertex 2293.81987987897 3846.1538461538457 4519.2307692307695
      vertex 2296.949165424613 3846.1538461538457 3499.8011701823084
      vertex 2115.3846153846152 3846.1538461538457 0
    endloop
  endfacet
  facet normal 0 1 0
    outer loop
      vertex 2293.81987987897 3846.1538461538457 4519.2307692307695
      vertex 2115.3846153846152 3846.1538461538457 0
      vertex 2115.3846153846152 3846.1538461538457 4474.621953107181
    endloop
  endfacet
  facet normal 1 0 0
    outer loop
      vertex 2307.6923076923076 3846.1538461538457 3497.1153846153848
      vertex 2307.6923076923076 2660.25641025641 4230.769230769231
      vertex 2307.6923076923076 2660.25641025641 3750.000000000001
    endloop
  endfacet
  facet normal 1 0 0
    outer loop
      vertex 2307.6923076923076 3846.1538461538457 4519.2307692307695
      vertex 2307.6923076923076 2660.25641025641 4230.769230769231
      vertex 2307.6923076923076 3846.1538461538457 3497.1153846153848
    endloop
  endfacet
  facet normal 0 1 0
    outer loop
      vertex 2307.6923076923076 3846.1538461538457 4519.2307692307695
      vertex 2307.6923076923076 3846.1538461538457 3497.1153846153848
      vertex 2296.949165424613 3846.1538461538457 3499.8011701823084
    endloop
  endfacet
  facet normal -1 0 0
    outer loop
      vertex 2115.3846153846152 2660.25641025641 3750.000000000001
      vertex 2115.3846153846152 2660.25641025641 4230.769230769231
      vertex 2115.3846153846152 3653.8461538461534 4474.621953107181
    endloop
  endfacet
  facet normal 0 1 0
    outer loop
      vertex 2293.81987987897 3846.1538461538457 4519.2307692307695
      vertex 2307.6923076923076 3846.1538461538457 4519.2307692307695
      vertex 2296.949165424613 3846.1538461538457 3499.8011701823084
    endloop
  endfacet
  facet normal 0 -1 0
    outer loop
      vertex -2115.3846153846152 3653.8461538461534 3416.9296454148757
      vertex -2115.3846153846152 3653.8461538461534 0
      vertex 2115.3846153846152 3653.8461538461534 4474.621953107181
    endloop
  endfacet
  facet normal 0 1 0
    outer loop
      vertex -2115.3846153846152 3846.1538461538457 3416.9296454148757
      vertex 2115.3846153846152 3846.1538461538457 4474.621953107181
      vertex -2115.3846153846152 3846.1538461538457 0
    endloop
  endfacet
  facet normal 0 -1 0
    outer loop
      vertex -2115.3846153846152 3653.8461538461534 0
      vertex 2115.3846153846152 3653.8461538461534 0
      vertex 2115.3846153846152 3653.8461538461534 4474.621953107181
    endloop
  endfacet
  facet normal 0 1 0
    outer loop
      vertex 2115.3846153846152 3846.1538461538457 4474.621953107181
      vertex 2115.3846153846152 3846.1538461538457 0
      vertex -2115.3846153846152 3846.1538461538457 0
    endloop
  endfacet
  facet normal 0 -1 0
    outer loop
      vertex -1730.7692307692307 -3846.1538461538457 2692.307692307692
      vertex -2115.3846153846152 -3846.1538461538457 0
      vertex -1730.7692307692307 -3846.1538461538457 0
    endloop
  endfacet
  facet normal 0 1 0
    outer loop
      vertex -1730.7692307692307 -3653.8461538461534 2692.307692307692
      vertex -1730.7692307692307 -3653.8461538461534 0
      vertex -2115.3846153846152 -3653.8461538461534 0
    endloop
  endfacet
  facet normal 0 -1 0
    outer loop
      vertex -1730.7692307692307 -3846.1538461538457 2692.307692307692
      vertex -2115.3846153846152 -3846.1538461538457 3416.9296454148757
      vertex -2115.3846153846152 -3846.1538461538457 0
    endloop
  endfacet
  facet normal 0 1 0
    outer loop
      vertex -1730.7692307692307 -3653.8461538461534 2692.307692307692
      vertex -2115.3846153846152 -3653.8461538461534 0
      vertex -2115.3846153846152 -3653.8461538461534 3416.9296454148757
    endloop
  endfacet
  facet normal 0 -1 0
    outer loop
      vertex -1730.7692307692307 -3846.1538461538457 2692.307692307692
      vertex 1730.7692307692307 -3846.1538461538457 2692.307692307692
      vertex -2115.3846153846152 -3846.1538461538457 3416.9296454148757
    endloop
  endfacet
  facet normal 0 1 0
    outer loop
      vertex -1730.7692307692307 -3653.8461538461534 2692.307692307692
      vertex -2115.3846153846152 -3653.8461538461534 3416.9296454148757
      vertex 2115.3846153846152 -3653.8461538461534 4474.621953107181
    endloop
  endfacet
  facet normal 0 -1 0
    outer loop
      vertex 1730.7692307692307 -3846.1538461538457 2692.307692307692
      vertex 1730.7692307692307 -3846.1538461538457 0
      vertex 2115.3846153846152 -3846.1538461538457 0
    endloop
  endfacet
  facet normal 0 1 0
    outer loop
      vertex 1730.7692307692307 -3653.8461538461534 2692.307692307692
      vertex 2115.3846153846152 -3653.8461538461534 0
      vertex 1730.7692307692307 -3653.8461538461534 0
    endloop
  endfacet
  facet normal 0 1 0
    outer loop
      vertex -1730.7692307692307 -3653.8461538461534 2692.307692307692
      vertex 2115.3846153846152 -3653.8461538461534 4474.621953107181
      vertex 1730.7692307692307 -3653.8461538461534 2692.307692307692
    endloop
  endfacet
  facet normal 0 -1 0
    outer loop
      vertex 1730.7692307692307 -3846.1538461538457 2692.307692307692
      vertex 2115.3846153846152 -3846.1538461538457 0
      vertex 2115.3846153846152 -3846.1538461538457 4474.621953107181
    endloop
  endfacet
  facet normal 0 1 0
    outer loop
      vertex 1730.7692307692307 -3653.8461538461534 2692.307692307692
      vertex 2115.3846153846152 -3653.8461538461534 4474.621953107181
      vertex 2115.3846153846152 -3653.8461538461534 0
    endloop
  endfacet
  facet normal 0 -1 0
    outer loop
      vertex 1730.7692307692307 -3846.1538461538457 2692.307692307692
      vertex 2115.3846153846152 -3846.1538461538457 4474.621953107181
      vertex -2115.3846153846152 -3846.1538461538457 3416.9296454148757
    endloop
  endfacet
  facet normal -0.970142500145332 0 -0.242535625036333
    outer loop
      vertex -2957.0689667891365 -4615.384615384615 3206.508557563746
      vertex -2985.053846601021 -4615.384615384615 3318.4480768112844
      vertex -2985.053846601021 4615.384615384615 3318.4480768112844
    endloop
  endfacet
  facet normal 0 -1 0
    outer loop
      vertex -2957.0689667891365 -4615.384615384615 3206.508557563746
      vertex 3013.038726412906 -4615.384615384615 4699.035480864253
      vertex -2985.053846601021 -4615.384615384615 3318.4480768112844
    endloop
  endfacet
  facet normal 0.24253562503633253 1.4755642041563987e-16 -0.9701425001453321
    outer loop
      vertex -2957.0689667891365 -4615.384615384615 3206.508557563746
      vertex -2307.6923076923076 -3846.1538461538457 3368.852722337953
      vertex 3013.038726412906 -4615.384615384615 4699.035480864253
    endloop
  endfacet
  facet normal 0.24253562503633191 -4.199088802026052e-15 -0.9701425001453322
    outer loop
      vertex -2307.6923076923076 -3846.1538461538457 3368.852722337953
      vertex -2115.3846153846152 -3846.1538461538457 3416.9296454148757
      vertex 3013.038726412906 -4615.384615384615 4699.035480864253
    endloop
  endfacet
  facet normal 0.24253562503633266 0 -0.9701425001453319
    outer loop
      vertex -2957.0689667891365 -4615.384615384615 3206.508557563746
      vertex -2307.6923076923076 3846.1538461538457 3368.852722337953
      vertex -2307.6923076923076 -3846.1538461538457 3368.852722337953
    endloop
  endfacet
  facet normal -0.24253562503633247 0 0.970142500145332
    outer loop
      vertex -2985.053846601021 -4615.384615384615 3318.4480768112844
      vertex 2985.053846601021 -4615.384615384615 4810.975000111792
      vertex -2985.053846601021 4615.384615384615 3318.4480768112844
    endloop
  endfacet
  facet normal 0.2425356250363325 0 -0.970142500145332
    outer loop
      vertex 2115.3846153846152 -3653.8461538461534 4474.621953107181
      vertex -2115.3846153846152 -3653.8461538461534 3416.9296454148757
      vertex -2115.3846153846152 3653.8461538461534 3416.9296454148757
    endloop
  endfacet
  facet normal 0.2425356250363326 0 -0.9701425001453319
    outer loop
      vertex -2957.0689667891365 -4615.384615384615 3206.508557563746
      vertex -2957.0689667891365 4615.384615384615 3206.508557563746
      vertex -2307.6923076923076 3846.1538461538457 3368.852722337953
    endloop
  endfacet
  facet normal -0.970142500145332 0 -0.242535625036333
    outer loop
      vertex -2957.0689667891365 -4615.384615384615 3206.508557563746
      vertex -2985.053846601021 4615.384615384615 3318.4480768112844
      vertex -2957.0689667891365 4615.384615384615 3206.508557563746
    endloop
  endfacet
  facet normal 0.24253562503633191 -7.634706912774641e-16 -0.9701425001453322
    outer loop
      vertex -2957.0689667891365 4615.384615384615 3206.508557563746
      vertex -2115.3846153846152 3846.1538461538457 3416.9296454148757
      vertex -2307.6923076923076 3846.1538461538457 3368.852722337953
    endloop
  endfacet
  facet normal 0.24253562503633247 0 -0.970142500145332
    outer loop
      vertex -2957.0689667891365 4615.384615384615 3206.508557563746
      vertex 2115.3846153846152 3846.1538461538457 4474.621953107181
      vertex -2115.3846153846152 3846.1538461538457 3416.9296454148757
    endloop
  endfacet
  facet normal 0 1 0
    outer loop
      vertex -2957.0689667891365 4615.384615384615 3206.508557563746
      vertex -2985.053846601021 4615.384615384615 3318.4480768112844
      vertex 3013.038726412906 4615.384615384615 4699.035480864253
    endloop
  endfacet
  facet normal 0 -1 0
    outer loop
      vertex -2985.053846601021 -4615.384615384615 3318.4480768112844
      vertex 3013.038726412906 -4615.384615384615 4699.035480864253
      vertex 2985.053846601021 -4615.384615384615 4810.975000111792
    endloop
  endfacet
  facet normal 0.24253562503633247 -6.940642647976946e-17 -0.970142500145332
    outer loop
      vertex 3013.038726412906 -4615.384615384615 4699.035480864253
      vertex -2115.3846153846152 -3846.1538461538457 3416.9296454148757
      vertex 2115.3846153846152 -3846.1538461538457 4474.621953107181
    endloop
  endfacet
  facet normal 0.2425356250363318 -8.485399588763577e-16 -0.9701425001453321
    outer loop
      vertex 2293.81987987897 -3846.1538461538457 4519.2307692307695
      vertex 3013.038726412906 -4615.384615384615 4699.035480864253
      vertex 2115.3846153846152 -3846.1538461538457 4474.621953107181
    endloop
  endfacet
  facet normal 0.970142500145332 0 0.242535625036333
    outer loop
      vertex 3013.038726412906 -4615.384615384615 4699.035480864253
      vertex 3013.038726412906 4615.384615384615 4699.035480864253
      vertex 2985.053846601021 -4615.384615384615 4810.975000111792
    endloop
  endfacet
  facet normal 0.24253562503633266 0 -0.9701425001453319
    outer loop
      vertex 2293.81987987897 -3846.1538461538457 4519.2307692307695
      vertex 3013.038726412906 4615.384615384615 4699.035480864253
      vertex 3013.038726412906 -4615.384615384615 4699.035480864253
    endloop
  endfacet
  facet normal 0.2425356250363325 0 -0.970142500145332
    outer loop
      vertex -2115.3846153846152 3653.8461538461534 3416.9296454148757
      vertex 2115.3846153846152 3653.8461538461534 4474.621953107181
      vertex 2115.3846153846152 -3653.8461538461534 4474.621953107181
    endloop
  endfacet
  facet normal -0.24253562503633247 0 0.970142500145332
    outer loop
      vertex -2985.053846601021 4615.384615384615 3318.4480768112844
      vertex 2985.053846601021 -4615.384615384615 4810.975000111792
      vertex 2985.053846601021 4615.384615384615 4810.975000111792
    endloop
  endfacet
  facet normal 0.2425356250363327 0 -0.9701425001453319
    outer loop
      vertex 2293.81987987897 -3846.1538461538457 4519.2307692307695
      vertex 2293.81987987897 3846.1538461538457 4519.2307692307695
      vertex 3013.038726412906 4615.384615384615 4699.035480864253
    endloop
  endfacet
  facet normal 0.24253562503633141 0 -0.9701425001453323
    outer loop
      vertex -2957.0689667891365 4615.384615384615 3206.508557563746
      vertex 2293.81987987897 3846.1538461538457 4519.2307692307695
      vertex 2115.3846153846152 3846.1538461538457 4474.621953107181
    endloop
  endfacet
  facet normal 0.24253562503633253 1.9674189388751983e-16 -0.9701425001453321
    outer loop
      vertex -2957.0689667891365 4615.384615384615 3206.508557563746
      vertex 3013.038726412906 4615.384615384615 4699.035480864253
      vertex 2293.81987987897 3846.1538461538457 4519.2307692307695
    endloop
  endfacet
  facet normal 0 1 0
    outer loop
      vertex -2985.053846601021 4615.384615384615 3318.4480768112844
      vertex 2985.053846601021 4615.384615384615 4810.975000111792
      vertex 3013.038726412906 4615.384615384615 4699.035480864253
    endloop
  endfacet
  facet normal 0.970142500145332 0 0.242535625036333
    outer loop
      vertex 2985.053846601021 -4615.384615384615 4810.975000111792
      vertex 3013.038726412906 4615.384615384615 4699.035480864253
      vertex 2985.053846601021 4615.384615384615 4810.975000111792
    endloop
  endfacet
  facet normal 0 -1 0
    outer loop
      vertex 4863.653365580254 -3846.1538461538457 2858.125120143398
      vertex 2307.6923076923076 -3846.1538461538457 3497.1153846153848
      vertex 2307.6923076923076 -3846.1538461538457 3378.1796454148753
    endloop
  endfacet
  facet normal -0.242535625036333 -6.871236221497139e-16 -0.970142500145332
    outer loop
      vertex 4335.897435897436 -3525.641025641025 2871.128363363593
      vertex 4464.102564102564 -3525.641025641025 2839.077081312311
      vertex 2307.6923076923076 -3846.1538461538457 3378.1796454148753
    endloop
  endfacet
  facet normal -0.24253562503633294 -6.969430553536334e-16 -0.9701425001453318
    outer loop
      vertex 4464.102564102564 -3525.641025641025 2839.077081312311
      vertex 4835.6684857683695 -3846.1538461538457 2746.18560089586
      vertex 2307.6923076923076 -3846.1538461538457 3378.1796454148753
    endloop
  endfacet
  facet normal -0.2425356250363331 0 -0.970142500145332
    outer loop
      vertex 4335.897435897436 -3525.641025641025 2871.128363363593
      vertex 2307.6923076923076 -3846.1538461538457 3378.1796454148753
      vertex 4335.897435897436 -3397.435897435897 2871.128363363593
    endloop
  endfacet
  facet normal 0 -1 0
    outer loop
      vertex 4835.6684857683695 -3846.1538461538457 2746.18560089586
      vertex 4863.653365580254 -3846.1538461538457 2858.125120143398
      vertex 2307.6923076923076 -3846.1538461538457 3378.1796454148753
    endloop
  endfacet
  facet normal -0.24253562503633241 0 -0.9701425001453321
    outer loop
      vertex 4464.102564102564 -3525.641025641025 2839.077081312311
      vertex 4464.102564102564 -3397.435897435897 2839.077081312311
      vertex 4835.6684857683695 -3846.1538461538457 2746.18560089586
    endloop
  endfacet
  facet normal 0.24253562503633305 0 0.9701425001453319
    outer loop
      vertex 4863.653365580254 -3846.1538461538457 2858.125120143398
      vertex 2307.6923076923076 3846.1538461538457 3497.1153846153848
      vertex 2307.6923076923076 -3846.1538461538457 3497.1153846153848
    endloop
  endfacet
  facet normal -0.24253562503633297 0 -0.9701425001453319
    outer loop
      vertex 4335.897435897436 3525.641025641025 2871.128363363593
      vertex 2307.6923076923076 -3846.1538461538457 3378.1796454148753
      vertex 2307.6923076923076 -1903.9391673182815 3378.1796454148753
    endloop
  endfacet
  facet normal -0.24253562503633305 3.9032853665087777e-17 -0.9701425001453319
    outer loop
      vertex 4335.897435897436 -3397.435897435897 2871.128363363593
      vertex 2307.6923076923076 -3846.1538461538457 3378.1796454148753
      vertex 4835.6684857683695 3846.1538461538457 2746.18560089586
    endloop
  endfacet
  facet normal -0.24253562503633297 3.040370009512011e-17 -0.9701425001453319
    outer loop
      vertex 4335.897435897436 -3397.435897435897 2871.128363363593
      vertex 4835.6684857683695 3846.1538461538457 2746.18560089586
      vertex 4464.102564102564 -3397.435897435897 2839.077081312311
    endloop
  endfacet
  facet normal -0.24253562503633236 0 -0.970142500145332
    outer loop
      vertex 4464.102564102564 -3397.435897435897 2839.077081312311
      vertex 4835.6684857683695 3846.1538461538457 2746.18560089586
      vertex 4835.6684857683695 -3846.1538461538457 2746.18560089586
    endloop
  endfacet
  facet normal 0.9701425001453317 0 -0.24253562503633389
    outer loop
      vertex 4835.6684857683695 -3846.1538461538457 2746.18560089586
      vertex 4835.6684857683695 3846.1538461538457 2746.18560089586
      vertex 4863.653365580254 -3846.1538461538457 2858.125120143398
    endloop
  endfacet
  facet normal 0 1 0
    outer loop
      vertex 2307.6923076923076 3846.1538461538457 3378.1796454148753
      vertex 2297.3145361448833 3846.1538461538457 3380.7740883017314
      vertex 2296.949165424613 3846.1538461538457 3499.8011701823084
    endloop
  endfacet
  facet normal -0.24253562503633297 -3.040370009512011e-17 -0.9701425001453319
    outer loop
      vertex 4335.897435897436 3397.435897435897 2871.128363363593
      vertex 4464.102564102564 3397.435897435897 2839.077081312311
      vertex 2307.6923076923076 -3846.1538461538457 3378.1796454148753
    endloop
  endfacet
  facet normal -0.2425356250363331 0 -0.970142500145332
    outer loop
      vertex 4335.897435897436 3397.435897435897 2871.128363363593
      vertex 2307.6923076923076 -3846.1538461538457 3378.1796454148753
      vertex 4335.897435897436 3525.641025641025 2871.128363363593
    endloop
  endfacet
  facet normal -0.24253562503633197 -3.2757890330646536e-16 -0.9701425001453321
    outer loop
      vertex 4464.102564102564 3397.435897435897 2839.077081312311
      vertex 4835.6684857683695 3846.1538461538457 2746.18560089586
      vertex 2307.6923076923076 -3846.1538461538457 3378.1796454148753
    endloop
  endfacet
  facet normal -0.2425356250363331 0 -0.9701425001453319
    outer loop
      vertex 4335.897435897436 3525.641025641025 2871.128363363593
      vertex 2307.6923076923076 -1903.9391673182815 3378.1796454148753
      vertex 2307.6923076923076 3846.1538461538457 3378.1796454148753
    endloop
  endfacet
  facet normal 0.24253562503633305 0 0.9701425001453319
    outer loop
      vertex 4863.653365580254 -3846.1538461538457 2858.125120143398
      vertex 4863.653365580254 3846.1538461538457 2858.125120143398
      vertex 2307.6923076923076 3846.1538461538457 3497.1153846153848
    endloop
  endfacet
  facet normal 0.9701425001453317 0 -0.24253562503633389
    outer loop
      vertex 4863.653365580254 -3846.1538461538457 2858.125120143398
      vertex 4835.6684857683695 3846.1538461538457 2746.18560089586
      vertex 4863.653365580254 3846.1538461538457 2858.125120143398
    endloop
  endfacet
  facet normal 0 1 0
    outer loop
      vertex 4835.6684857683695 3846.1538461538457 2746.18560089586
      vertex 2307.6923076923076 3846.1538461538457 3378.1796454148753
      vertex 2296.949165424613 3846.1538461538457 3499.8011701823084
    endloop
  endfacet
  facet normal 0 1 0
    outer loop
      vertex 4835.6684857683695 3846.1538461538457 2746.18560089586
      vertex 2296.949165424613 3846.1538461538457 3499.8011701823084
      vertex 2307.6923076923076 3846.1538461538457 3497.1153846153848
    endloop
  endfacet
  facet normal -0.242535625036333 6.871236221497139e-16 -0.970142500145332
    outer loop
      vertex 4335.897435897436 3525.641025641025 2871.128363363593
      vertex 2307.6923076923076 3846.1538461538457 3378.1796454148753
      vertex 4464.102564102564 3525.641025641025 2839.077081312311
    endloop
  endfacet
  facet normal -0.24253562503633294 6.969430553536334e-16 -0.9701425001453318
    outer loop
      vertex 4464.102564102564 3525.641025641025 2839.077081312311
      vertex 2307.6923076923076 3846.1538461538457 3378.1796454148753
      vertex 4835.6684857683695 3846.1538461538457 2746.18560089586
    endloop
  endfacet
  facet normal -0.24253562503633241 0 -0.9701425001453321
    outer loop
      vertex 4464.102564102564 3397.435897435897 2839.077081312311
      vertex 4464.102564102564 3525.641025641025 2839.077081312311
      vertex 4835.6684857683695 3846.1538461538457 2746.18560089586
    endloop
  endfacet
  facet normal 0 1 0
    outer loop
      vertex 4835.6684857683695 3846.1538461538457 2746.18560089586
      vertex 2307.6923076923076 3846.1538461538457 3497.1153846153848
      vertex 4863.653365580254 3846.1538461538457 2858.125120143398
    endloop
  endfacet
  facet normal 0 -1 0
    outer loop
      vertex 2067.3076923076924 -2692.3076923076924 0
      vertex 2115.3846153846152 -2692.3076923076924 0
      vertex 2115.3846153846152 -2692.3076923076924 2564.1025641025644
    endloop
  endfacet
  facet normal 0 -1 0
    outer loop
      vertex 2355.7692307692305 -2692.3076923076924 2564.1025641025644
      vertex 2307.6923076923076 -2692.3076923076924 0
      vertex 2355.7692307692305 -2692.3076923076924 0
    endloop
  endfacet
  facet normal 1 0 0
    outer loop
      vertex 2355.7692307692305 -2692.3076923076924 2564.1025641025644
      vertex 2355.7692307692305 -2692.3076923076924 0
      vertex 2355.7692307692305 -1538.4615384615383 0
    endloop
  endfacet
  facet normal -1 0 0
    outer loop
      vertex 2067.3076923076924 -1538.4615384615383 2564.1025641025644
      vertex 2067.3076923076924 -1538.4615384615383 0
      vertex 2067.3076923076924 -2692.3076923076924 0
    endloop
  endfacet
  facet normal 0 1 0
    outer loop
      vertex 2067.3076923076924 -1538.4615384615383 2564.1025641025644
      vertex 2115.3846153846152 -1538.4615384615383 0
      vertex 2067.3076923076924 -1538.4615384615383 0
    endloop
  endfacet
  facet normal 0 1 0
    outer loop
      vertex 2355.7692307692305 -1538.4615384615383 0
      vertex 2307.6923076923076 -1538.4615384615383 0
      vertex 2307.6923076923076 -1538.4615384615383 2564.1025641025644
    endloop
  endfacet
  facet normal 0 -1 0
    outer loop
      vertex 2067.3076923076924 -2692.3076923076924 2564.1025641025644
      vertex 2067.3076923076924 -2692.3076923076924 0
      vertex 2115.3846153846152 -2692.3076923076924 2564.1025641025644
    endloop
  endfacet
  facet normal -1 0 0
    outer loop
      vertex 2067.3076923076924 -2692.3076923076924 2564.1025641025644
      vertex 2067.3076923076924 -1538.4615384615383 2564.1025641025644
      vertex 2067.3076923076924 -2692.3076923076924 0
    endloop
  endfacet
  facet normal 0 -1 0
    outer loop
      vertex 2355.7692307692305 -2692.3076923076924 2564.1025641025644
      vertex 2307.6923076923076 -2692.3076923076924 2564.1025641025644
      vertex 2307.6923076923076 -2692.3076923076924 0
    endloop
  endfacet
  facet normal 0 1 0
    outer loop
      vertex 2067.3076923076924 -1538.4615384615383 2564.1025641025644
      vertex 2115.3846153846152 -1538.4615384615383 2564.1025641025644
      vertex 2115.3846153846152 -1538.4615384615383 0
    endloop
  endfacet
  facet normal 1 0 0
    outer loop
      vertex 2355.7692307692305 -2692.3076923076924 2564.1025641025644
      vertex 2355.7692307692305 -1538.4615384615383 0
      vertex 2355.7692307692305 -1538.4615384615383 2564.1025641025644
    endloop
  endfacet
  facet normal 0 1 0
    outer loop
      vertex 2355.7692307692305 -1538.4615384615383 2564.1025641025644
      vertex 2355.7692307692305 -1538.4615384615383 0
      vertex 2307.6923076923076 -1538.4615384615383 2564.1025641025644
    endloop
  endfacet
  facet normal 0 0 1
    outer loop
      vertex 2067.3076923076924 -2692.3076923076924 2564.1025641025644
      vertex 2115.3846153846152 -2692.3076923076924 2564.1025641025644
      vertex 2115.3846153846152 -1538.4615384615383 2564.1025641025644
    endloop
  endfacet
  facet normal 0 0 1
    outer loop
      vertex 2355.7692307692305 -2692.3076923076924 2564.1025641025644
      vertex 2355.7692307692305 -1538.4615384615383 2564.1025641025644
      vertex 2307.6923076923076 -2692.3076923076924 2564.1025641025644
    endloop
  endfacet
  facet normal 0 0 1
    outer loop
      vertex 2067.3076923076924 -2692.3076923076924 2564.1025641025644
      vertex 2115.3846153846152 -1538.4615384615383 2564.1025641025644
      vertex 2067.3076923076924 -1538.4615384615383 2564.1025641025644
    endloop
  endfacet
  facet normal 0 0 1
    outer loop
      vertex 2355.7692307692305 -1538.4615384615383 2564.1025641025644
      vertex 2307.6923076923076 -1538.4615384615383 2564.1025641025644
      vertex 2307.6923076923076 -2692.3076923076924 2564.1025641025644
    endloop
  endfacet
  facet normal -1 0 0
    outer loop
      vertex -1730.7692307692307 -3894.2307692307686 2692.307692307692
      vertex -1730.7692307692307 -3846.1538461538457 0
      vertex -1730.7692307692307 -3894.2307692307686 0
    endloop
  endfacet
  facet normal -1 0 0
    outer loop
      vertex -1730.7692307692307 -3653.8461538461534 2692.307692307692
      vertex -1730.7692307692307 -3605.7692307692305 0
      vertex -1730.7692307692307 -3653.8461538461534 0
    endloop
  endfacet
  facet normal -1 0 0
    outer loop
      vertex -1730.7692307692307 -3894.2307692307686 2692.307692307692
      vertex -1730.7692307692307 -3846.1538461538457 2692.307692307692
      vertex -1730.7692307692307 -3846.1538461538457 0
    endloop
  endfacet
  facet normal -1 0 0
    outer loop
      vertex -1730.7692307692307 -3653.8461538461534 2692.307692307692
      vertex -1730.7692307692307 -3605.7692307692305 2692.307692307692
      vertex -1730.7692307692307 -3605.7692307692305 0
    endloop
  endfacet
  facet normal 0 1 0
    outer loop
      vertex -1730.7692307692307 -3605.7692307692305 2692.307692307692
      vertex 1730.7692307692307 -3605.7692307692305 0
      vertex -1730.7692307692307 -3605.7692307692305 0
    endloop
  endfacet
  facet normal 0 -1 0
    outer loop
      vertex -1730.7692307692307 -3894.2307692307686 2692.307692307692
      vertex -1730.7692307692307 -3894.2307692307686 0
      vertex 1730.7692307692307 -3894.2307692307686 2692.307692307692
    endloop
  endfacet
  facet normal 0 0 1
    outer loop
      vertex -1730.7692307692307 -3894.2307692307686 2692.307692307692
      vertex 1730.7692307692307 -3894.2307692307686 2692.307692307692
      vertex -1730.7692307692307 -3846.1538461538457 2692.307692307692
    endloop
  endfacet
  facet normal 0 0 1
    outer loop
      vertex -1730.7692307692307 -3653.8461538461534 2692.307692307692
      vertex 1730.7692307692307 -3653.8461538461534 2692.307692307692
      vertex -1730.7692307692307 -3605.7692307692305 2692.307692307692
    endloop
  endfacet
  facet normal 0 -1 0
    outer loop
      vertex 1730.7692307692307 -3894.2307692307686 2692.307692307692
      vertex -1730.7692307692307 -3894.2307692307686 0
      vertex 1730.7692307692307 -3894.2307692307686 0
    endloop
  endfacet
  facet normal 0 1 0
    outer loop
      vertex -1730.7692307692307 -3605.7692307692305 2692.307692307692
      vertex 1730.7692307692307 -3605.7692307692305 2692.307692307692
      vertex 1730.7692307692307 -3605.7692307692305 0
    endloop
  endfacet
  facet normal 1 0 0
    outer loop
      vertex 1730.7692307692307 -3846.1538461538457 2692.307692307692
      vertex 1730.7692307692307 -3894.2307692307686 0
      vertex 1730.7692307692307 -3846.1538461538457 0
    endloop
  endfacet
  facet normal 1 0 0
    outer loop
      vertex 1730.7692307692307 -3605.7692307692305 2692.307692307692
      vertex 1730.7692307692307 -3653.8461538461534 0
      vertex 1730.7692307692307 -3605.7692307692305 0
    endloop
  endfacet
  facet normal 1 0 0
    outer loop
      vertex 1730.7692307692307 -3894.2307692307686 2692.307692307692
      vertex 1730.7692307692307 -3894.2307692307686 0
      vertex 1730.7692307692307 -3846.1538461538457 2692.307692307692
    endloop
  endfacet
  facet normal 1 0 0
    outer loop
      vertex 1730.7692307692307 -3653.8461538461534 2692.307692307692
      vertex 1730.7692307692307 -3653.8461538461534 0
      vertex 1730.7692307692307 -3605.7692307692305 2692.307692307692
    endloop
  endfacet
  facet normal 0 0 1
    outer loop
      vertex -1730.7692307692307 -3846.1538461538457 2692.307692307692
      vertex 1730.7692307692307 -3894.2307692307686 2692.307692307692
      vertex 1730.7692307692307 -3846.1538461538457 2692.307692307692
    endloop
  endfacet
  facet normal 0 0 1
    outer loop
      vertex -1730.7692307692307 -3605.7692307692305 2692.307692307692
      vertex 1730.7692307692307 -3653.8461538461534 2692.307692307692
      vertex 1730.7692307692307 -3605.7692307692305 2692.307692307692
    endloop
  endfacet
  facet normal 0 0 -1
    outer loop
      vertex 2083.333333333333 0 1346.153846153846
      vertex 2083.333333333333 1923.0769230769229 1346.153846153846
      vertex 2115.3846153846152 0 1346.153846153846
    endloop
  endfacet
  facet normal 0 0 -1
    outer loop
      vertex 2339.74358974359 0 1346.153846153846
      vertex 2307.6923076923076 0 1346.153846153846
      vertex 2307.6923076923076 1923.0769230769229 1346.153846153846
    endloop
  endfacet
  facet normal 0 0 -1
    outer loop
      vertex 2083.333333333333 1923.0769230769229 1346.153846153846
      vertex 2115.3846153846152 1923.0769230769229 1346.153846153846
      vertex 2115.3846153846152 0 1346.153846153846
    endloop
  endfacet
  facet normal 0 0 -1
    outer loop
      vertex 2339.74358974359 0 1346.153846153846
      vertex 2307.6923076923076 1923.0769230769229 1346.153846153846
      vertex 2339.74358974359 1923.0769230769229 1346.153846153846
    endloop
  endfacet
  facet normal 0 -1 0
    outer loop
      vertex 2083.333333333333 0 1346.153846153846
      vertex 2115.3846153846152 0 1346.153846153846
      vertex 2115.3846153846152 0 2500
    endloop
  endfacet
  facet normal 0 -1 0
    outer loop
      vertex 2339.74358974359 0 1346.153846153846
      vertex 2339.74358974359 0 2500
      vertex 2307.6923076923076 0 1346.153846153846
    endloop
  endfacet
  facet normal 1 0 0
    outer loop
      vertex 2339.74358974359 0 1346.153846153846
      vertex 2339.74358974359 1923.0769230769229 1346.153846153846
      vertex 2339.74358974359 0 2500
    endloop
  endfacet
  facet normal -1 0 0
    outer loop
      vertex 2083.333333333333 0 1346.153846153846
      vertex 2083.333333333333 1923.0769230769229 2500
      vertex 2083.333333333333 1923.0769230769229 1346.153846153846
    endloop
  endfacet
  facet normal 0 1 0
    outer loop
      vertex 2083.333333333333 1923.0769230769229 1346.153846153846
      vertex 2083.333333333333 1923.0769230769229 2500
      vertex 2115.3846153846152 1923.0769230769229 1346.153846153846
    endloop
  endfacet
  facet normal 0 1 0
    outer loop
      vertex 2339.74358974359 1923.0769230769229 1346.153846153846
      vertex 2307.6923076923076 1923.0769230769229 1346.153846153846
      vertex 2307.6923076923076 1923.0769230769229 2500
    endloop
  endfacet
  facet normal 0 -1 0
    outer loop
      vertex 2083.333333333333 0 1346.153846153846
      vertex 2115.3846153846152 0 2500
      vertex 2083.333333333333 0 2500
    endloop
  endfacet
  facet normal -1 0 0
    outer loop
      vertex 2083.333333333333 0 1346.153846153846
      vertex 2083.333333333333 0 2500
      vertex 2083.333333333333 1923.0769230769229 2500
    endloop
  endfacet
  facet normal 0 -1 0
    outer loop
      vertex 2339.74358974359 0 2500
      vertex 2307.6923076923076 0 2500
      vertex 2307.6923076923076 0 1346.153846153846
    endloop
  endfacet
  facet normal 0 0 1
    outer loop
      vertex 2083.333333333333 0 2500
      vertex 2115.3846153846152 0 2500
      vertex 2115.3846153846152 1923.0769230769229 2500
    endloop
  endfacet
  facet normal 0 0 1
    outer loop
      vertex 2339.74358974359 0 2500
      vertex 2339.74358974359 1923.0769230769229 2500
      vertex 2307.6923076923076 0 2500
    endloop
  endfacet
  facet normal 1 0 0
    outer loop
      vertex 2339.74358974359 1923.0769230769229 1346.153846153846
      vertex 2339.74358974359 1923.0769230769229 2500
      vertex 2339.74358974359 0 2500
    endloop
  endfacet
  facet normal 0 0 1
    outer loop
      vertex 2083.333333333333 0 2500
      vertex 2115.3846153846152 1923.0769230769229 2500
      vertex 2083.333333333333 1923.0769230769229 2500
    endloop
  endfacet
  facet normal 0 0 1
    outer loop
      vertex 2339.74358974359 1923.0769230769229 2500
      vertex 2307.6923076923076 1923.0769230769229 2500
      vertex 2307.6923076923076 0 2500
    endloop
  endfacet
  facet normal 0 1 0
    outer loop
      vertex 2083.333333333333 1923.0769230769229 2500
      vertex 2115.3846153846152 1923.0769230769229 2500
      vertex 2115.3846153846152 1923.0769230769229 1346.153846153846
    endloop
  endfacet
  facet normal 0 1 0
    outer loop
      vertex 2339.74358974359 1923.0769230769229 1346.153846153846
      vertex 2307.6923076923076 1923.0769230769229 2500
      vertex 2339.74358974359 1923.0769230769229 2500
    endloop
  endfacet
endsolid OpenSCAD_Model
