solid OpenSCAD_Model
  facet normal -0.5877852522924734 -0.8090169943749472 0
    outer loop
      vertex 42.71321037238681 33.186259951005006 -1.2820512820512822
      vertex 43.03846153846154 32.94995114656838 -1.2820512820512822
      vertex 42.71321037238681 33.186259951005006 0
    endloop
  endfacet
  facet normal -0.7431448254773995 -0.6691306063588524 0
    outer loop
      vertex 42.71321037238681 33.186259951005006 -1.2820512820512822
      vertex 42.71321037238681 33.186259951005006 0
      vertex 42.44419808774049 33.48502836097601 0
    endloop
  endfacet
  facet normal -0.5877852522924734 -0.8090169943749472 0
    outer loop
      vertex 43.03846153846154 32.94995114656838 -1.2820512820512822
      vertex 43.03846153846154 32.94995114656838 0
      vertex 42.71321037238681 33.186259951005006 0
    endloop
  endfacet
  facet normal -0.8660254037844305 -0.5000000000000141 0
    outer loop
      vertex 42.44419808774049 33.48502836097601 -1.2820512820512822
      vertex 42.243181812225764 33.833198763315764 0
      vertex 42.243181812225764 33.833198763315764 -1.2820512820512822
    endloop
  endfacet
  facet normal -0.7431448254773995 -0.6691306063588524 0
    outer loop
      vertex 42.71321037238681 33.186259951005006 -1.2820512820512822
      vertex 42.44419808774049 33.48502836097601 0
      vertex 42.44419808774049 33.48502836097601 -1.2820512820512822
    endloop
  endfacet
  facet normal -0.9510565162951581 -0.30901699437493363 0
    outer loop
      vertex 42.11894692166576 34.215554440735076 -1.2820512820512822
      vertex 42.243181812225764 33.833198763315764 -1.2820512820512822
      vertex 42.11894692166576 34.215554440735076 0
    endloop
  endfacet
  facet normal -0.8660254037844305 -0.5000000000000141 0
    outer loop
      vertex 42.44419808774049 33.48502836097601 -1.2820512820512822
      vertex 42.44419808774049 33.48502836097601 0
      vertex 42.243181812225764 33.833198763315764 0
    endloop
  endfacet
  facet normal -0.9510565162951581 -0.30901699437493363 0
    outer loop
      vertex 42.243181812225764 33.833198763315764 -1.2820512820512822
      vertex 42.243181812225764 33.833198763315764 0
      vertex 42.11894692166576 34.215554440735076 0
    endloop
  endfacet
  facet normal -0.9945218953682736 -0.10452846326764918 0
    outer loop
      vertex 42.11894692166576 34.215554440735076 -1.2820512820512822
      vertex 42.07692307692308 34.61538461538461 0
      vertex 42.07692307692308 34.61538461538461 -1.2820512820512822
    endloop
  endfacet
  facet normal -0.9945218953682736 0.10452846326764918 0
    outer loop
      vertex 42.07692307692308 34.61538461538461 -1.2820512820512822
      vertex 42.11894692166576 35.01521479003415 0
      vertex 42.11894692166576 35.01521479003415 -1.2820512820512822
    endloop
  endfacet
  facet normal -0.9945218953682736 -0.10452846326764918 0
    outer loop
      vertex 42.11894692166576 34.215554440735076 -1.2820512820512822
      vertex 42.11894692166576 34.215554440735076 0
      vertex 42.07692307692308 34.61538461538461 0
    endloop
  endfacet
  facet normal -0.9945218953682736 0.10452846326764918 0
    outer loop
      vertex 42.07692307692308 34.61538461538461 -1.2820512820512822
      vertex 42.07692307692308 34.61538461538461 0
      vertex 42.11894692166576 35.01521479003415 0
    endloop
  endfacet
  facet normal -0.9510565162951563 0.30901699437493885 0
    outer loop
      vertex 42.11894692166576 35.01521479003415 -1.2820512820512822
      vertex 42.11894692166576 35.01521479003415 0
      vertex 42.243181812225764 35.397570467453455 0
    endloop
  endfacet
  facet normal -0.9510565162951563 0.30901699437493885 0
    outer loop
      vertex 42.11894692166576 35.01521479003415 -1.2820512820512822
      vertex 42.243181812225764 35.397570467453455 0
      vertex 42.243181812225764 35.397570467453455 -1.2820512820512822
    endloop
  endfacet
  facet normal -0.8660254037844349 0.5000000000000064 0
    outer loop
      vertex 42.243181812225764 35.397570467453455 -1.2820512820512822
      vertex 42.44419808774049 35.74574086979322 0
      vertex 42.44419808774049 35.74574086979322 -1.2820512820512822
    endloop
  endfacet
  facet normal -0.7431448254773916 0.6691306063588611 0
    outer loop
      vertex 42.44419808774049 35.74574086979322 -1.2820512820512822
      vertex 42.71321037238681 36.04450927976421 0
      vertex 42.71321037238681 36.04450927976421 -1.2820512820512822
    endloop
  endfacet
  facet normal -0.8660254037844349 0.5000000000000064 0
    outer loop
      vertex 42.243181812225764 35.397570467453455 -1.2820512820512822
      vertex 42.243181812225764 35.397570467453455 0
      vertex 42.44419808774049 35.74574086979322 0
    endloop
  endfacet
  facet normal -0.7431448254773916 0.6691306063588611 0
    outer loop
      vertex 42.44419808774049 35.74574086979322 -1.2820512820512822
      vertex 42.44419808774049 35.74574086979322 0
      vertex 42.71321037238681 36.04450927976421 0
    endloop
  endfacet
  facet normal -0.406736643075798 -0.9135454576426019 0
    outer loop
      vertex 43.03846153846154 32.94995114656838 -1.2820512820512822
      vertex 43.40573654927895 32.78642977635547 -1.2820512820512822
      vertex 43.03846153846154 32.94995114656838 0
    endloop
  endfacet
  facet normal -0.2079116908177627 -0.9781476007338048 0
    outer loop
      vertex 43.40573654927895 32.78642977635547 -1.2820512820512822
      vertex 43.79898372448528 32.70284250890716 -1.2820512820512822
      vertex 43.40573654927895 32.78642977635547 0
    endloop
  endfacet
  facet normal -0.406736643075798 -0.9135454576426019 0
    outer loop
      vertex 43.40573654927895 32.78642977635547 -1.2820512820512822
      vertex 43.40573654927895 32.78642977635547 0
      vertex 43.03846153846154 32.94995114656838 0
    endloop
  endfacet
  facet normal -0.2079116908177627 -0.9781476007338048 0
    outer loop
      vertex 43.79898372448528 32.70284250890716 -1.2820512820512822
      vertex 43.79898372448528 32.70284250890716 0
      vertex 43.40573654927895 32.78642977635547 0
    endloop
  endfacet
  facet normal 0 -1 0
    outer loop
      vertex 43.79898372448528 32.70284250890716 -1.2820512820512822
      vertex 44.201016275514725 32.70284250890716 -1.2820512820512822
      vertex 43.79898372448528 32.70284250890716 0
    endloop
  endfacet
  facet normal 0.2079116908177627 -0.9781476007338048 0
    outer loop
      vertex 44.201016275514725 32.70284250890716 -1.2820512820512822
      vertex 44.59426345072106 32.78642977635547 -1.2820512820512822
      vertex 44.201016275514725 32.70284250890716 0
    endloop
  endfacet
  facet normal 0 -1 0
    outer loop
      vertex 44.201016275514725 32.70284250890716 -1.2820512820512822
      vertex 44.201016275514725 32.70284250890716 0
      vertex 43.79898372448528 32.70284250890716 0
    endloop
  endfacet
  facet normal 0.2079116908177627 -0.9781476007338048 0
    outer loop
      vertex 44.59426345072106 32.78642977635547 -1.2820512820512822
      vertex 44.59426345072106 32.78642977635547 0
      vertex 44.201016275514725 32.70284250890716 0
    endloop
  endfacet
  facet normal 0.4067366430758046 -0.913545457642599 0
    outer loop
      vertex 44.59426345072106 32.78642977635547 -1.2820512820512822
      vertex 44.96153846153846 32.94995114656838 -1.2820512820512822
      vertex 44.59426345072106 32.78642977635547 0
    endloop
  endfacet
  facet normal 0.5877852522924734 -0.8090169943749472 0
    outer loop
      vertex 44.96153846153846 32.94995114656838 -1.2820512820512822
      vertex 45.28678962761319 33.186259951005006 -1.2820512820512822
      vertex 44.96153846153846 32.94995114656838 0
    endloop
  endfacet
  facet normal 0.7431448254773995 -0.6691306063588524 0
    outer loop
      vertex 45.28678962761319 33.186259951005006 -1.2820512820512822
      vertex 45.55580191225951 33.48502836097601 -1.2820512820512822
      vertex 45.28678962761319 33.186259951005006 0
    endloop
  endfacet
  facet normal 0.4067366430758046 -0.913545457642599 0
    outer loop
      vertex 44.96153846153846 32.94995114656838 -1.2820512820512822
      vertex 44.96153846153846 32.94995114656838 0
      vertex 44.59426345072106 32.78642977635547 0
    endloop
  endfacet
  facet normal 0.5877852522924734 -0.8090169943749472 0
    outer loop
      vertex 45.28678962761319 33.186259951005006 -1.2820512820512822
      vertex 45.28678962761319 33.186259951005006 0
      vertex 44.96153846153846 32.94995114656838 0
    endloop
  endfacet
  facet normal 0.8660254037844305 -0.5000000000000141 0
    outer loop
      vertex 45.55580191225951 33.48502836097601 -1.2820512820512822
      vertex 45.756818187774236 33.833198763315764 -1.2820512820512822
      vertex 45.55580191225951 33.48502836097601 0
    endloop
  endfacet
  facet normal 0.951056516295153 -0.30901699437494967 0
    outer loop
      vertex 45.756818187774236 33.833198763315764 -1.2820512820512822
      vertex 45.88105307833425 34.215554440735076 -1.2820512820512822
      vertex 45.756818187774236 33.833198763315764 0
    endloop
  endfacet
  facet normal 0.7431448254773995 -0.6691306063588524 0
    outer loop
      vertex 45.55580191225951 33.48502836097601 -1.2820512820512822
      vertex 45.55580191225951 33.48502836097601 0
      vertex 45.28678962761319 33.186259951005006 0
    endloop
  endfacet
  facet normal 0.8660254037844305 -0.5000000000000141 0
    outer loop
      vertex 45.756818187774236 33.833198763315764 -1.2820512820512822
      vertex 45.756818187774236 33.833198763315764 0
      vertex 45.55580191225951 33.48502836097601 0
    endloop
  endfacet
  facet normal 0.951056516295153 -0.30901699437494967 0
    outer loop
      vertex 45.88105307833425 34.215554440735076 -1.2820512820512822
      vertex 45.88105307833425 34.215554440735076 0
      vertex 45.756818187774236 33.833198763315764 0
    endloop
  endfacet
  facet normal 0.7431448254773916 0.6691306063588611 0
    outer loop
      vertex 45.28678962761319 36.04450927976421 -1.2820512820512822
      vertex 45.28678962761319 36.04450927976421 0
      vertex 45.55580191225951 35.74574086979322 0
    endloop
  endfacet
  facet normal 0.9510565162951511 0.30901699437495483 0
    outer loop
      vertex 45.88105307833425 35.01521479003415 -1.2820512820512822
      vertex 45.756818187774236 35.397570467453455 -1.2820512820512822
      vertex 45.88105307833425 35.01521479003415 0
    endloop
  endfacet
  facet normal 0.9945218953682736 -0.10452846326764918 0
    outer loop
      vertex 45.88105307833425 34.215554440735076 -1.2820512820512822
      vertex 45.92307692307693 34.61538461538461 -1.2820512820512822
      vertex 45.88105307833425 34.215554440735076 0
    endloop
  endfacet
  facet normal 0.9945218953682736 0.10452846326764918 0
    outer loop
      vertex 45.92307692307693 34.61538461538461 -1.2820512820512822
      vertex 45.88105307833425 35.01521479003415 -1.2820512820512822
      vertex 45.92307692307693 34.61538461538461 0
    endloop
  endfacet
  facet normal 0.9945218953682736 -0.10452846326764918 0
    outer loop
      vertex 45.92307692307693 34.61538461538461 -1.2820512820512822
      vertex 45.92307692307693 34.61538461538461 0
      vertex 45.88105307833425 34.215554440735076 0
    endloop
  endfacet
  facet normal 0.9945218953682736 0.10452846326764918 0
    outer loop
      vertex 45.88105307833425 35.01521479003415 -1.2820512820512822
      vertex 45.88105307833425 35.01521479003415 0
      vertex 45.92307692307693 34.61538461538461 0
    endloop
  endfacet
  facet normal 0.8660254037844349 0.5000000000000064 0
    outer loop
      vertex 45.756818187774236 35.397570467453455 -1.2820512820512822
      vertex 45.55580191225951 35.74574086979322 -1.2820512820512822
      vertex 45.756818187774236 35.397570467453455 0
    endloop
  endfacet
  facet normal 0.7431448254773916 0.6691306063588611 0
    outer loop
      vertex 45.28678962761319 36.04450927976421 -1.2820512820512822
      vertex 45.55580191225951 35.74574086979322 0
      vertex 45.55580191225951 35.74574086979322 -1.2820512820512822
    endloop
  endfacet
  facet normal 0.9510565162951511 0.30901699437495483 0
    outer loop
      vertex 45.756818187774236 35.397570467453455 -1.2820512820512822
      vertex 45.756818187774236 35.397570467453455 0
      vertex 45.88105307833425 35.01521479003415 0
    endloop
  endfacet
  facet normal 0.8660254037844349 0.5000000000000064 0
    outer loop
      vertex 45.55580191225951 35.74574086979322 -1.2820512820512822
      vertex 45.55580191225951 35.74574086979322 0
      vertex 45.756818187774236 35.397570467453455 0
    endloop
  endfacet
  facet normal -0.5877852522924734 0.8090169943749472 0
    outer loop
      vertex 42.71321037238681 36.04450927976421 -1.2820512820512822
      vertex 43.03846153846154 36.28081808420084 0
      vertex 43.03846153846154 36.28081808420084 -1.2820512820512822
    endloop
  endfacet
  facet normal -0.5877852522924734 0.8090169943749472 0
    outer loop
      vertex 42.71321037238681 36.04450927976421 -1.2820512820512822
      vertex 42.71321037238681 36.04450927976421 0
      vertex 43.03846153846154 36.28081808420084 0
    endloop
  endfacet
  facet normal -0.406736643075798 0.9135454576426019 0
    outer loop
      vertex 43.03846153846154 36.28081808420084 -1.2820512820512822
      vertex 43.40573654927895 36.44433945441375 0
      vertex 43.40573654927895 36.44433945441375 -1.2820512820512822
    endloop
  endfacet
  facet normal -0.2079116908177627 0.9781476007338048 0
    outer loop
      vertex 43.40573654927895 36.44433945441375 -1.2820512820512822
      vertex 43.79898372448528 36.52792672186206 0
      vertex 43.79898372448528 36.52792672186206 -1.2820512820512822
    endloop
  endfacet
  facet normal -0.406736643075798 0.9135454576426019 0
    outer loop
      vertex 43.03846153846154 36.28081808420084 -1.2820512820512822
      vertex 43.03846153846154 36.28081808420084 0
      vertex 43.40573654927895 36.44433945441375 0
    endloop
  endfacet
  facet normal -0.2079116908177627 0.9781476007338048 0
    outer loop
      vertex 43.40573654927895 36.44433945441375 -1.2820512820512822
      vertex 43.40573654927895 36.44433945441375 0
      vertex 43.79898372448528 36.52792672186206 0
    endloop
  endfacet
  facet normal 0 1 0
    outer loop
      vertex 43.79898372448528 36.52792672186206 -1.2820512820512822
      vertex 44.201016275514725 36.52792672186206 0
      vertex 44.201016275514725 36.52792672186206 -1.2820512820512822
    endloop
  endfacet
  facet normal 0.2079116908177627 0.9781476007338048 0
    outer loop
      vertex 44.201016275514725 36.52792672186206 -1.2820512820512822
      vertex 44.59426345072106 36.44433945441375 0
      vertex 44.59426345072106 36.44433945441375 -1.2820512820512822
    endloop
  endfacet
  facet normal 0 1 0
    outer loop
      vertex 43.79898372448528 36.52792672186206 -1.2820512820512822
      vertex 43.79898372448528 36.52792672186206 0
      vertex 44.201016275514725 36.52792672186206 0
    endloop
  endfacet
  facet normal 0.2079116908177627 0.9781476007338048 0
    outer loop
      vertex 44.201016275514725 36.52792672186206 -1.2820512820512822
      vertex 44.201016275514725 36.52792672186206 0
      vertex 44.59426345072106 36.44433945441375 0
    endloop
  endfacet
  facet normal 0.4067366430758046 0.913545457642599 0
    outer loop
      vertex 44.59426345072106 36.44433945441375 -1.2820512820512822
      vertex 44.96153846153846 36.28081808420084 0
      vertex 44.96153846153846 36.28081808420084 -1.2820512820512822
    endloop
  endfacet
  facet normal 0.5877852522924734 0.8090169943749472 0
    outer loop
      vertex 45.28678962761319 36.04450927976421 -1.2820512820512822
      vertex 44.96153846153846 36.28081808420084 -1.2820512820512822
      vertex 45.28678962761319 36.04450927976421 0
    endloop
  endfacet
  facet normal 0.4067366430758046 0.913545457642599 0
    outer loop
      vertex 44.59426345072106 36.44433945441375 -1.2820512820512822
      vertex 44.59426345072106 36.44433945441375 0
      vertex 44.96153846153846 36.28081808420084 0
    endloop
  endfacet
  facet normal 0.5877852522924734 0.8090169943749472 0
    outer loop
      vertex 44.96153846153846 36.28081808420084 -1.2820512820512822
      vertex 44.96153846153846 36.28081808420084 0
      vertex 45.28678962761319 36.04450927976421 0
    endloop
  endfacet
  facet normal 0 0 1
    outer loop
      vertex 42.44419808774049 33.48502836097601 0
      vertex 42.243181812225764 35.397570467453455 0
      vertex 42.243181812225764 33.833198763315764 0
    endloop
  endfacet
  facet normal 0 0 1
    outer loop
      vertex 42.71321037238681 33.186259951005006 0
      vertex 42.44419808774049 35.74574086979322 0
      vertex 42.44419808774049 33.48502836097601 0
    endloop
  endfacet
  facet normal 0 0 1
    outer loop
      vertex 42.71321037238681 33.186259951005006 0
      vertex 43.03846153846154 32.94995114656838 0
      vertex 42.71321037238681 36.04450927976421 0
    endloop
  endfacet
  facet normal 0 0 1
    outer loop
      vertex 42.11894692166576 34.215554440735076 0
      vertex 42.11894692166576 35.01521479003415 0
      vertex 42.07692307692308 34.61538461538461 0
    endloop
  endfacet
  facet normal 0 0 1
    outer loop
      vertex 42.11894692166576 34.215554440735076 0
      vertex 42.243181812225764 33.833198763315764 0
      vertex 42.11894692166576 35.01521479003415 0
    endloop
  endfacet
  facet normal 0 0 1
    outer loop
      vertex 42.243181812225764 33.833198763315764 0
      vertex 42.243181812225764 35.397570467453455 0
      vertex 42.11894692166576 35.01521479003415 0
    endloop
  endfacet
  facet normal 0 0 1
    outer loop
      vertex 42.44419808774049 33.48502836097601 0
      vertex 42.44419808774049 35.74574086979322 0
      vertex 42.243181812225764 35.397570467453455 0
    endloop
  endfacet
  facet normal 0 0 1
    outer loop
      vertex 42.71321037238681 33.186259951005006 0
      vertex 42.71321037238681 36.04450927976421 0
      vertex 42.44419808774049 35.74574086979322 0
    endloop
  endfacet
  facet normal 0 0 1
    outer loop
      vertex 42.71321037238681 36.04450927976421 0
      vertex 43.03846153846154 32.94995114656838 0
      vertex 43.03846153846154 36.28081808420084 0
    endloop
  endfacet
  facet normal 0 0 1
    outer loop
      vertex 43.40573654927895 32.78642977635547 0
      vertex 43.79898372448528 32.70284250890716 0
      vertex 43.35897435897436 33.97435897435897 0
    endloop
  endfacet
  facet normal 0 0 1
    outer loop
      vertex 43.35897435897436 33.97435897435897 0
      vertex 43.79898372448528 32.70284250890716 0
      vertex 44.201016275514725 32.70284250890716 0
    endloop
  endfacet
  facet normal 0 0 1
    outer loop
      vertex 43.03846153846154 32.94995114656838 0
      vertex 43.40573654927895 32.78642977635547 0
      vertex 43.03846153846154 36.28081808420084 0
    endloop
  endfacet
  facet normal 0 0 1
    outer loop
      vertex 43.35897435897436 33.97435897435897 0
      vertex 44.201016275514725 32.70284250890716 0
      vertex 44.59426345072106 32.78642977635547 0
    endloop
  endfacet
  facet normal 0 0 1
    outer loop
      vertex 43.35897435897436 33.97435897435897 0
      vertex 44.59426345072106 32.78642977635547 0
      vertex 44.96153846153846 32.94995114656838 0
    endloop
  endfacet
  facet normal 0 0 1
    outer loop
      vertex 43.35897435897436 33.97435897435897 0
      vertex 44.96153846153846 32.94995114656838 0
      vertex 44.64102564102564 33.97435897435897 0
    endloop
  endfacet
  facet normal 0 0 1
    outer loop
      vertex 43.40573654927895 32.78642977635547 0
      vertex 43.35897435897436 33.97435897435897 0
      vertex 43.03846153846154 36.28081808420084 0
    endloop
  endfacet
  facet normal 0 0 1
    outer loop
      vertex 43.35897435897436 33.97435897435897 0
      vertex 43.35897435897436 35.25641025641025 0
      vertex 43.03846153846154 36.28081808420084 0
    endloop
  endfacet
  facet normal 0 0 1
    outer loop
      vertex 43.35897435897436 35.25641025641025 0
      vertex 44.64102564102564 35.25641025641025 0
      vertex 43.03846153846154 36.28081808420084 0
    endloop
  endfacet
  facet normal 0 0 1
    outer loop
      vertex 44.64102564102564 35.25641025641025 0
      vertex 43.40573654927895 36.44433945441375 0
      vertex 43.03846153846154 36.28081808420084 0
    endloop
  endfacet
  facet normal 0 0 1
    outer loop
      vertex 44.96153846153846 32.94995114656838 0
      vertex 44.64102564102564 35.25641025641025 0
      vertex 44.64102564102564 33.97435897435897 0
    endloop
  endfacet
  facet normal 0 0 1
    outer loop
      vertex 44.96153846153846 32.94995114656838 0
      vertex 45.28678962761319 33.186259951005006 0
      vertex 44.96153846153846 36.28081808420084 0
    endloop
  endfacet
  facet normal 0 0 1
    outer loop
      vertex 45.28678962761319 33.186259951005006 0
      vertex 45.55580191225951 33.48502836097601 0
      vertex 45.28678962761319 36.04450927976421 0
    endloop
  endfacet
  facet normal 0 0 1
    outer loop
      vertex 44.96153846153846 32.94995114656838 0
      vertex 44.59426345072106 36.44433945441375 0
      vertex 44.64102564102564 35.25641025641025 0
    endloop
  endfacet
  facet normal 0 0 1
    outer loop
      vertex 44.96153846153846 32.94995114656838 0
      vertex 44.96153846153846 36.28081808420084 0
      vertex 44.59426345072106 36.44433945441375 0
    endloop
  endfacet
  facet normal 0 0 1
    outer loop
      vertex 45.28678962761319 33.186259951005006 0
      vertex 45.28678962761319 36.04450927976421 0
      vertex 44.96153846153846 36.28081808420084 0
    endloop
  endfacet
  facet normal 0 0 1
    outer loop
      vertex 45.55580191225951 33.48502836097601 0
      vertex 45.756818187774236 33.833198763315764 0
      vertex 45.55580191225951 35.74574086979322 0
    endloop
  endfacet
  facet normal 0 0 1
    outer loop
      vertex 45.756818187774236 33.833198763315764 0
      vertex 45.88105307833425 34.215554440735076 0
      vertex 45.756818187774236 35.397570467453455 0
    endloop
  endfacet
  facet normal 0 0 1
    outer loop
      vertex 45.55580191225951 33.48502836097601 0
      vertex 45.55580191225951 35.74574086979322 0
      vertex 45.28678962761319 36.04450927976421 0
    endloop
  endfacet
  facet normal 0 0 1
    outer loop
      vertex 45.88105307833425 34.215554440735076 0
      vertex 45.88105307833425 35.01521479003415 0
      vertex 45.756818187774236 35.397570467453455 0
    endloop
  endfacet
  facet normal 0 0 1
    outer loop
      vertex 45.756818187774236 33.833198763315764 0
      vertex 45.756818187774236 35.397570467453455 0
      vertex 45.55580191225951 35.74574086979322 0
    endloop
  endfacet
  facet normal 0 0 1
    outer loop
      vertex 45.88105307833425 34.215554440735076 0
      vertex 45.92307692307693 34.61538461538461 0
      vertex 45.88105307833425 35.01521479003415 0
    endloop
  endfacet
  facet normal 0 0 1
    outer loop
      vertex 44.64102564102564 35.25641025641025 0
      vertex 43.79898372448528 36.52792672186206 0
      vertex 43.40573654927895 36.44433945441375 0
    endloop
  endfacet
  facet normal 0 0 1
    outer loop
      vertex 44.64102564102564 35.25641025641025 0
      vertex 44.201016275514725 36.52792672186206 0
      vertex 43.79898372448528 36.52792672186206 0
    endloop
  endfacet
  facet normal 0 0 1
    outer loop
      vertex 44.64102564102564 35.25641025641025 0
      vertex 44.59426345072106 36.44433945441375 0
      vertex 44.201016275514725 36.52792672186206 0
    endloop
  endfacet
  facet normal -0.5877852522924734 -0.8090169943749472 0
    outer loop
      vertex 43.03846153846154 -36.28081808420084 -1.2820512820512822
      vertex 42.71321037238681 -36.04450927976421 0
      vertex 42.71321037238681 -36.04450927976421 -1.2820512820512822
    endloop
  endfacet
  facet normal -0.5877852522924734 -0.8090169943749472 0
    outer loop
      vertex 43.03846153846154 -36.28081808420084 -1.2820512820512822
      vertex 43.03846153846154 -36.28081808420084 0
      vertex 42.71321037238681 -36.04450927976421 0
    endloop
  endfacet
  facet normal -0.406736643075798 -0.9135454576426019 0
    outer loop
      vertex 43.03846153846154 -36.28081808420084 -1.2820512820512822
      vertex 43.40573654927895 -36.44433945441375 -1.2820512820512822
      vertex 43.03846153846154 -36.28081808420084 0
    endloop
  endfacet
  facet normal -0.2079116908177627 -0.9781476007338048 0
    outer loop
      vertex 43.40573654927895 -36.44433945441375 -1.2820512820512822
      vertex 43.79898372448528 -36.52792672186206 -1.2820512820512822
      vertex 43.40573654927895 -36.44433945441375 0
    endloop
  endfacet
  facet normal -0.406736643075798 -0.9135454576426019 0
    outer loop
      vertex 43.40573654927895 -36.44433945441375 -1.2820512820512822
      vertex 43.40573654927895 -36.44433945441375 0
      vertex 43.03846153846154 -36.28081808420084 0
    endloop
  endfacet
  facet normal -0.2079116908177627 -0.9781476007338048 0
    outer loop
      vertex 43.79898372448528 -36.52792672186206 -1.2820512820512822
      vertex 43.79898372448528 -36.52792672186206 0
      vertex 43.40573654927895 -36.44433945441375 0
    endloop
  endfacet
  facet normal 0 -1 0
    outer loop
      vertex 43.79898372448528 -36.52792672186206 -1.2820512820512822
      vertex 44.201016275514725 -36.52792672186206 -1.2820512820512822
      vertex 43.79898372448528 -36.52792672186206 0
    endloop
  endfacet
  facet normal 0.2079116908177627 -0.9781476007338048 0
    outer loop
      vertex 44.201016275514725 -36.52792672186206 -1.2820512820512822
      vertex 44.59426345072106 -36.44433945441375 -1.2820512820512822
      vertex 44.201016275514725 -36.52792672186206 0
    endloop
  endfacet
  facet normal 0 -1 0
    outer loop
      vertex 44.201016275514725 -36.52792672186206 -1.2820512820512822
      vertex 44.201016275514725 -36.52792672186206 0
      vertex 43.79898372448528 -36.52792672186206 0
    endloop
  endfacet
  facet normal 0.2079116908177627 -0.9781476007338048 0
    outer loop
      vertex 44.59426345072106 -36.44433945441375 -1.2820512820512822
      vertex 44.59426345072106 -36.44433945441375 0
      vertex 44.201016275514725 -36.52792672186206 0
    endloop
  endfacet
  facet normal 0.4067366430758046 -0.913545457642599 0
    outer loop
      vertex 44.59426345072106 -36.44433945441375 -1.2820512820512822
      vertex 44.96153846153846 -36.28081808420084 -1.2820512820512822
      vertex 44.59426345072106 -36.44433945441375 0
    endloop
  endfacet
  facet normal 0.5877852522924734 -0.8090169943749472 0
    outer loop
      vertex 44.96153846153846 -36.28081808420084 -1.2820512820512822
      vertex 45.28678962761319 -36.04450927976421 -1.2820512820512822
      vertex 44.96153846153846 -36.28081808420084 0
    endloop
  endfacet
  facet normal 0.4067366430758046 -0.913545457642599 0
    outer loop
      vertex 44.96153846153846 -36.28081808420084 -1.2820512820512822
      vertex 44.96153846153846 -36.28081808420084 0
      vertex 44.59426345072106 -36.44433945441375 0
    endloop
  endfacet
  facet normal 0.5877852522924734 -0.8090169943749472 0
    outer loop
      vertex 45.28678962761319 -36.04450927976421 -1.2820512820512822
      vertex 45.28678962761319 -36.04450927976421 0
      vertex 44.96153846153846 -36.28081808420084 0
    endloop
  endfacet
  facet normal -0.9945218953682736 -0.10452846326764918 0
    outer loop
      vertex 42.11894692166576 -35.01521479003415 -1.2820512820512822
      vertex 42.07692307692308 -34.61538461538461 0
      vertex 42.07692307692308 -34.61538461538461 -1.2820512820512822
    endloop
  endfacet
  facet normal -0.9945218953682736 0.10452846326764918 0
    outer loop
      vertex 42.07692307692308 -34.61538461538461 -1.2820512820512822
      vertex 42.11894692166576 -34.215554440735076 0
      vertex 42.11894692166576 -34.215554440735076 -1.2820512820512822
    endloop
  endfacet
  facet normal -0.9945218953682736 -0.10452846326764918 0
    outer loop
      vertex 42.11894692166576 -35.01521479003415 -1.2820512820512822
      vertex 42.11894692166576 -35.01521479003415 0
      vertex 42.07692307692308 -34.61538461538461 0
    endloop
  endfacet
  facet normal -0.9945218953682736 0.10452846326764918 0
    outer loop
      vertex 42.07692307692308 -34.61538461538461 -1.2820512820512822
      vertex 42.07692307692308 -34.61538461538461 0
      vertex 42.11894692166576 -34.215554440735076 0
    endloop
  endfacet
  facet normal -0.7431448254773916 -0.6691306063588611 0
    outer loop
      vertex 42.44419808774049 -35.74574086979322 -1.2820512820512822
      vertex 42.71321037238681 -36.04450927976421 -1.2820512820512822
      vertex 42.44419808774049 -35.74574086979322 0
    endloop
  endfacet
  facet normal -0.8660254037844349 -0.5000000000000064 0
    outer loop
      vertex 42.44419808774049 -35.74574086979322 -1.2820512820512822
      vertex 42.243181812225764 -35.397570467453455 0
      vertex 42.243181812225764 -35.397570467453455 -1.2820512820512822
    endloop
  endfacet
  facet normal -0.8660254037844349 -0.5000000000000064 0
    outer loop
      vertex 42.44419808774049 -35.74574086979322 -1.2820512820512822
      vertex 42.44419808774049 -35.74574086979322 0
      vertex 42.243181812225764 -35.397570467453455 0
    endloop
  endfacet
  facet normal -0.9510565162951563 -0.30901699437493885 0
    outer loop
      vertex 42.243181812225764 -35.397570467453455 -1.2820512820512822
      vertex 42.243181812225764 -35.397570467453455 0
      vertex 42.11894692166576 -35.01521479003415 0
    endloop
  endfacet
  facet normal -0.7431448254773916 -0.6691306063588611 0
    outer loop
      vertex 42.71321037238681 -36.04450927976421 -1.2820512820512822
      vertex 42.71321037238681 -36.04450927976421 0
      vertex 42.44419808774049 -35.74574086979322 0
    endloop
  endfacet
  facet normal -0.9510565162951563 -0.30901699437493885 0
    outer loop
      vertex 42.11894692166576 -35.01521479003415 -1.2820512820512822
      vertex 42.243181812225764 -35.397570467453455 -1.2820512820512822
      vertex 42.11894692166576 -35.01521479003415 0
    endloop
  endfacet
  facet normal -0.9510565162951581 0.30901699437493363 0
    outer loop
      vertex 42.11894692166576 -34.215554440735076 -1.2820512820512822
      vertex 42.243181812225764 -33.833198763315764 0
      vertex 42.243181812225764 -33.833198763315764 -1.2820512820512822
    endloop
  endfacet
  facet normal -0.8660254037844305 0.5000000000000141 0
    outer loop
      vertex 42.243181812225764 -33.833198763315764 -1.2820512820512822
      vertex 42.44419808774049 -33.48502836097601 0
      vertex 42.44419808774049 -33.48502836097601 -1.2820512820512822
    endloop
  endfacet
  facet normal -0.9510565162951581 0.30901699437493363 0
    outer loop
      vertex 42.11894692166576 -34.215554440735076 -1.2820512820512822
      vertex 42.11894692166576 -34.215554440735076 0
      vertex 42.243181812225764 -33.833198763315764 0
    endloop
  endfacet
  facet normal -0.8660254037844305 0.5000000000000141 0
    outer loop
      vertex 42.243181812225764 -33.833198763315764 -1.2820512820512822
      vertex 42.243181812225764 -33.833198763315764 0
      vertex 42.44419808774049 -33.48502836097601 0
    endloop
  endfacet
  facet normal -0.7431448254773995 0.6691306063588524 0
    outer loop
      vertex 42.44419808774049 -33.48502836097601 -1.2820512820512822
      vertex 42.44419808774049 -33.48502836097601 0
      vertex 42.71321037238681 -33.186259951005006 0
    endloop
  endfacet
  facet normal -0.7431448254773995 0.6691306063588524 0
    outer loop
      vertex 42.44419808774049 -33.48502836097601 -1.2820512820512822
      vertex 42.71321037238681 -33.186259951005006 0
      vertex 42.71321037238681 -33.186259951005006 -1.2820512820512822
    endloop
  endfacet
  facet normal -0.5877852522924734 0.8090169943749472 0
    outer loop
      vertex 42.71321037238681 -33.186259951005006 -1.2820512820512822
      vertex 43.03846153846154 -32.94995114656838 0
      vertex 43.03846153846154 -32.94995114656838 -1.2820512820512822
    endloop
  endfacet
  facet normal -0.5877852522924734 0.8090169943749472 0
    outer loop
      vertex 42.71321037238681 -33.186259951005006 -1.2820512820512822
      vertex 42.71321037238681 -33.186259951005006 0
      vertex 43.03846153846154 -32.94995114656838 0
    endloop
  endfacet
  facet normal -0.406736643075798 0.9135454576426019 0
    outer loop
      vertex 43.03846153846154 -32.94995114656838 -1.2820512820512822
      vertex 43.40573654927895 -32.78642977635547 0
      vertex 43.40573654927895 -32.78642977635547 -1.2820512820512822
    endloop
  endfacet
  facet normal -0.2079116908177627 0.9781476007338048 0
    outer loop
      vertex 43.40573654927895 -32.78642977635547 -1.2820512820512822
      vertex 43.79898372448528 -32.70284250890716 0
      vertex 43.79898372448528 -32.70284250890716 -1.2820512820512822
    endloop
  endfacet
  facet normal -0.406736643075798 0.9135454576426019 0
    outer loop
      vertex 43.03846153846154 -32.94995114656838 -1.2820512820512822
      vertex 43.03846153846154 -32.94995114656838 0
      vertex 43.40573654927895 -32.78642977635547 0
    endloop
  endfacet
  facet normal -0.2079116908177627 0.9781476007338048 0
    outer loop
      vertex 43.40573654927895 -32.78642977635547 -1.2820512820512822
      vertex 43.40573654927895 -32.78642977635547 0
      vertex 43.79898372448528 -32.70284250890716 0
    endloop
  endfacet
  facet normal 0 1 0
    outer loop
      vertex 43.79898372448528 -32.70284250890716 -1.2820512820512822
      vertex 44.201016275514725 -32.70284250890716 0
      vertex 44.201016275514725 -32.70284250890716 -1.2820512820512822
    endloop
  endfacet
  facet normal 0.2079116908177627 0.9781476007338048 0
    outer loop
      vertex 44.201016275514725 -32.70284250890716 -1.2820512820512822
      vertex 44.59426345072106 -32.78642977635547 0
      vertex 44.59426345072106 -32.78642977635547 -1.2820512820512822
    endloop
  endfacet
  facet normal 0 1 0
    outer loop
      vertex 43.79898372448528 -32.70284250890716 -1.2820512820512822
      vertex 43.79898372448528 -32.70284250890716 0
      vertex 44.201016275514725 -32.70284250890716 0
    endloop
  endfacet
  facet normal 0.2079116908177627 0.9781476007338048 0
    outer loop
      vertex 44.201016275514725 -32.70284250890716 -1.2820512820512822
      vertex 44.201016275514725 -32.70284250890716 0
      vertex 44.59426345072106 -32.78642977635547 0
    endloop
  endfacet
  facet normal 0.7431448254773916 -0.6691306063588611 0
    outer loop
      vertex 45.28678962761319 -36.04450927976421 -1.2820512820512822
      vertex 45.55580191225951 -35.74574086979322 -1.2820512820512822
      vertex 45.28678962761319 -36.04450927976421 0
    endloop
  endfacet
  facet normal 0.8660254037844349 -0.5000000000000064 0
    outer loop
      vertex 45.55580191225951 -35.74574086979322 -1.2820512820512822
      vertex 45.756818187774236 -35.397570467453455 -1.2820512820512822
      vertex 45.55580191225951 -35.74574086979322 0
    endloop
  endfacet
  facet normal 0.9510565162951511 -0.30901699437495483 0
    outer loop
      vertex 45.756818187774236 -35.397570467453455 -1.2820512820512822
      vertex 45.88105307833425 -35.01521479003415 -1.2820512820512822
      vertex 45.756818187774236 -35.397570467453455 0
    endloop
  endfacet
  facet normal 0.7431448254773916 -0.6691306063588611 0
    outer loop
      vertex 45.55580191225951 -35.74574086979322 -1.2820512820512822
      vertex 45.55580191225951 -35.74574086979322 0
      vertex 45.28678962761319 -36.04450927976421 0
    endloop
  endfacet
  facet normal 0.8660254037844349 -0.5000000000000064 0
    outer loop
      vertex 45.756818187774236 -35.397570467453455 -1.2820512820512822
      vertex 45.756818187774236 -35.397570467453455 0
      vertex 45.55580191225951 -35.74574086979322 0
    endloop
  endfacet
  facet normal 0.9945218953682736 -0.10452846326764918 0
    outer loop
      vertex 45.88105307833425 -35.01521479003415 -1.2820512820512822
      vertex 45.92307692307693 -34.61538461538461 -1.2820512820512822
      vertex 45.88105307833425 -35.01521479003415 0
    endloop
  endfacet
  facet normal 0.9945218953682736 0.10452846326764918 0
    outer loop
      vertex 45.92307692307693 -34.61538461538461 -1.2820512820512822
      vertex 45.88105307833425 -34.215554440735076 -1.2820512820512822
      vertex 45.92307692307693 -34.61538461538461 0
    endloop
  endfacet
  facet normal 0.9510565162951511 -0.30901699437495483 0
    outer loop
      vertex 45.88105307833425 -35.01521479003415 -1.2820512820512822
      vertex 45.88105307833425 -35.01521479003415 0
      vertex 45.756818187774236 -35.397570467453455 0
    endloop
  endfacet
  facet normal 0.9945218953682736 -0.10452846326764918 0
    outer loop
      vertex 45.92307692307693 -34.61538461538461 -1.2820512820512822
      vertex 45.92307692307693 -34.61538461538461 0
      vertex 45.88105307833425 -35.01521479003415 0
    endloop
  endfacet
  facet normal 0.9945218953682736 0.10452846326764918 0
    outer loop
      vertex 45.88105307833425 -34.215554440735076 -1.2820512820512822
      vertex 45.88105307833425 -34.215554440735076 0
      vertex 45.92307692307693 -34.61538461538461 0
    endloop
  endfacet
  facet normal 0.4067366430758046 0.913545457642599 0
    outer loop
      vertex 44.59426345072106 -32.78642977635547 -1.2820512820512822
      vertex 44.96153846153846 -32.94995114656838 0
      vertex 44.96153846153846 -32.94995114656838 -1.2820512820512822
    endloop
  endfacet
  facet normal 0.5877852522924734 0.8090169943749472 0
    outer loop
      vertex 44.96153846153846 -32.94995114656838 -1.2820512820512822
      vertex 45.28678962761319 -33.186259951005006 0
      vertex 45.28678962761319 -33.186259951005006 -1.2820512820512822
    endloop
  endfacet
  facet normal 0.4067366430758046 0.913545457642599 0
    outer loop
      vertex 44.59426345072106 -32.78642977635547 -1.2820512820512822
      vertex 44.59426345072106 -32.78642977635547 0
      vertex 44.96153846153846 -32.94995114656838 0
    endloop
  endfacet
  facet normal 0.5877852522924734 0.8090169943749472 0
    outer loop
      vertex 44.96153846153846 -32.94995114656838 -1.2820512820512822
      vertex 44.96153846153846 -32.94995114656838 0
      vertex 45.28678962761319 -33.186259951005006 0
    endloop
  endfacet
  facet normal 0.7431448254773995 0.6691306063588524 0
    outer loop
      vertex 45.28678962761319 -33.186259951005006 -1.2820512820512822
      vertex 45.28678962761319 -33.186259951005006 0
      vertex 45.55580191225951 -33.48502836097601 0
    endloop
  endfacet
  facet normal 0.951056516295153 0.30901699437494967 0
    outer loop
      vertex 45.756818187774236 -33.833198763315764 -1.2820512820512822
      vertex 45.88105307833425 -34.215554440735076 0
      vertex 45.88105307833425 -34.215554440735076 -1.2820512820512822
    endloop
  endfacet
  facet normal 0.7431448254773995 0.6691306063588524 0
    outer loop
      vertex 45.28678962761319 -33.186259951005006 -1.2820512820512822
      vertex 45.55580191225951 -33.48502836097601 0
      vertex 45.55580191225951 -33.48502836097601 -1.2820512820512822
    endloop
  endfacet
  facet normal 0.8660254037844305 0.5000000000000141 0
    outer loop
      vertex 45.756818187774236 -33.833198763315764 -1.2820512820512822
      vertex 45.55580191225951 -33.48502836097601 -1.2820512820512822
      vertex 45.756818187774236 -33.833198763315764 0
    endloop
  endfacet
  facet normal 0.951056516295153 0.30901699437494967 0
    outer loop
      vertex 45.756818187774236 -33.833198763315764 -1.2820512820512822
      vertex 45.756818187774236 -33.833198763315764 0
      vertex 45.88105307833425 -34.215554440735076 0
    endloop
  endfacet
  facet normal 0.8660254037844305 0.5000000000000141 0
    outer loop
      vertex 45.55580191225951 -33.48502836097601 -1.2820512820512822
      vertex 45.55580191225951 -33.48502836097601 0
      vertex 45.756818187774236 -33.833198763315764 0
    endloop
  endfacet
  facet normal 0 0 1
    outer loop
      vertex 43.40573654927895 -36.44433945441375 0
      vertex 43.79898372448528 -36.52792672186206 0
      vertex 43.35897435897436 -35.25641025641025 0
    endloop
  endfacet
  facet normal 0 0 1
    outer loop
      vertex 43.79898372448528 -36.52792672186206 0
      vertex 44.201016275514725 -36.52792672186206 0
      vertex 43.35897435897436 -35.25641025641025 0
    endloop
  endfacet
  facet normal 0 0 1
    outer loop
      vertex 44.201016275514725 -36.52792672186206 0
      vertex 44.59426345072106 -36.44433945441375 0
      vertex 43.35897435897436 -35.25641025641025 0
    endloop
  endfacet
  facet normal 0 0 1
    outer loop
      vertex 42.11894692166576 -35.01521479003415 0
      vertex 42.11894692166576 -34.215554440735076 0
      vertex 42.07692307692308 -34.61538461538461 0
    endloop
  endfacet
  facet normal 0 0 1
    outer loop
      vertex 43.03846153846154 -36.28081808420084 0
      vertex 42.71321037238681 -33.186259951005006 0
      vertex 42.71321037238681 -36.04450927976421 0
    endloop
  endfacet
  facet normal 0 0 1
    outer loop
      vertex 42.44419808774049 -35.74574086979322 0
      vertex 42.243181812225764 -33.833198763315764 0
      vertex 42.243181812225764 -35.397570467453455 0
    endloop
  endfacet
  facet normal 0 0 1
    outer loop
      vertex 42.11894692166576 -35.01521479003415 0
      vertex 42.243181812225764 -35.397570467453455 0
      vertex 42.11894692166576 -34.215554440735076 0
    endloop
  endfacet
  facet normal 0 0 1
    outer loop
      vertex 42.44419808774049 -35.74574086979322 0
      vertex 42.71321037238681 -36.04450927976421 0
      vertex 42.44419808774049 -33.48502836097601 0
    endloop
  endfacet
  facet normal 0 0 1
    outer loop
      vertex 42.243181812225764 -35.397570467453455 0
      vertex 42.243181812225764 -33.833198763315764 0
      vertex 42.11894692166576 -34.215554440735076 0
    endloop
  endfacet
  facet normal 0 0 1
    outer loop
      vertex 42.44419808774049 -35.74574086979322 0
      vertex 42.44419808774049 -33.48502836097601 0
      vertex 42.243181812225764 -33.833198763315764 0
    endloop
  endfacet
  facet normal 0 0 1
    outer loop
      vertex 42.71321037238681 -36.04450927976421 0
      vertex 42.71321037238681 -33.186259951005006 0
      vertex 42.44419808774049 -33.48502836097601 0
    endloop
  endfacet
  facet normal 0 0 1
    outer loop
      vertex 43.03846153846154 -36.28081808420084 0
      vertex 43.03846153846154 -32.94995114656838 0
      vertex 42.71321037238681 -33.186259951005006 0
    endloop
  endfacet
  facet normal 0 0 1
    outer loop
      vertex 43.03846153846154 -36.28081808420084 0
      vertex 43.40573654927895 -36.44433945441375 0
      vertex 43.03846153846154 -32.94995114656838 0
    endloop
  endfacet
  facet normal 0 0 1
    outer loop
      vertex 43.40573654927895 -36.44433945441375 0
      vertex 43.35897435897436 -35.25641025641025 0
      vertex 43.03846153846154 -32.94995114656838 0
    endloop
  endfacet
  facet normal 0 0 1
    outer loop
      vertex 44.59426345072106 -36.44433945441375 0
      vertex 44.96153846153846 -36.28081808420084 0
      vertex 43.35897435897436 -35.25641025641025 0
    endloop
  endfacet
  facet normal 0 0 1
    outer loop
      vertex 44.96153846153846 -36.28081808420084 0
      vertex 44.64102564102564 -35.25641025641025 0
      vertex 43.35897435897436 -35.25641025641025 0
    endloop
  endfacet
  facet normal 0 0 1
    outer loop
      vertex 43.35897435897436 -35.25641025641025 0
      vertex 43.35897435897436 -33.97435897435897 0
      vertex 43.03846153846154 -32.94995114656838 0
    endloop
  endfacet
  facet normal 0 0 1
    outer loop
      vertex 43.35897435897436 -33.97435897435897 0
      vertex 44.64102564102564 -33.97435897435897 0
      vertex 43.03846153846154 -32.94995114656838 0
    endloop
  endfacet
  facet normal 0 0 1
    outer loop
      vertex 43.03846153846154 -32.94995114656838 0
      vertex 44.64102564102564 -33.97435897435897 0
      vertex 43.40573654927895 -32.78642977635547 0
    endloop
  endfacet
  facet normal 0 0 1
    outer loop
      vertex 43.40573654927895 -32.78642977635547 0
      vertex 44.64102564102564 -33.97435897435897 0
      vertex 43.79898372448528 -32.70284250890716 0
    endloop
  endfacet
  facet normal 0 0 1
    outer loop
      vertex 43.79898372448528 -32.70284250890716 0
      vertex 44.64102564102564 -33.97435897435897 0
      vertex 44.201016275514725 -32.70284250890716 0
    endloop
  endfacet
  facet normal 0 0 1
    outer loop
      vertex 44.201016275514725 -32.70284250890716 0
      vertex 44.64102564102564 -33.97435897435897 0
      vertex 44.59426345072106 -32.78642977635547 0
    endloop
  endfacet
  facet normal 0 0 1
    outer loop
      vertex 44.96153846153846 -36.28081808420084 0
      vertex 44.64102564102564 -33.97435897435897 0
      vertex 44.64102564102564 -35.25641025641025 0
    endloop
  endfacet
  facet normal 0 0 1
    outer loop
      vertex 44.96153846153846 -36.28081808420084 0
      vertex 44.59426345072106 -32.78642977635547 0
      vertex 44.64102564102564 -33.97435897435897 0
    endloop
  endfacet
  facet normal 0 0 1
    outer loop
      vertex 44.96153846153846 -36.28081808420084 0
      vertex 45.28678962761319 -36.04450927976421 0
      vertex 44.96153846153846 -32.94995114656838 0
    endloop
  endfacet
  facet normal 0 0 1
    outer loop
      vertex 45.28678962761319 -36.04450927976421 0
      vertex 45.55580191225951 -35.74574086979322 0
      vertex 45.28678962761319 -33.186259951005006 0
    endloop
  endfacet
  facet normal 0 0 1
    outer loop
      vertex 45.55580191225951 -35.74574086979322 0
      vertex 45.756818187774236 -35.397570467453455 0
      vertex 45.55580191225951 -33.48502836097601 0
    endloop
  endfacet
  facet normal 0 0 1
    outer loop
      vertex 45.756818187774236 -35.397570467453455 0
      vertex 45.88105307833425 -35.01521479003415 0
      vertex 45.756818187774236 -33.833198763315764 0
    endloop
  endfacet
  facet normal 0 0 1
    outer loop
      vertex 45.88105307833425 -35.01521479003415 0
      vertex 45.88105307833425 -34.215554440735076 0
      vertex 45.756818187774236 -33.833198763315764 0
    endloop
  endfacet
  facet normal 0 0 1
    outer loop
      vertex 45.88105307833425 -35.01521479003415 0
      vertex 45.92307692307693 -34.61538461538461 0
      vertex 45.88105307833425 -34.215554440735076 0
    endloop
  endfacet
  facet normal 0 0 1
    outer loop
      vertex 44.96153846153846 -36.28081808420084 0
      vertex 44.96153846153846 -32.94995114656838 0
      vertex 44.59426345072106 -32.78642977635547 0
    endloop
  endfacet
  facet normal 0 0 1
    outer loop
      vertex 45.28678962761319 -36.04450927976421 0
      vertex 45.28678962761319 -33.186259951005006 0
      vertex 44.96153846153846 -32.94995114656838 0
    endloop
  endfacet
  facet normal 0 0 1
    outer loop
      vertex 45.55580191225951 -35.74574086979322 0
      vertex 45.55580191225951 -33.48502836097601 0
      vertex 45.28678962761319 -33.186259951005006 0
    endloop
  endfacet
  facet normal 0 0 1
    outer loop
      vertex 45.756818187774236 -35.397570467453455 0
      vertex 45.756818187774236 -33.833198763315764 0
      vertex 45.55580191225951 -33.48502836097601 0
    endloop
  endfacet
  facet normal 0 -1 0
    outer loop
      vertex 43.35897435897436 33.97435897435897 0
      vertex 44.64102564102564 33.97435897435897 0
      vertex 43.35897435897436 33.97435897435897 28.71128363363593
    endloop
  endfacet
  facet normal -1 0 0
    outer loop
      vertex 43.35897435897436 33.97435897435897 0
      vertex 43.35897435897436 35.25641025641025 28.71128363363593
      vertex 43.35897435897436 35.25641025641025 0
    endloop
  endfacet
  facet normal 0 1 0
    outer loop
      vertex 43.35897435897436 35.25641025641025 0
      vertex 44.64102564102564 35.25641025641025 28.39077081312311
      vertex 44.64102564102564 35.25641025641025 0
    endloop
  endfacet
  facet normal 1 0 0
    outer loop
      vertex 44.64102564102564 33.97435897435897 0
      vertex 44.64102564102564 35.25641025641025 0
      vertex 44.64102564102564 33.97435897435897 28.39077081312311
    endloop
  endfacet
  facet normal 0 -1 0
    outer loop
      vertex 44.64102564102564 33.97435897435897 0
      vertex 44.64102564102564 33.97435897435897 28.39077081312311
      vertex 43.35897435897436 33.97435897435897 28.71128363363593
    endloop
  endfacet
  facet normal -1 0 0
    outer loop
      vertex 43.35897435897436 33.97435897435897 0
      vertex 43.35897435897436 33.97435897435897 28.71128363363593
      vertex 43.35897435897436 35.25641025641025 28.71128363363593
    endloop
  endfacet
  facet normal 0 1 0
    outer loop
      vertex 43.35897435897436 35.25641025641025 0
      vertex 43.35897435897436 35.25641025641025 28.71128363363593
      vertex 44.64102564102564 35.25641025641025 28.39077081312311
    endloop
  endfacet
  facet normal 1 0 0
    outer loop
      vertex 44.64102564102564 35.25641025641025 0
      vertex 44.64102564102564 35.25641025641025 28.39077081312311
      vertex 44.64102564102564 33.97435897435897 28.39077081312311
    endloop
  endfacet
  facet normal 0 -1 0
    outer loop
      vertex 43.35897435897436 -35.25641025641025 0
      vertex 44.64102564102564 -35.25641025641025 0
      vertex 43.35897435897436 -35.25641025641025 28.71128363363593
    endloop
  endfacet
  facet normal -1 0 0
    outer loop
      vertex 43.35897435897436 -35.25641025641025 0
      vertex 43.35897435897436 -33.97435897435897 28.71128363363593
      vertex 43.35897435897436 -33.97435897435897 0
    endloop
  endfacet
  facet normal 0 1 0
    outer loop
      vertex 43.35897435897436 -33.97435897435897 0
      vertex 44.64102564102564 -33.97435897435897 28.39077081312311
      vertex 44.64102564102564 -33.97435897435897 0
    endloop
  endfacet
  facet normal 1 0 0
    outer loop
      vertex 44.64102564102564 -35.25641025641025 0
      vertex 44.64102564102564 -33.97435897435897 0
      vertex 44.64102564102564 -35.25641025641025 28.39077081312311
    endloop
  endfacet
  facet normal -1 0 0
    outer loop
      vertex 43.35897435897436 -35.25641025641025 0
      vertex 43.35897435897436 -35.25641025641025 28.71128363363593
      vertex 43.35897435897436 -33.97435897435897 28.71128363363593
    endloop
  endfacet
  facet normal 0 -1 0
    outer loop
      vertex 44.64102564102564 -35.25641025641025 0
      vertex 44.64102564102564 -35.25641025641025 28.39077081312311
      vertex 43.35897435897436 -35.25641025641025 28.71128363363593
    endloop
  endfacet
  facet normal 0 1 0
    outer loop
      vertex 43.35897435897436 -33.97435897435897 0
      vertex 43.35897435897436 -33.97435897435897 28.71128363363593
      vertex 44.64102564102564 -33.97435897435897 28.39077081312311
    endloop
  endfacet
  facet normal 1 0 0
    outer loop
      vertex 44.64102564102564 -33.97435897435897 0
      vertex 44.64102564102564 -33.97435897435897 28.39077081312311
      vertex 44.64102564102564 -35.25641025641025 28.39077081312311
    endloop
  endfacet
  facet normal 0 0 -1
    outer loop
      vertex 20.833333333333332 -5.448717948717949 37.50000000000001
      vertex 20.833333333333332 5.448717948717949 37.50000000000001
      vertex 21.153846153846153 -5.448717948717949 37.50000000000001
    endloop
  endfacet
  facet normal 0 0 -1
    outer loop
      vertex 23.397435897435898 -5.448717948717949 37.50000000000001
      vertex 23.076923076923077 -5.448717948717949 37.50000000000001
      vertex 23.076923076923077 5.448717948717949 37.50000000000001
    endloop
  endfacet
  facet normal 0 -1 0
    outer loop
      vertex 20.833333333333332 -5.448717948717949 37.50000000000001
      vertex 21.153846153846153 -5.448717948717949 37.50000000000001
      vertex 21.153846153846153 -5.448717948717949 42.307692307692314
    endloop
  endfacet
  facet normal 0 -1 0
    outer loop
      vertex 20.833333333333332 -5.448717948717949 37.50000000000001
      vertex 21.153846153846153 -5.448717948717949 42.307692307692314
      vertex 20.833333333333332 -5.448717948717949 42.307692307692314
    endloop
  endfacet
  facet normal -1 0 0
    outer loop
      vertex 20.833333333333332 -5.448717948717949 37.50000000000001
      vertex 20.833333333333332 -5.448717948717949 42.307692307692314
      vertex 20.833333333333332 5.448717948717949 42.307692307692314
    endloop
  endfacet
  facet normal 0 -1 0
    outer loop
      vertex 23.397435897435898 -5.448717948717949 37.50000000000001
      vertex 23.397435897435898 -5.448717948717949 42.307692307692314
      vertex 23.076923076923077 -5.448717948717949 37.50000000000001
    endloop
  endfacet
  facet normal 0 -1 0
    outer loop
      vertex 23.397435897435898 -5.448717948717949 42.307692307692314
      vertex 23.076923076923077 -5.448717948717949 42.307692307692314
      vertex 23.076923076923077 -5.448717948717949 37.50000000000001
    endloop
  endfacet
  facet normal 1 0 0
    outer loop
      vertex 23.397435897435898 -5.448717948717949 37.50000000000001
      vertex 23.397435897435898 5.448717948717949 37.50000000000001
      vertex 23.397435897435898 -5.448717948717949 42.307692307692314
    endloop
  endfacet
  facet normal 0 0 1
    outer loop
      vertex 20.833333333333332 -5.448717948717949 42.307692307692314
      vertex 21.153846153846153 -5.448717948717949 42.307692307692314
      vertex 21.153846153846153 5.448717948717949 42.307692307692314
    endloop
  endfacet
  facet normal 0 0 1
    outer loop
      vertex 23.397435897435898 -5.448717948717949 42.307692307692314
      vertex 23.397435897435898 5.448717948717949 42.307692307692314
      vertex 23.076923076923077 -5.448717948717949 42.307692307692314
    endloop
  endfacet
  facet normal 0 0 -1
    outer loop
      vertex 20.833333333333332 5.448717948717949 37.50000000000001
      vertex 21.153846153846153 5.448717948717949 37.50000000000001
      vertex 21.153846153846153 -5.448717948717949 37.50000000000001
    endloop
  endfacet
  facet normal 0 0 -1
    outer loop
      vertex 23.397435897435898 -5.448717948717949 37.50000000000001
      vertex 23.076923076923077 5.448717948717949 37.50000000000001
      vertex 23.397435897435898 5.448717948717949 37.50000000000001
    endloop
  endfacet
  facet normal -1 0 0
    outer loop
      vertex 20.833333333333332 -5.448717948717949 37.50000000000001
      vertex 20.833333333333332 5.448717948717949 42.307692307692314
      vertex 20.833333333333332 5.448717948717949 37.50000000000001
    endloop
  endfacet
  facet normal 0 1 0
    outer loop
      vertex 20.833333333333332 5.448717948717949 37.50000000000001
      vertex 20.833333333333332 5.448717948717949 42.307692307692314
      vertex 21.153846153846153 5.448717948717949 37.50000000000001
    endloop
  endfacet
  facet normal 0 1 0
    outer loop
      vertex 20.833333333333332 5.448717948717949 42.307692307692314
      vertex 21.153846153846153 5.448717948717949 42.307692307692314
      vertex 21.153846153846153 5.448717948717949 37.50000000000001
    endloop
  endfacet
  facet normal 1 0 0
    outer loop
      vertex 23.397435897435898 -5.448717948717949 42.307692307692314
      vertex 23.397435897435898 5.448717948717949 37.50000000000001
      vertex 23.397435897435898 5.448717948717949 42.307692307692314
    endloop
  endfacet
  facet normal 0 1 0
    outer loop
      vertex 23.397435897435898 5.448717948717949 37.50000000000001
      vertex 23.076923076923077 5.448717948717949 37.50000000000001
      vertex 23.076923076923077 5.448717948717949 42.307692307692314
    endloop
  endfacet
  facet normal 0 1 0
    outer loop
      vertex 23.397435897435898 5.448717948717949 37.50000000000001
      vertex 23.076923076923077 5.448717948717949 42.307692307692314
      vertex 23.397435897435898 5.448717948717949 42.307692307692314
    endloop
  endfacet
  facet normal 0 0 1
    outer loop
      vertex 20.833333333333332 -5.448717948717949 42.307692307692314
      vertex 21.153846153846153 5.448717948717949 42.307692307692314
      vertex 20.833333333333332 5.448717948717949 42.307692307692314
    endloop
  endfacet
  facet normal 0 0 1
    outer loop
      vertex 23.397435897435898 5.448717948717949 42.307692307692314
      vertex 23.076923076923077 5.448717948717949 42.307692307692314
      vertex 23.076923076923077 -5.448717948717949 42.307692307692314
    endloop
  endfacet
  facet normal 0 0 -1
    outer loop
      vertex -23.397435897435898 -5.448717948717949 26.923076923076923
      vertex -23.397435897435898 5.448717948717949 26.923076923076923
      vertex -23.076923076923077 -5.448717948717949 26.923076923076923
    endloop
  endfacet
  facet normal 0 0 -1
    outer loop
      vertex -20.833333333333332 -5.448717948717949 26.923076923076923
      vertex -21.153846153846153 -5.448717948717949 26.923076923076923
      vertex -21.153846153846153 5.448717948717949 26.923076923076923
    endloop
  endfacet
  facet normal 0 -1 0
    outer loop
      vertex -23.397435897435898 -5.448717948717949 26.923076923076923
      vertex -23.076923076923077 -5.448717948717949 26.923076923076923
      vertex -23.076923076923077 -5.448717948717949 31.73076923076923
    endloop
  endfacet
  facet normal 0 -1 0
    outer loop
      vertex -23.397435897435898 -5.448717948717949 26.923076923076923
      vertex -23.076923076923077 -5.448717948717949 31.73076923076923
      vertex -23.397435897435898 -5.448717948717949 31.73076923076923
    endloop
  endfacet
  facet normal -1 0 0
    outer loop
      vertex -23.397435897435898 -5.448717948717949 26.923076923076923
      vertex -23.397435897435898 -5.448717948717949 31.73076923076923
      vertex -23.397435897435898 5.448717948717949 31.73076923076923
    endloop
  endfacet
  facet normal 0 -1 0
    outer loop
      vertex -20.833333333333332 -5.448717948717949 26.923076923076923
      vertex -20.833333333333332 -5.448717948717949 31.73076923076923
      vertex -21.153846153846153 -5.448717948717949 26.923076923076923
    endloop
  endfacet
  facet normal 0 -1 0
    outer loop
      vertex -20.833333333333332 -5.448717948717949 31.73076923076923
      vertex -21.153846153846153 -5.448717948717949 31.73076923076923
      vertex -21.153846153846153 -5.448717948717949 26.923076923076923
    endloop
  endfacet
  facet normal 1 0 0
    outer loop
      vertex -20.833333333333332 -5.448717948717949 26.923076923076923
      vertex -20.833333333333332 5.448717948717949 26.923076923076923
      vertex -20.833333333333332 -5.448717948717949 31.73076923076923
    endloop
  endfacet
  facet normal 0 0 1
    outer loop
      vertex -23.397435897435898 -5.448717948717949 31.73076923076923
      vertex -23.076923076923077 -5.448717948717949 31.73076923076923
      vertex -23.076923076923077 5.448717948717949 31.73076923076923
    endloop
  endfacet
  facet normal 0 0 1
    outer loop
      vertex -20.833333333333332 -5.448717948717949 31.73076923076923
      vertex -20.833333333333332 5.448717948717949 31.73076923076923
      vertex -21.153846153846153 -5.448717948717949 31.73076923076923
    endloop
  endfacet
  facet normal 0 0 -1
    outer loop
      vertex -23.397435897435898 5.448717948717949 26.923076923076923
      vertex -23.076923076923077 5.448717948717949 26.923076923076923
      vertex -23.076923076923077 -5.448717948717949 26.923076923076923
    endloop
  endfacet
  facet normal 0 0 -1
    outer loop
      vertex -20.833333333333332 -5.448717948717949 26.923076923076923
      vertex -21.153846153846153 5.448717948717949 26.923076923076923
      vertex -20.833333333333332 5.448717948717949 26.923076923076923
    endloop
  endfacet
  facet normal -1 0 0
    outer loop
      vertex -23.397435897435898 -5.448717948717949 26.923076923076923
      vertex -23.397435897435898 5.448717948717949 31.73076923076923
      vertex -23.397435897435898 5.448717948717949 26.923076923076923
    endloop
  endfacet
  facet normal 0 1 0
    outer loop
      vertex -23.397435897435898 5.448717948717949 26.923076923076923
      vertex -23.397435897435898 5.448717948717949 31.73076923076923
      vertex -23.076923076923077 5.448717948717949 26.923076923076923
    endloop
  endfacet
  facet normal 0 1 0
    outer loop
      vertex -23.397435897435898 5.448717948717949 31.73076923076923
      vertex -23.076923076923077 5.448717948717949 31.73076923076923
      vertex -23.076923076923077 5.448717948717949 26.923076923076923
    endloop
  endfacet
  facet normal 1 0 0
    outer loop
      vertex -20.833333333333332 -5.448717948717949 31.73076923076923
      vertex -20.833333333333332 5.448717948717949 26.923076923076923
      vertex -20.833333333333332 5.448717948717949 31.73076923076923
    endloop
  endfacet
  facet normal 0 1 0
    outer loop
      vertex -20.833333333333332 5.448717948717949 26.923076923076923
      vertex -21.153846153846153 5.448717948717949 26.923076923076923
      vertex -21.153846153846153 5.448717948717949 31.73076923076923
    endloop
  endfacet
  facet normal 0 1 0
    outer loop
      vertex -20.833333333333332 5.448717948717949 26.923076923076923
      vertex -21.153846153846153 5.448717948717949 31.73076923076923
      vertex -20.833333333333332 5.448717948717949 31.73076923076923
    endloop
  endfacet
  facet normal 0 0 1
    outer loop
      vertex -23.397435897435898 -5.448717948717949 31.73076923076923
      vertex -23.076923076923077 5.448717948717949 31.73076923076923
      vertex -23.397435897435898 5.448717948717949 31.73076923076923
    endloop
  endfacet
  facet normal 0 0 1
    outer loop
      vertex -20.833333333333332 5.448717948717949 31.73076923076923
      vertex -21.153846153846153 5.448717948717949 31.73076923076923
      vertex -21.153846153846153 -5.448717948717949 31.73076923076923
    endloop
  endfacet
  facet normal 0 0 -1
    outer loop
      vertex 20.833333333333332 -26.602564102564102 37.50000000000001
      vertex 20.833333333333332 -15.705128205128204 37.50000000000001
      vertex 21.153846153846153 -26.602564102564102 37.50000000000001
    endloop
  endfacet
  facet normal 0 0 -1
    outer loop
      vertex 23.397435897435898 -26.602564102564102 37.50000000000001
      vertex 23.076923076923077 -26.602564102564102 37.50000000000001
      vertex 23.076923076923077 -15.705128205128204 37.50000000000001
    endloop
  endfacet
  facet normal 0 -1 0
    outer loop
      vertex 20.833333333333332 -26.602564102564102 37.50000000000001
      vertex 21.153846153846153 -26.602564102564102 37.50000000000001
      vertex 21.153846153846153 -26.602564102564102 42.307692307692314
    endloop
  endfacet
  facet normal 0 -1 0
    outer loop
      vertex 20.833333333333332 -26.602564102564102 37.50000000000001
      vertex 21.153846153846153 -26.602564102564102 42.307692307692314
      vertex 20.833333333333332 -26.602564102564102 42.307692307692314
    endloop
  endfacet
  facet normal -1 0 0
    outer loop
      vertex 20.833333333333332 -26.602564102564102 37.50000000000001
      vertex 20.833333333333332 -26.602564102564102 42.307692307692314
      vertex 20.833333333333332 -15.705128205128204 42.307692307692314
    endloop
  endfacet
  facet normal 0 -1 0
    outer loop
      vertex 23.397435897435898 -26.602564102564102 37.50000000000001
      vertex 23.397435897435898 -26.602564102564102 42.307692307692314
      vertex 23.076923076923077 -26.602564102564102 37.50000000000001
    endloop
  endfacet
  facet normal 0 -1 0
    outer loop
      vertex 23.397435897435898 -26.602564102564102 42.307692307692314
      vertex 23.076923076923077 -26.602564102564102 42.307692307692314
      vertex 23.076923076923077 -26.602564102564102 37.50000000000001
    endloop
  endfacet
  facet normal 1 0 0
    outer loop
      vertex 23.397435897435898 -26.602564102564102 37.50000000000001
      vertex 23.397435897435898 -15.705128205128204 37.50000000000001
      vertex 23.397435897435898 -26.602564102564102 42.307692307692314
    endloop
  endfacet
  facet normal 0 0 -1
    outer loop
      vertex 20.833333333333332 -15.705128205128204 37.50000000000001
      vertex 21.153846153846153 -15.705128205128204 37.50000000000001
      vertex 21.153846153846153 -26.602564102564102 37.50000000000001
    endloop
  endfacet
  facet normal 0 0 -1
    outer loop
      vertex 23.397435897435898 -26.602564102564102 37.50000000000001
      vertex 23.076923076923077 -15.705128205128204 37.50000000000001
      vertex 23.397435897435898 -15.705128205128204 37.50000000000001
    endloop
  endfacet
  facet normal -1 0 0
    outer loop
      vertex 20.833333333333332 -26.602564102564102 37.50000000000001
      vertex 20.833333333333332 -15.705128205128204 42.307692307692314
      vertex 20.833333333333332 -15.705128205128204 37.50000000000001
    endloop
  endfacet
  facet normal 0 1 0
    outer loop
      vertex 20.833333333333332 -15.705128205128204 37.50000000000001
      vertex 20.833333333333332 -15.705128205128204 42.307692307692314
      vertex 21.153846153846153 -15.705128205128204 37.50000000000001
    endloop
  endfacet
  facet normal 0 1 0
    outer loop
      vertex 20.833333333333332 -15.705128205128204 42.307692307692314
      vertex 21.153846153846153 -15.705128205128204 42.307692307692314
      vertex 21.153846153846153 -15.705128205128204 37.50000000000001
    endloop
  endfacet
  facet normal 1 0 0
    outer loop
      vertex 23.397435897435898 -15.705128205128204 37.50000000000001
      vertex 23.397435897435898 -15.705128205128204 42.307692307692314
      vertex 23.397435897435898 -26.602564102564102 42.307692307692314
    endloop
  endfacet
  facet normal 0 1 0
    outer loop
      vertex 23.397435897435898 -15.705128205128204 37.50000000000001
      vertex 23.076923076923077 -15.705128205128204 37.50000000000001
      vertex 23.397435897435898 -15.705128205128204 42.307692307692314
    endloop
  endfacet
  facet normal 0 1 0
    outer loop
      vertex 23.397435897435898 -15.705128205128204 42.307692307692314
      vertex 23.076923076923077 -15.705128205128204 37.50000000000001
      vertex 23.076923076923077 -15.705128205128204 42.307692307692314
    endloop
  endfacet
  facet normal 0 0 1
    outer loop
      vertex 20.833333333333332 -26.602564102564102 42.307692307692314
      vertex 21.153846153846153 -26.602564102564102 42.307692307692314
      vertex 21.153846153846153 -15.705128205128204 42.307692307692314
    endloop
  endfacet
  facet normal 0 0 1
    outer loop
      vertex 23.397435897435898 -26.602564102564102 42.307692307692314
      vertex 23.397435897435898 -15.705128205128204 42.307692307692314
      vertex 23.076923076923077 -26.602564102564102 42.307692307692314
    endloop
  endfacet
  facet normal 0 0 1
    outer loop
      vertex 20.833333333333332 -26.602564102564102 42.307692307692314
      vertex 21.153846153846153 -15.705128205128204 42.307692307692314
      vertex 20.833333333333332 -15.705128205128204 42.307692307692314
    endloop
  endfacet
  facet normal 0 0 1
    outer loop
      vertex 23.397435897435898 -15.705128205128204 42.307692307692314
      vertex 23.076923076923077 -15.705128205128204 42.307692307692314
      vertex 23.076923076923077 -26.602564102564102 42.307692307692314
    endloop
  endfacet
  facet normal 0 0 -1
    outer loop
      vertex -23.397435897435898 -26.602564102564102 26.923076923076923
      vertex -23.397435897435898 -15.705128205128204 26.923076923076923
      vertex -23.076923076923077 -26.602564102564102 26.923076923076923
    endloop
  endfacet
  facet normal 0 0 -1
    outer loop
      vertex -20.833333333333332 -26.602564102564102 26.923076923076923
      vertex -21.153846153846153 -26.602564102564102 26.923076923076923
      vertex -21.153846153846153 -15.705128205128204 26.923076923076923
    endloop
  endfacet
  facet normal 0 0 -1
    outer loop
      vertex -23.397435897435898 -15.705128205128204 26.923076923076923
      vertex -23.076923076923077 -15.705128205128204 26.923076923076923
      vertex -23.076923076923077 -26.602564102564102 26.923076923076923
    endloop
  endfacet
  facet normal 0 0 -1
    outer loop
      vertex -20.833333333333332 -26.602564102564102 26.923076923076923
      vertex -21.153846153846153 -15.705128205128204 26.923076923076923
      vertex -20.833333333333332 -15.705128205128204 26.923076923076923
    endloop
  endfacet
  facet normal 0 -1 0
    outer loop
      vertex -23.397435897435898 -26.602564102564102 26.923076923076923
      vertex -23.076923076923077 -26.602564102564102 26.923076923076923
      vertex -23.076923076923077 -26.602564102564102 31.73076923076923
    endloop
  endfacet
  facet normal 0 -1 0
    outer loop
      vertex -23.397435897435898 -26.602564102564102 26.923076923076923
      vertex -23.076923076923077 -26.602564102564102 31.73076923076923
      vertex -23.397435897435898 -26.602564102564102 31.73076923076923
    endloop
  endfacet
  facet normal -1 0 0
    outer loop
      vertex -23.397435897435898 -26.602564102564102 26.923076923076923
      vertex -23.397435897435898 -26.602564102564102 31.73076923076923
      vertex -23.397435897435898 -15.705128205128204 31.73076923076923
    endloop
  endfacet
  facet normal 0 -1 0
    outer loop
      vertex -20.833333333333332 -26.602564102564102 26.923076923076923
      vertex -20.833333333333332 -26.602564102564102 31.73076923076923
      vertex -21.153846153846153 -26.602564102564102 26.923076923076923
    endloop
  endfacet
  facet normal 0 -1 0
    outer loop
      vertex -20.833333333333332 -26.602564102564102 31.73076923076923
      vertex -21.153846153846153 -26.602564102564102 31.73076923076923
      vertex -21.153846153846153 -26.602564102564102 26.923076923076923
    endloop
  endfacet
  facet normal 1 0 0
    outer loop
      vertex -20.833333333333332 -26.602564102564102 26.923076923076923
      vertex -20.833333333333332 -15.705128205128204 26.923076923076923
      vertex -20.833333333333332 -26.602564102564102 31.73076923076923
    endloop
  endfacet
  facet normal 0 0 1
    outer loop
      vertex -23.397435897435898 -26.602564102564102 31.73076923076923
      vertex -23.076923076923077 -26.602564102564102 31.73076923076923
      vertex -23.076923076923077 -15.705128205128204 31.73076923076923
    endloop
  endfacet
  facet normal 0 0 1
    outer loop
      vertex -20.833333333333332 -26.602564102564102 31.73076923076923
      vertex -20.833333333333332 -15.705128205128204 31.73076923076923
      vertex -21.153846153846153 -26.602564102564102 31.73076923076923
    endloop
  endfacet
  facet normal -1 0 0
    outer loop
      vertex -23.397435897435898 -26.602564102564102 26.923076923076923
      vertex -23.397435897435898 -15.705128205128204 31.73076923076923
      vertex -23.397435897435898 -15.705128205128204 26.923076923076923
    endloop
  endfacet
  facet normal 0 1 0
    outer loop
      vertex -23.397435897435898 -15.705128205128204 26.923076923076923
      vertex -23.397435897435898 -15.705128205128204 31.73076923076923
      vertex -23.076923076923077 -15.705128205128204 26.923076923076923
    endloop
  endfacet
  facet normal 0 1 0
    outer loop
      vertex -23.397435897435898 -15.705128205128204 31.73076923076923
      vertex -23.076923076923077 -15.705128205128204 31.73076923076923
      vertex -23.076923076923077 -15.705128205128204 26.923076923076923
    endloop
  endfacet
  facet normal 1 0 0
    outer loop
      vertex -20.833333333333332 -26.602564102564102 31.73076923076923
      vertex -20.833333333333332 -15.705128205128204 26.923076923076923
      vertex -20.833333333333332 -15.705128205128204 31.73076923076923
    endloop
  endfacet
  facet normal 0 1 0
    outer loop
      vertex -20.833333333333332 -15.705128205128204 26.923076923076923
      vertex -21.153846153846153 -15.705128205128204 26.923076923076923
      vertex -21.153846153846153 -15.705128205128204 31.73076923076923
    endloop
  endfacet
  facet normal 0 1 0
    outer loop
      vertex -20.833333333333332 -15.705128205128204 26.923076923076923
      vertex -21.153846153846153 -15.705128205128204 31.73076923076923
      vertex -20.833333333333332 -15.705128205128204 31.73076923076923
    endloop
  endfacet
  facet normal 0 0 1
    outer loop
      vertex -23.397435897435898 -26.602564102564102 31.73076923076923
      vertex -23.076923076923077 -15.705128205128204 31.73076923076923
      vertex -23.397435897435898 -15.705128205128204 31.73076923076923
    endloop
  endfacet
  facet normal 0 0 1
    outer loop
      vertex -20.833333333333332 -15.705128205128204 31.73076923076923
      vertex -21.153846153846153 -15.705128205128204 31.73076923076923
      vertex -21.153846153846153 -26.602564102564102 31.73076923076923
    endloop
  endfacet
  facet normal 0 0 -1
    outer loop
      vertex 20.833333333333332 15.705128205128204 37.50000000000001
      vertex 20.833333333333332 26.602564102564102 37.50000000000001
      vertex 21.153846153846153 15.705128205128204 37.50000000000001
    endloop
  endfacet
  facet normal 0 0 -1
    outer loop
      vertex 23.397435897435898 15.705128205128204 37.50000000000001
      vertex 23.076923076923077 15.705128205128204 37.50000000000001
      vertex 23.076923076923077 26.602564102564102 37.50000000000001
    endloop
  endfacet
  facet normal 0 -1 0
    outer loop
      vertex 20.833333333333332 15.705128205128204 37.50000000000001
      vertex 21.153846153846153 15.705128205128204 37.50000000000001
      vertex 21.153846153846153 15.705128205128204 42.307692307692314
    endloop
  endfacet
  facet normal 0 -1 0
    outer loop
      vertex 20.833333333333332 15.705128205128204 37.50000000000001
      vertex 21.153846153846153 15.705128205128204 42.307692307692314
      vertex 20.833333333333332 15.705128205128204 42.307692307692314
    endloop
  endfacet
  facet normal -1 0 0
    outer loop
      vertex 20.833333333333332 15.705128205128204 37.50000000000001
      vertex 20.833333333333332 15.705128205128204 42.307692307692314
      vertex 20.833333333333332 26.602564102564102 42.307692307692314
    endloop
  endfacet
  facet normal 0 -1 0
    outer loop
      vertex 23.397435897435898 15.705128205128204 37.50000000000001
      vertex 23.397435897435898 15.705128205128204 42.307692307692314
      vertex 23.076923076923077 15.705128205128204 37.50000000000001
    endloop
  endfacet
  facet normal 0 -1 0
    outer loop
      vertex 23.397435897435898 15.705128205128204 42.307692307692314
      vertex 23.076923076923077 15.705128205128204 42.307692307692314
      vertex 23.076923076923077 15.705128205128204 37.50000000000001
    endloop
  endfacet
  facet normal 1 0 0
    outer loop
      vertex 23.397435897435898 15.705128205128204 37.50000000000001
      vertex 23.397435897435898 26.602564102564102 37.50000000000001
      vertex 23.397435897435898 15.705128205128204 42.307692307692314
    endloop
  endfacet
  facet normal 0 0 -1
    outer loop
      vertex 20.833333333333332 26.602564102564102 37.50000000000001
      vertex 21.153846153846153 26.602564102564102 37.50000000000001
      vertex 21.153846153846153 15.705128205128204 37.50000000000001
    endloop
  endfacet
  facet normal 0 0 -1
    outer loop
      vertex 23.397435897435898 15.705128205128204 37.50000000000001
      vertex 23.076923076923077 26.602564102564102 37.50000000000001
      vertex 23.397435897435898 26.602564102564102 37.50000000000001
    endloop
  endfacet
  facet normal -1 0 0
    outer loop
      vertex 20.833333333333332 15.705128205128204 37.50000000000001
      vertex 20.833333333333332 26.602564102564102 42.307692307692314
      vertex 20.833333333333332 26.602564102564102 37.50000000000001
    endloop
  endfacet
  facet normal 0 1 0
    outer loop
      vertex 20.833333333333332 26.602564102564102 37.50000000000001
      vertex 20.833333333333332 26.602564102564102 42.307692307692314
      vertex 21.153846153846153 26.602564102564102 37.50000000000001
    endloop
  endfacet
  facet normal 0 1 0
    outer loop
      vertex 20.833333333333332 26.602564102564102 42.307692307692314
      vertex 21.153846153846153 26.602564102564102 42.307692307692314
      vertex 21.153846153846153 26.602564102564102 37.50000000000001
    endloop
  endfacet
  facet normal 1 0 0
    outer loop
      vertex 23.397435897435898 26.602564102564102 37.50000000000001
      vertex 23.397435897435898 26.602564102564102 42.307692307692314
      vertex 23.397435897435898 15.705128205128204 42.307692307692314
    endloop
  endfacet
  facet normal 0 1 0
    outer loop
      vertex 23.397435897435898 26.602564102564102 37.50000000000001
      vertex 23.076923076923077 26.602564102564102 37.50000000000001
      vertex 23.076923076923077 26.602564102564102 42.307692307692314
    endloop
  endfacet
  facet normal 0 1 0
    outer loop
      vertex 23.397435897435898 26.602564102564102 37.50000000000001
      vertex 23.076923076923077 26.602564102564102 42.307692307692314
      vertex 23.397435897435898 26.602564102564102 42.307692307692314
    endloop
  endfacet
  facet normal 0 0 1
    outer loop
      vertex 20.833333333333332 15.705128205128204 42.307692307692314
      vertex 21.153846153846153 15.705128205128204 42.307692307692314
      vertex 21.153846153846153 26.602564102564102 42.307692307692314
    endloop
  endfacet
  facet normal 0 0 1
    outer loop
      vertex 23.397435897435898 15.705128205128204 42.307692307692314
      vertex 23.397435897435898 26.602564102564102 42.307692307692314
      vertex 23.076923076923077 15.705128205128204 42.307692307692314
    endloop
  endfacet
  facet normal 0 0 1
    outer loop
      vertex 20.833333333333332 15.705128205128204 42.307692307692314
      vertex 21.153846153846153 26.602564102564102 42.307692307692314
      vertex 20.833333333333332 26.602564102564102 42.307692307692314
    endloop
  endfacet
  facet normal 0 0 1
    outer loop
      vertex 23.397435897435898 26.602564102564102 42.307692307692314
      vertex 23.076923076923077 26.602564102564102 42.307692307692314
      vertex 23.076923076923077 15.705128205128204 42.307692307692314
    endloop
  endfacet
  facet normal 0 0 -1
    outer loop
      vertex -23.397435897435898 15.705128205128204 26.923076923076923
      vertex -23.397435897435898 26.602564102564102 26.923076923076923
      vertex -23.076923076923077 15.705128205128204 26.923076923076923
    endloop
  endfacet
  facet normal 0 0 -1
    outer loop
      vertex -20.833333333333332 15.705128205128204 26.923076923076923
      vertex -21.153846153846153 15.705128205128204 26.923076923076923
      vertex -21.153846153846153 26.602564102564102 26.923076923076923
    endloop
  endfacet
  facet normal 0 0 -1
    outer loop
      vertex -23.397435897435898 26.602564102564102 26.923076923076923
      vertex -23.076923076923077 26.602564102564102 26.923076923076923
      vertex -23.076923076923077 15.705128205128204 26.923076923076923
    endloop
  endfacet
  facet normal 0 0 -1
    outer loop
      vertex -20.833333333333332 15.705128205128204 26.923076923076923
      vertex -21.153846153846153 26.602564102564102 26.923076923076923
      vertex -20.833333333333332 26.602564102564102 26.923076923076923
    endloop
  endfacet
  facet normal 0 -1 0
    outer loop
      vertex -23.397435897435898 15.705128205128204 26.923076923076923
      vertex -23.076923076923077 15.705128205128204 26.923076923076923
      vertex -23.076923076923077 15.705128205128204 31.73076923076923
    endloop
  endfacet
  facet normal 0 -1 0
    outer loop
      vertex -23.397435897435898 15.705128205128204 26.923076923076923
      vertex -23.076923076923077 15.705128205128204 31.73076923076923
      vertex -23.397435897435898 15.705128205128204 31.73076923076923
    endloop
  endfacet
  facet normal -1 0 0
    outer loop
      vertex -23.397435897435898 15.705128205128204 26.923076923076923
      vertex -23.397435897435898 15.705128205128204 31.73076923076923
      vertex -23.397435897435898 26.602564102564102 31.73076923076923
    endloop
  endfacet
  facet normal 0 -1 0
    outer loop
      vertex -20.833333333333332 15.705128205128204 26.923076923076923
      vertex -20.833333333333332 15.705128205128204 31.73076923076923
      vertex -21.153846153846153 15.705128205128204 26.923076923076923
    endloop
  endfacet
  facet normal 0 -1 0
    outer loop
      vertex -20.833333333333332 15.705128205128204 31.73076923076923
      vertex -21.153846153846153 15.705128205128204 31.73076923076923
      vertex -21.153846153846153 15.705128205128204 26.923076923076923
    endloop
  endfacet
  facet normal 1 0 0
    outer loop
      vertex -20.833333333333332 15.705128205128204 26.923076923076923
      vertex -20.833333333333332 26.602564102564102 26.923076923076923
      vertex -20.833333333333332 15.705128205128204 31.73076923076923
    endloop
  endfacet
  facet normal 0 0 1
    outer loop
      vertex -23.397435897435898 15.705128205128204 31.73076923076923
      vertex -23.076923076923077 15.705128205128204 31.73076923076923
      vertex -23.076923076923077 26.602564102564102 31.73076923076923
    endloop
  endfacet
  facet normal 0 0 1
    outer loop
      vertex -20.833333333333332 15.705128205128204 31.73076923076923
      vertex -20.833333333333332 26.602564102564102 31.73076923076923
      vertex -21.153846153846153 15.705128205128204 31.73076923076923
    endloop
  endfacet
  facet normal -1 0 0
    outer loop
      vertex -23.397435897435898 15.705128205128204 26.923076923076923
      vertex -23.397435897435898 26.602564102564102 31.73076923076923
      vertex -23.397435897435898 26.602564102564102 26.923076923076923
    endloop
  endfacet
  facet normal 0 1 0
    outer loop
      vertex -23.397435897435898 26.602564102564102 26.923076923076923
      vertex -23.397435897435898 26.602564102564102 31.73076923076923
      vertex -23.076923076923077 26.602564102564102 26.923076923076923
    endloop
  endfacet
  facet normal 0 1 0
    outer loop
      vertex -23.397435897435898 26.602564102564102 31.73076923076923
      vertex -23.076923076923077 26.602564102564102 31.73076923076923
      vertex -23.076923076923077 26.602564102564102 26.923076923076923
    endloop
  endfacet
  facet normal 1 0 0
    outer loop
      vertex -20.833333333333332 15.705128205128204 31.73076923076923
      vertex -20.833333333333332 26.602564102564102 26.923076923076923
      vertex -20.833333333333332 26.602564102564102 31.73076923076923
    endloop
  endfacet
  facet normal 0 1 0
    outer loop
      vertex -20.833333333333332 26.602564102564102 26.923076923076923
      vertex -21.153846153846153 26.602564102564102 26.923076923076923
      vertex -21.153846153846153 26.602564102564102 31.73076923076923
    endloop
  endfacet
  facet normal 0 1 0
    outer loop
      vertex -20.833333333333332 26.602564102564102 26.923076923076923
      vertex -21.153846153846153 26.602564102564102 31.73076923076923
      vertex -20.833333333333332 26.602564102564102 31.73076923076923
    endloop
  endfacet
  facet normal 0 0 1
    outer loop
      vertex -23.397435897435898 15.705128205128204 31.73076923076923
      vertex -23.076923076923077 26.602564102564102 31.73076923076923
      vertex -23.397435897435898 26.602564102564102 31.73076923076923
    endloop
  endfacet
  facet normal 0 0 1
    outer loop
      vertex -20.833333333333332 26.602564102564102 31.73076923076923
      vertex -21.153846153846153 26.602564102564102 31.73076923076923
      vertex -21.153846153846153 15.705128205128204 31.73076923076923
    endloop
  endfacet
  facet normal -1 0 0
    outer loop
      vertex -52.88461538461538 -57.692307692307686 -7.051282051282051
      vertex -52.88461538461538 -57.692307692307686 -1.2820512820512822
      vertex -52.88461538461538 57.692307692307686 -1.2820512820512822
    endloop
  endfacet
  facet normal 0 0 1
    outer loop
      vertex -52.88461538461538 -57.692307692307686 -1.2820512820512822
      vertex -25 -40.38461538461538 -1.2820512820512822
      vertex -25 40.38461538461538 -1.2820512820512822
    endloop
  endfacet
  facet normal 0 -1 0
    outer loop
      vertex -52.88461538461538 -57.692307692307686 -7.051282051282051
      vertex 52.88461538461538 -57.692307692307686 -1.2820512820512822
      vertex -52.88461538461538 -57.692307692307686 -1.2820512820512822
    endloop
  endfacet
  facet normal 0 0 1
    outer loop
      vertex -52.88461538461538 -57.692307692307686 -1.2820512820512822
      vertex 52.88461538461538 -57.692307692307686 -1.2820512820512822
      vertex -25 -40.38461538461538 -1.2820512820512822
    endloop
  endfacet
  facet normal 0 0 1
    outer loop
      vertex -52.88461538461538 -57.692307692307686 -1.2820512820512822
      vertex -25 40.38461538461538 -1.2820512820512822
      vertex -52.88461538461538 57.692307692307686 -1.2820512820512822
    endloop
  endfacet
  facet normal -1 0 0
    outer loop
      vertex -52.88461538461538 -57.692307692307686 -7.051282051282051
      vertex -52.88461538461538 57.692307692307686 -1.2820512820512822
      vertex -52.88461538461538 57.692307692307686 -7.051282051282051
    endloop
  endfacet
  facet normal 0 0 -1
    outer loop
      vertex -52.88461538461538 -57.692307692307686 -7.051282051282051
      vertex -52.88461538461538 57.692307692307686 -7.051282051282051
      vertex 52.88461538461538 57.692307692307686 -7.051282051282051
    endloop
  endfacet
  facet normal 0 0 1
    outer loop
      vertex -52.88461538461538 57.692307692307686 -1.2820512820512822
      vertex -25 40.38461538461538 -1.2820512820512822
      vertex 25 40.38461538461538 -1.2820512820512822
    endloop
  endfacet
  facet normal 0 1 0
    outer loop
      vertex -52.88461538461538 57.692307692307686 -7.051282051282051
      vertex -52.88461538461538 57.692307692307686 -1.2820512820512822
      vertex 52.88461538461538 57.692307692307686 -7.051282051282051
    endloop
  endfacet
  facet normal 0 -1 0
    outer loop
      vertex -52.88461538461538 -57.692307692307686 -7.051282051282051
      vertex 52.88461538461538 -57.692307692307686 -7.051282051282051
      vertex 52.88461538461538 -57.692307692307686 -1.2820512820512822
    endloop
  endfacet
  facet normal 0 0 1
    outer loop
      vertex 52.88461538461538 -57.692307692307686 -1.2820512820512822
      vertex 25 -40.38461538461538 -1.2820512820512822
      vertex -25 -40.38461538461538 -1.2820512820512822
    endloop
  endfacet
  facet normal 0 0 -1
    outer loop
      vertex -52.88461538461538 -57.692307692307686 -7.051282051282051
      vertex 52.88461538461538 57.692307692307686 -7.051282051282051
      vertex 52.88461538461538 -57.692307692307686 -7.051282051282051
    endloop
  endfacet
  facet normal 0 0 1
    outer loop
      vertex 42.44419808774049 -35.74574086979322 -1.2820512820512822
      vertex 42.243181812225764 -35.397570467453455 -1.2820512820512822
      vertex 25 -40.38461538461538 -1.2820512820512822
    endloop
  endfacet
  facet normal 0 0 1
    outer loop
      vertex 42.44419808774049 -35.74574086979322 -1.2820512820512822
      vertex 25 -40.38461538461538 -1.2820512820512822
      vertex 42.71321037238681 -36.04450927976421 -1.2820512820512822
    endloop
  endfacet
  facet normal 0 0 1
    outer loop
      vertex 42.11894692166576 -35.01521479003415 -1.2820512820512822
      vertex 25 -40.38461538461538 -1.2820512820512822
      vertex 42.243181812225764 -35.397570467453455 -1.2820512820512822
    endloop
  endfacet
  facet normal 0 0 1
    outer loop
      vertex 42.11894692166576 -35.01521479003415 -1.2820512820512822
      vertex 42.07692307692308 -34.61538461538461 -1.2820512820512822
      vertex 25 -40.38461538461538 -1.2820512820512822
    endloop
  endfacet
  facet normal 0 0 1
    outer loop
      vertex 42.07692307692308 -34.61538461538461 -1.2820512820512822
      vertex 42.11894692166576 -34.215554440735076 -1.2820512820512822
      vertex 25 -40.38461538461538 -1.2820512820512822
    endloop
  endfacet
  facet normal 0 0 1
    outer loop
      vertex 42.11894692166576 -34.215554440735076 -1.2820512820512822
      vertex 42.243181812225764 -33.833198763315764 -1.2820512820512822
      vertex 25 -40.38461538461538 -1.2820512820512822
    endloop
  endfacet
  facet normal 0 0 1
    outer loop
      vertex 42.243181812225764 -33.833198763315764 -1.2820512820512822
      vertex 42.44419808774049 -33.48502836097601 -1.2820512820512822
      vertex 25 -40.38461538461538 -1.2820512820512822
    endloop
  endfacet
  facet normal 0 0 1
    outer loop
      vertex 52.88461538461538 -57.692307692307686 -1.2820512820512822
      vertex 42.71321037238681 -36.04450927976421 -1.2820512820512822
      vertex 25 -40.38461538461538 -1.2820512820512822
    endloop
  endfacet
  facet normal 0 0 1
    outer loop
      vertex 52.88461538461538 -57.692307692307686 -1.2820512820512822
      vertex 43.03846153846154 -36.28081808420084 -1.2820512820512822
      vertex 42.71321037238681 -36.04450927976421 -1.2820512820512822
    endloop
  endfacet
  facet normal 0 0 1
    outer loop
      vertex 52.88461538461538 -57.692307692307686 -1.2820512820512822
      vertex 43.40573654927895 -36.44433945441375 -1.2820512820512822
      vertex 43.03846153846154 -36.28081808420084 -1.2820512820512822
    endloop
  endfacet
  facet normal 0 0 1
    outer loop
      vertex 52.88461538461538 -57.692307692307686 -1.2820512820512822
      vertex 43.79898372448528 -36.52792672186206 -1.2820512820512822
      vertex 43.40573654927895 -36.44433945441375 -1.2820512820512822
    endloop
  endfacet
  facet normal 0 0 1
    outer loop
      vertex 52.88461538461538 -57.692307692307686 -1.2820512820512822
      vertex 44.201016275514725 -36.52792672186206 -1.2820512820512822
      vertex 43.79898372448528 -36.52792672186206 -1.2820512820512822
    endloop
  endfacet
  facet normal 0 0 1
    outer loop
      vertex 52.88461538461538 -57.692307692307686 -1.2820512820512822
      vertex 44.59426345072106 -36.44433945441375 -1.2820512820512822
      vertex 44.201016275514725 -36.52792672186206 -1.2820512820512822
    endloop
  endfacet
  facet normal 0 0 1
    outer loop
      vertex 52.88461538461538 -57.692307692307686 -1.2820512820512822
      vertex 44.96153846153846 -36.28081808420084 -1.2820512820512822
      vertex 44.59426345072106 -36.44433945441375 -1.2820512820512822
    endloop
  endfacet
  facet normal 0 0 1
    outer loop
      vertex 52.88461538461538 -57.692307692307686 -1.2820512820512822
      vertex 45.28678962761319 -36.04450927976421 -1.2820512820512822
      vertex 44.96153846153846 -36.28081808420084 -1.2820512820512822
    endloop
  endfacet
  facet normal 0 0 1
    outer loop
      vertex 52.88461538461538 -57.692307692307686 -1.2820512820512822
      vertex 45.55580191225951 -35.74574086979322 -1.2820512820512822
      vertex 45.28678962761319 -36.04450927976421 -1.2820512820512822
    endloop
  endfacet
  facet normal 0 0 1
    outer loop
      vertex 52.88461538461538 -57.692307692307686 -1.2820512820512822
      vertex 45.756818187774236 -35.397570467453455 -1.2820512820512822
      vertex 45.55580191225951 -35.74574086979322 -1.2820512820512822
    endloop
  endfacet
  facet normal 0 0 1
    outer loop
      vertex 52.88461538461538 -57.692307692307686 -1.2820512820512822
      vertex 45.88105307833425 -35.01521479003415 -1.2820512820512822
      vertex 45.756818187774236 -35.397570467453455 -1.2820512820512822
    endloop
  endfacet
  facet normal 0 0 1
    outer loop
      vertex 52.88461538461538 -57.692307692307686 -1.2820512820512822
      vertex 45.92307692307693 -34.61538461538461 -1.2820512820512822
      vertex 45.88105307833425 -35.01521479003415 -1.2820512820512822
    endloop
  endfacet
  facet normal 0 0 1
    outer loop
      vertex 42.44419808774049 -33.48502836097601 -1.2820512820512822
      vertex 42.44419808774049 33.48502836097601 -1.2820512820512822
      vertex 25 -40.38461538461538 -1.2820512820512822
    endloop
  endfacet
  facet normal 1 0 0
    outer loop
      vertex 52.88461538461538 -57.692307692307686 -7.051282051282051
      vertex 52.88461538461538 57.692307692307686 -7.051282051282051
      vertex 52.88461538461538 -57.692307692307686 -1.2820512820512822
    endloop
  endfacet
  facet normal 0 0 1
    outer loop
      vertex 42.44419808774049 -33.48502836097601 -1.2820512820512822
      vertex 42.71321037238681 -33.186259951005006 -1.2820512820512822
      vertex 42.71321037238681 33.186259951005006 -1.2820512820512822
    endloop
  endfacet
  facet normal 0 0 1
    outer loop
      vertex 42.71321037238681 -33.186259951005006 -1.2820512820512822
      vertex 43.03846153846154 -32.94995114656838 -1.2820512820512822
      vertex 43.03846153846154 32.94995114656838 -1.2820512820512822
    endloop
  endfacet
  facet normal 0 0 1
    outer loop
      vertex 43.03846153846154 -32.94995114656838 -1.2820512820512822
      vertex 43.40573654927895 -32.78642977635547 -1.2820512820512822
      vertex 43.40573654927895 32.78642977635547 -1.2820512820512822
    endloop
  endfacet
  facet normal 0 0 1
    outer loop
      vertex 43.40573654927895 -32.78642977635547 -1.2820512820512822
      vertex 43.79898372448528 -32.70284250890716 -1.2820512820512822
      vertex 43.79898372448528 32.70284250890716 -1.2820512820512822
    endloop
  endfacet
  facet normal 0 0 1
    outer loop
      vertex 43.79898372448528 -32.70284250890716 -1.2820512820512822
      vertex 44.201016275514725 -32.70284250890716 -1.2820512820512822
      vertex 44.201016275514725 32.70284250890716 -1.2820512820512822
    endloop
  endfacet
  facet normal 0 0 1
    outer loop
      vertex 44.201016275514725 -32.70284250890716 -1.2820512820512822
      vertex 44.59426345072106 -32.78642977635547 -1.2820512820512822
      vertex 44.59426345072106 32.78642977635547 -1.2820512820512822
    endloop
  endfacet
  facet normal 0 0 1
    outer loop
      vertex 44.59426345072106 -32.78642977635547 -1.2820512820512822
      vertex 44.96153846153846 -32.94995114656838 -1.2820512820512822
      vertex 44.96153846153846 32.94995114656838 -1.2820512820512822
    endloop
  endfacet
  facet normal 0 0 1
    outer loop
      vertex 44.96153846153846 -32.94995114656838 -1.2820512820512822
      vertex 45.28678962761319 -33.186259951005006 -1.2820512820512822
      vertex 45.28678962761319 33.186259951005006 -1.2820512820512822
    endloop
  endfacet
  facet normal 0 0 1
    outer loop
      vertex 45.756818187774236 -33.833198763315764 -1.2820512820512822
      vertex 45.88105307833425 -34.215554440735076 -1.2820512820512822
      vertex 45.88105307833425 34.215554440735076 -1.2820512820512822
    endloop
  endfacet
  facet normal 0 0 1
    outer loop
      vertex 45.28678962761319 -33.186259951005006 -1.2820512820512822
      vertex 45.55580191225951 -33.48502836097601 -1.2820512820512822
      vertex 45.55580191225951 33.48502836097601 -1.2820512820512822
    endloop
  endfacet
  facet normal 0 0 1
    outer loop
      vertex 45.756818187774236 -33.833198763315764 -1.2820512820512822
      vertex 45.756818187774236 33.833198763315764 -1.2820512820512822
      vertex 45.55580191225951 -33.48502836097601 -1.2820512820512822
    endloop
  endfacet
  facet normal 0 0 1
    outer loop
      vertex 45.92307692307693 -34.61538461538461 -1.2820512820512822
      vertex 45.92307692307693 34.61538461538461 -1.2820512820512822
      vertex 45.88105307833425 -34.215554440735076 -1.2820512820512822
    endloop
  endfacet
  facet normal 0 0 1
    outer loop
      vertex 52.88461538461538 -57.692307692307686 -1.2820512820512822
      vertex 52.88461538461538 57.692307692307686 -1.2820512820512822
      vertex 45.92307692307693 -34.61538461538461 -1.2820512820512822
    endloop
  endfacet
  facet normal 0 0 1
    outer loop
      vertex -52.88461538461538 57.692307692307686 -1.2820512820512822
      vertex 25 40.38461538461538 -1.2820512820512822
      vertex 43.40573654927895 36.44433945441375 -1.2820512820512822
    endloop
  endfacet
  facet normal 0 0 1
    outer loop
      vertex -52.88461538461538 57.692307692307686 -1.2820512820512822
      vertex 43.40573654927895 36.44433945441375 -1.2820512820512822
      vertex 43.79898372448528 36.52792672186206 -1.2820512820512822
    endloop
  endfacet
  facet normal 0 0 1
    outer loop
      vertex -52.88461538461538 57.692307692307686 -1.2820512820512822
      vertex 43.79898372448528 36.52792672186206 -1.2820512820512822
      vertex 44.201016275514725 36.52792672186206 -1.2820512820512822
    endloop
  endfacet
  facet normal 0 0 1
    outer loop
      vertex -52.88461538461538 57.692307692307686 -1.2820512820512822
      vertex 44.201016275514725 36.52792672186206 -1.2820512820512822
      vertex 44.59426345072106 36.44433945441375 -1.2820512820512822
    endloop
  endfacet
  facet normal 0 0 1
    outer loop
      vertex -52.88461538461538 57.692307692307686 -1.2820512820512822
      vertex 44.59426345072106 36.44433945441375 -1.2820512820512822
      vertex 52.88461538461538 57.692307692307686 -1.2820512820512822
    endloop
  endfacet
  facet normal 0 1 0
    outer loop
      vertex -52.88461538461538 57.692307692307686 -1.2820512820512822
      vertex 52.88461538461538 57.692307692307686 -1.2820512820512822
      vertex 52.88461538461538 57.692307692307686 -7.051282051282051
    endloop
  endfacet
  facet normal 0 0 1
    outer loop
      vertex 42.11894692166576 35.01521479003415 -1.2820512820512822
      vertex 25 40.38461538461538 -1.2820512820512822
      vertex 25 -40.38461538461538 -1.2820512820512822
    endloop
  endfacet
  facet normal 0 0 1
    outer loop
      vertex 42.44419808774049 33.48502836097601 -1.2820512820512822
      vertex 42.243181812225764 33.833198763315764 -1.2820512820512822
      vertex 25 -40.38461538461538 -1.2820512820512822
    endloop
  endfacet
  facet normal 0 0 1
    outer loop
      vertex 42.11894692166576 34.215554440735076 -1.2820512820512822
      vertex 25 -40.38461538461538 -1.2820512820512822
      vertex 42.243181812225764 33.833198763315764 -1.2820512820512822
    endloop
  endfacet
  facet normal 0 0 1
    outer loop
      vertex 42.11894692166576 34.215554440735076 -1.2820512820512822
      vertex 42.07692307692308 34.61538461538461 -1.2820512820512822
      vertex 25 -40.38461538461538 -1.2820512820512822
    endloop
  endfacet
  facet normal 0 0 1
    outer loop
      vertex 42.07692307692308 34.61538461538461 -1.2820512820512822
      vertex 42.11894692166576 35.01521479003415 -1.2820512820512822
      vertex 25 -40.38461538461538 -1.2820512820512822
    endloop
  endfacet
  facet normal 0 0 1
    outer loop
      vertex 42.44419808774049 -33.48502836097601 -1.2820512820512822
      vertex 42.71321037238681 33.186259951005006 -1.2820512820512822
      vertex 42.44419808774049 33.48502836097601 -1.2820512820512822
    endloop
  endfacet
  facet normal 0 0 1
    outer loop
      vertex 42.71321037238681 -33.186259951005006 -1.2820512820512822
      vertex 43.03846153846154 32.94995114656838 -1.2820512820512822
      vertex 42.71321037238681 33.186259951005006 -1.2820512820512822
    endloop
  endfacet
  facet normal 0 0 1
    outer loop
      vertex 43.03846153846154 -32.94995114656838 -1.2820512820512822
      vertex 43.40573654927895 32.78642977635547 -1.2820512820512822
      vertex 43.03846153846154 32.94995114656838 -1.2820512820512822
    endloop
  endfacet
  facet normal 0 0 1
    outer loop
      vertex 43.40573654927895 -32.78642977635547 -1.2820512820512822
      vertex 43.79898372448528 32.70284250890716 -1.2820512820512822
      vertex 43.40573654927895 32.78642977635547 -1.2820512820512822
    endloop
  endfacet
  facet normal 0 0 1
    outer loop
      vertex 43.79898372448528 -32.70284250890716 -1.2820512820512822
      vertex 44.201016275514725 32.70284250890716 -1.2820512820512822
      vertex 43.79898372448528 32.70284250890716 -1.2820512820512822
    endloop
  endfacet
  facet normal 0 0 1
    outer loop
      vertex 44.201016275514725 -32.70284250890716 -1.2820512820512822
      vertex 44.59426345072106 32.78642977635547 -1.2820512820512822
      vertex 44.201016275514725 32.70284250890716 -1.2820512820512822
    endloop
  endfacet
  facet normal 0 0 1
    outer loop
      vertex 44.59426345072106 -32.78642977635547 -1.2820512820512822
      vertex 44.96153846153846 32.94995114656838 -1.2820512820512822
      vertex 44.59426345072106 32.78642977635547 -1.2820512820512822
    endloop
  endfacet
  facet normal 0 0 1
    outer loop
      vertex 44.96153846153846 -32.94995114656838 -1.2820512820512822
      vertex 45.28678962761319 33.186259951005006 -1.2820512820512822
      vertex 44.96153846153846 32.94995114656838 -1.2820512820512822
    endloop
  endfacet
  facet normal 0 0 1
    outer loop
      vertex 45.28678962761319 -33.186259951005006 -1.2820512820512822
      vertex 45.55580191225951 33.48502836097601 -1.2820512820512822
      vertex 45.28678962761319 33.186259951005006 -1.2820512820512822
    endloop
  endfacet
  facet normal 0 0 1
    outer loop
      vertex 45.55580191225951 -33.48502836097601 -1.2820512820512822
      vertex 45.756818187774236 33.833198763315764 -1.2820512820512822
      vertex 45.55580191225951 33.48502836097601 -1.2820512820512822
    endloop
  endfacet
  facet normal 0 0 1
    outer loop
      vertex 45.756818187774236 -33.833198763315764 -1.2820512820512822
      vertex 45.88105307833425 34.215554440735076 -1.2820512820512822
      vertex 45.756818187774236 33.833198763315764 -1.2820512820512822
    endloop
  endfacet
  facet normal 0 0 1
    outer loop
      vertex 45.88105307833425 -34.215554440735076 -1.2820512820512822
      vertex 45.92307692307693 34.61538461538461 -1.2820512820512822
      vertex 45.88105307833425 34.215554440735076 -1.2820512820512822
    endloop
  endfacet
  facet normal 0 0 1
    outer loop
      vertex 45.92307692307693 -34.61538461538461 -1.2820512820512822
      vertex 52.88461538461538 57.692307692307686 -1.2820512820512822
      vertex 45.92307692307693 34.61538461538461 -1.2820512820512822
    endloop
  endfacet
  facet normal 1 0 0
    outer loop
      vertex 52.88461538461538 -57.692307692307686 -1.2820512820512822
      vertex 52.88461538461538 57.692307692307686 -7.051282051282051
      vertex 52.88461538461538 57.692307692307686 -1.2820512820512822
    endloop
  endfacet
  facet normal 0 0 1
    outer loop
      vertex 42.11894692166576 35.01521479003415 -1.2820512820512822
      vertex 42.243181812225764 35.397570467453455 -1.2820512820512822
      vertex 25 40.38461538461538 -1.2820512820512822
    endloop
  endfacet
  facet normal 0 0 1
    outer loop
      vertex 42.243181812225764 35.397570467453455 -1.2820512820512822
      vertex 42.44419808774049 35.74574086979322 -1.2820512820512822
      vertex 25 40.38461538461538 -1.2820512820512822
    endloop
  endfacet
  facet normal 0 0 1
    outer loop
      vertex 42.44419808774049 35.74574086979322 -1.2820512820512822
      vertex 42.71321037238681 36.04450927976421 -1.2820512820512822
      vertex 25 40.38461538461538 -1.2820512820512822
    endloop
  endfacet
  facet normal 0 0 1
    outer loop
      vertex 42.71321037238681 36.04450927976421 -1.2820512820512822
      vertex 43.03846153846154 36.28081808420084 -1.2820512820512822
      vertex 25 40.38461538461538 -1.2820512820512822
    endloop
  endfacet
  facet normal 0 0 1
    outer loop
      vertex 43.03846153846154 36.28081808420084 -1.2820512820512822
      vertex 43.40573654927895 36.44433945441375 -1.2820512820512822
      vertex 25 40.38461538461538 -1.2820512820512822
    endloop
  endfacet
  facet normal 0 0 1
    outer loop
      vertex 45.28678962761319 36.04450927976421 -1.2820512820512822
      vertex 45.55580191225951 35.74574086979322 -1.2820512820512822
      vertex 52.88461538461538 57.692307692307686 -1.2820512820512822
    endloop
  endfacet
  facet normal 0 0 1
    outer loop
      vertex 45.92307692307693 34.61538461538461 -1.2820512820512822
      vertex 52.88461538461538 57.692307692307686 -1.2820512820512822
      vertex 45.88105307833425 35.01521479003415 -1.2820512820512822
    endloop
  endfacet
  facet normal 0 0 1
    outer loop
      vertex 45.88105307833425 35.01521479003415 -1.2820512820512822
      vertex 52.88461538461538 57.692307692307686 -1.2820512820512822
      vertex 45.756818187774236 35.397570467453455 -1.2820512820512822
    endloop
  endfacet
  facet normal 0 0 1
    outer loop
      vertex 45.756818187774236 35.397570467453455 -1.2820512820512822
      vertex 52.88461538461538 57.692307692307686 -1.2820512820512822
      vertex 45.55580191225951 35.74574086979322 -1.2820512820512822
    endloop
  endfacet
  facet normal 0 0 1
    outer loop
      vertex 44.59426345072106 36.44433945441375 -1.2820512820512822
      vertex 44.96153846153846 36.28081808420084 -1.2820512820512822
      vertex 52.88461538461538 57.692307692307686 -1.2820512820512822
    endloop
  endfacet
  facet normal 0 0 1
    outer loop
      vertex 45.28678962761319 36.04450927976421 -1.2820512820512822
      vertex 52.88461538461538 57.692307692307686 -1.2820512820512822
      vertex 44.96153846153846 36.28081808420084 -1.2820512820512822
    endloop
  endfacet
  facet normal 0 0 1
    outer loop
      vertex -25 -40.38461538461538 0
      vertex -21.153846153846153 -38.46153846153846 0
      vertex -23.076923076923077 -38.46153846153846 0
    endloop
  endfacet
  facet normal 0 0 1
    outer loop
      vertex -25 -40.38461538461538 0
      vertex -17.307692307692307 -38.942307692307686 0
      vertex -21.153846153846153 -38.46153846153846 0
    endloop
  endfacet
  facet normal 0 0 1
    outer loop
      vertex -17.307692307692307 -38.942307692307686 0
      vertex -17.307692307692307 -38.46153846153846 0
      vertex -21.153846153846153 -38.46153846153846 0
    endloop
  endfacet
  facet normal 0 0 1
    outer loop
      vertex -21.153846153846153 -36.53846153846153 0
      vertex -17.307692307692307 -36.53846153846153 0
      vertex -17.307692307692307 -36.05769230769231 0
    endloop
  endfacet
  facet normal 0 -1 0
    outer loop
      vertex -25 -40.38461538461538 0
      vertex -25 -40.38461538461538 -1.2820512820512822
      vertex 25 -40.38461538461538 0
    endloop
  endfacet
  facet normal 0 0 1
    outer loop
      vertex -25 -40.38461538461538 0
      vertex 17.307692307692307 -38.942307692307686 0
      vertex -17.307692307692307 -38.942307692307686 0
    endloop
  endfacet
  facet normal -1 0 0
    outer loop
      vertex -25 -40.38461538461538 0
      vertex -25 40.38461538461538 -1.2820512820512822
      vertex -25 -40.38461538461538 -1.2820512820512822
    endloop
  endfacet
  facet normal 0 0 1
    outer loop
      vertex -25 -40.38461538461538 0
      vertex -23.076923076923077 -38.46153846153846 0
      vertex -25 40.38461538461538 0
    endloop
  endfacet
  facet normal 0 0 1
    outer loop
      vertex -21.153846153846153 -36.53846153846153 0
      vertex -17.307692307692307 -36.05769230769231 0
      vertex -21.153846153846153 36.53846153846153 0
    endloop
  endfacet
  facet normal 0 0 1
    outer loop
      vertex -17.307692307692307 -36.05769230769231 0
      vertex 17.307692307692307 -36.05769230769231 0
      vertex -21.153846153846153 36.53846153846153 0
    endloop
  endfacet
  facet normal -1 0 0
    outer loop
      vertex -25 -40.38461538461538 0
      vertex -25 40.38461538461538 0
      vertex -25 40.38461538461538 -1.2820512820512822
    endloop
  endfacet
  facet normal 0 0 1
    outer loop
      vertex -23.076923076923077 -38.46153846153846 0
      vertex -23.076923076923077 38.46153846153846 0
      vertex -25 40.38461538461538 0
    endloop
  endfacet
  facet normal 0 1 0
    outer loop
      vertex -25 40.38461538461538 0
      vertex 25 40.38461538461538 -1.2820512820512822
      vertex -25 40.38461538461538 -1.2820512820512822
    endloop
  endfacet
  facet normal 0 0 1
    outer loop
      vertex -25 40.38461538461538 0
      vertex -23.076923076923077 38.46153846153846 0
      vertex 25 40.38461538461538 0
    endloop
  endfacet
  facet normal 0 0 1
    outer loop
      vertex -23.076923076923077 38.46153846153846 0
      vertex -21.153846153846153 38.46153846153846 0
      vertex 25 40.38461538461538 0
    endloop
  endfacet
  facet normal 0 -1 0
    outer loop
      vertex 25 -40.38461538461538 0
      vertex -25 -40.38461538461538 -1.2820512820512822
      vertex 25 -40.38461538461538 -1.2820512820512822
    endloop
  endfacet
  facet normal 0 0 1
    outer loop
      vertex -25 -40.38461538461538 0
      vertex 25 -40.38461538461538 0
      vertex 17.307692307692307 -38.942307692307686 0
    endloop
  endfacet
  facet normal 0 0 1
    outer loop
      vertex 21.153846153846153 -38.46153846153846 0
      vertex 17.307692307692307 -38.46153846153846 0
      vertex 17.307692307692307 -38.942307692307686 0
    endloop
  endfacet
  facet normal 0 0 1
    outer loop
      vertex 17.307692307692307 -36.05769230769231 0
      vertex 17.307692307692307 -36.53846153846153 0
      vertex 21.153846153846153 -36.53846153846153 0
    endloop
  endfacet
  facet normal 0 0 1
    outer loop
      vertex 23.076923076923077 -38.46153846153846 0
      vertex 21.153846153846153 -38.46153846153846 0
      vertex 17.307692307692307 -38.942307692307686 0
    endloop
  endfacet
  facet normal 0 0 1
    outer loop
      vertex 23.076923076923077 -38.46153846153846 0
      vertex 17.307692307692307 -38.942307692307686 0
      vertex 25 -40.38461538461538 0
    endloop
  endfacet
  facet normal 0 0 1
    outer loop
      vertex 20.673076923076923 -26.923076923076923 0
      vertex 21.153846153846153 -36.53846153846153 0
      vertex 21.153846153846153 -26.923076923076923 0
    endloop
  endfacet
  facet normal 0 0 1
    outer loop
      vertex 23.076923076923077 -38.46153846153846 0
      vertex 25 -40.38461538461538 0
      vertex 23.557692307692307 -26.923076923076923 0
    endloop
  endfacet
  facet normal 0 0 1
    outer loop
      vertex 23.076923076923077 -38.46153846153846 0
      vertex 23.557692307692307 -26.923076923076923 0
      vertex 23.076923076923077 -26.923076923076923 0
    endloop
  endfacet
  facet normal 0 0 1
    outer loop
      vertex 17.307692307692307 -36.05769230769231 0
      vertex 21.153846153846153 -36.53846153846153 0
      vertex -21.153846153846153 36.53846153846153 0
    endloop
  endfacet
  facet normal 0 0 1
    outer loop
      vertex 20.673076923076923 -26.923076923076923 0
      vertex -21.153846153846153 36.53846153846153 0
      vertex 21.153846153846153 -36.53846153846153 0
    endloop
  endfacet
  facet normal 0 0 1
    outer loop
      vertex 20.673076923076923 -26.923076923076923 0
      vertex 20.673076923076923 -15.384615384615383 0
      vertex -21.153846153846153 36.53846153846153 0
    endloop
  endfacet
  facet normal 0 0 1
    outer loop
      vertex 25 -40.38461538461538 0
      vertex 23.557692307692307 -15.384615384615383 0
      vertex 23.557692307692307 -26.923076923076923 0
    endloop
  endfacet
  facet normal 1 0 0
    outer loop
      vertex 25 -40.38461538461538 0
      vertex 25 -40.38461538461538 -1.2820512820512822
      vertex 25 40.38461538461538 0
    endloop
  endfacet
  facet normal 0 0 1
    outer loop
      vertex 25 -40.38461538461538 0
      vertex 23.076923076923077 38.46153846153846 0
      vertex 23.557692307692307 -15.384615384615383 0
    endloop
  endfacet
  facet normal 0 0 1
    outer loop
      vertex 20.673076923076923 -15.384615384615383 0
      vertex 21.153846153846153 36.53846153846153 0
      vertex -21.153846153846153 36.53846153846153 0
    endloop
  endfacet
  facet normal 1 0 0
    outer loop
      vertex 25 40.38461538461538 0
      vertex 25 -40.38461538461538 -1.2820512820512822
      vertex 25 40.38461538461538 -1.2820512820512822
    endloop
  endfacet
  facet normal 0 0 1
    outer loop
      vertex 20.673076923076923 -15.384615384615383 0
      vertex 21.153846153846153 -15.384615384615383 0
      vertex 21.153846153846153 36.53846153846153 0
    endloop
  endfacet
  facet normal 0 0 1
    outer loop
      vertex 23.076923076923077 38.46153846153846 0
      vertex 23.076923076923077 -15.384615384615383 0
      vertex 23.557692307692307 -15.384615384615383 0
    endloop
  endfacet
  facet normal 0 0 1
    outer loop
      vertex 25 -40.38461538461538 0
      vertex 25 40.38461538461538 0
      vertex 23.076923076923077 38.46153846153846 0
    endloop
  endfacet
  facet normal 0 1 0
    outer loop
      vertex -25 40.38461538461538 0
      vertex 25 40.38461538461538 0
      vertex 25 40.38461538461538 -1.2820512820512822
    endloop
  endfacet
  facet normal 0 0 1
    outer loop
      vertex 25 40.38461538461538 0
      vertex -21.153846153846153 38.46153846153846 0
      vertex 21.153846153846153 38.46153846153846 0
    endloop
  endfacet
  facet normal 0 0 1
    outer loop
      vertex 23.076923076923077 38.46153846153846 0
      vertex 25 40.38461538461538 0
      vertex 21.153846153846153 38.46153846153846 0
    endloop
  endfacet
  facet normal 0 -1 0
    outer loop
      vertex -23.076923076923077 -38.46153846153846 0
      vertex -21.153846153846153 -38.46153846153846 0
      vertex -23.076923076923077 -38.46153846153846 33.68852722337953
    endloop
  endfacet
  facet normal -1 0 0
    outer loop
      vertex -23.076923076923077 -38.46153846153846 0
      vertex -23.076923076923077 -38.46153846153846 33.68852722337953
      vertex -23.076923076923077 -26.602564102564102 26.923076923076923
    endloop
  endfacet
  facet normal 1 0 0
    outer loop
      vertex -21.153846153846153 -36.53846153846153 0
      vertex -21.153846153846153 -26.602564102564102 26.923076923076923
      vertex -21.153846153846153 -36.53846153846153 34.16929645414876
    endloop
  endfacet
  facet normal -1 0 0
    outer loop
      vertex -23.076923076923077 -38.46153846153846 0
      vertex -23.076923076923077 -26.602564102564102 26.923076923076923
      vertex -23.076923076923077 -15.705128205128204 26.923076923076923
    endloop
  endfacet
  facet normal 1 0 0
    outer loop
      vertex -21.153846153846153 -26.602564102564102 26.923076923076923
      vertex -21.153846153846153 -36.53846153846153 0
      vertex -21.153846153846153 -15.705128205128204 26.923076923076923
    endloop
  endfacet
  facet normal -1 0 0
    outer loop
      vertex -23.076923076923077 -38.46153846153846 0
      vertex -23.076923076923077 -15.705128205128204 26.923076923076923
      vertex -23.076923076923077 -5.448717948717949 26.923076923076923
    endloop
  endfacet
  facet normal 1 0 0
    outer loop
      vertex -21.153846153846153 -36.53846153846153 0
      vertex -21.153846153846153 36.53846153846153 0
      vertex -21.153846153846153 -15.705128205128204 26.923076923076923
    endloop
  endfacet
  facet normal -1 0 0
    outer loop
      vertex -23.076923076923077 -38.46153846153846 0
      vertex -23.076923076923077 -5.448717948717949 26.923076923076923
      vertex -23.076923076923077 5.448717948717949 26.923076923076923
    endloop
  endfacet
  facet normal -1 0 0
    outer loop
      vertex -23.076923076923077 -38.46153846153846 0
      vertex -23.076923076923077 5.448717948717949 26.923076923076923
      vertex -23.076923076923077 15.705128205128204 31.73076923076923
    endloop
  endfacet
  facet normal -1 0 0
    outer loop
      vertex -23.076923076923077 -38.46153846153846 0
      vertex -23.076923076923077 15.705128205128204 31.73076923076923
      vertex -23.076923076923077 15.705128205128204 26.923076923076923
    endloop
  endfacet
  facet normal 0 -1 0
    outer loop
      vertex -23.076923076923077 -38.46153846153846 33.68852722337953
      vertex -21.153846153846153 -38.46153846153846 0
      vertex -21.153846153846153 -38.46153846153846 34.16929645414876
    endloop
  endfacet
  facet normal -1 0 0
    outer loop
      vertex -23.076923076923077 -38.46153846153846 33.68852722337953
      vertex -23.076923076923077 -26.602564102564102 31.73076923076923
      vertex -23.076923076923077 -26.602564102564102 26.923076923076923
    endloop
  endfacet
  facet normal 1 0 0
    outer loop
      vertex -21.153846153846153 -26.602564102564102 26.923076923076923
      vertex -21.153846153846153 -26.602564102564102 31.73076923076923
      vertex -21.153846153846153 -36.53846153846153 34.16929645414876
    endloop
  endfacet
  facet normal -1 0 0
    outer loop
      vertex -23.076923076923077 -38.46153846153846 33.68852722337953
      vertex -23.076923076923077 -15.705128205128204 31.73076923076923
      vertex -23.076923076923077 -26.602564102564102 31.73076923076923
    endloop
  endfacet
  facet normal 1 0 0
    outer loop
      vertex -21.153846153846153 -26.602564102564102 31.73076923076923
      vertex -21.153846153846153 -15.705128205128204 31.73076923076923
      vertex -21.153846153846153 -36.53846153846153 34.16929645414876
    endloop
  endfacet
  facet normal 1 0 0
    outer loop
      vertex -21.153846153846153 -15.705128205128204 31.73076923076923
      vertex -21.153846153846153 -5.448717948717949 31.73076923076923
      vertex -21.153846153846153 -36.53846153846153 34.16929645414876
    endloop
  endfacet
  facet normal 1 0 0
    outer loop
      vertex -21.153846153846153 -15.705128205128204 26.923076923076923
      vertex -21.153846153846153 -5.448717948717949 26.923076923076923
      vertex -21.153846153846153 -15.705128205128204 31.73076923076923
    endloop
  endfacet
  facet normal -1 0 0
    outer loop
      vertex -23.076923076923077 -15.705128205128204 26.923076923076923
      vertex -23.076923076923077 -15.705128205128204 31.73076923076923
      vertex -23.076923076923077 -5.448717948717949 31.73076923076923
    endloop
  endfacet
  facet normal -1 0 0
    outer loop
      vertex -23.076923076923077 -15.705128205128204 26.923076923076923
      vertex -23.076923076923077 -5.448717948717949 31.73076923076923
      vertex -23.076923076923077 -5.448717948717949 26.923076923076923
    endloop
  endfacet
  facet normal 1 0 0
    outer loop
      vertex -21.153846153846153 -15.705128205128204 31.73076923076923
      vertex -21.153846153846153 -5.448717948717949 26.923076923076923
      vertex -21.153846153846153 -5.448717948717949 31.73076923076923
    endloop
  endfacet
  facet normal 1 0 0
    outer loop
      vertex -21.153846153846153 -5.448717948717949 31.73076923076923
      vertex -21.153846153846153 5.448717948717949 31.73076923076923
      vertex -21.153846153846153 -36.53846153846153 34.16929645414876
    endloop
  endfacet
  facet normal 1 0 0
    outer loop
      vertex -21.153846153846153 5.448717948717949 31.73076923076923
      vertex -21.153846153846153 15.705128205128204 31.73076923076923
      vertex -21.153846153846153 -36.53846153846153 34.16929645414876
    endloop
  endfacet
  facet normal -1 0 0
    outer loop
      vertex -23.076923076923077 -38.46153846153846 33.68852722337953
      vertex -23.076923076923077 38.46153846153846 33.68852722337953
      vertex -23.076923076923077 -15.705128205128204 31.73076923076923
    endloop
  endfacet
  facet normal -1 0 0
    outer loop
      vertex -23.076923076923077 -38.46153846153846 0
      vertex -23.076923076923077 15.705128205128204 26.923076923076923
      vertex -23.076923076923077 38.46153846153846 0
    endloop
  endfacet
  facet normal 1 0 0
    outer loop
      vertex -21.153846153846153 -15.705128205128204 26.923076923076923
      vertex -21.153846153846153 36.53846153846153 0
      vertex -21.153846153846153 -5.448717948717949 26.923076923076923
    endloop
  endfacet
  facet normal 1 0 0
    outer loop
      vertex -21.153846153846153 -5.448717948717949 26.923076923076923
      vertex -21.153846153846153 36.53846153846153 0
      vertex -21.153846153846153 5.448717948717949 26.923076923076923
    endloop
  endfacet
  facet normal 1 0 0
    outer loop
      vertex -21.153846153846153 5.448717948717949 26.923076923076923
      vertex -21.153846153846153 36.53846153846153 0
      vertex -21.153846153846153 15.705128205128204 26.923076923076923
    endloop
  endfacet
  facet normal -1 0 0
    outer loop
      vertex -23.076923076923077 38.46153846153846 0
      vertex -23.076923076923077 15.705128205128204 26.923076923076923
      vertex -23.076923076923077 26.602564102564102 26.923076923076923
    endloop
  endfacet
  facet normal 1 0 0
    outer loop
      vertex -21.153846153846153 15.705128205128204 26.923076923076923
      vertex -21.153846153846153 36.53846153846153 0
      vertex -21.153846153846153 26.602564102564102 26.923076923076923
    endloop
  endfacet
  facet normal 0 1 0
    outer loop
      vertex -23.076923076923077 38.46153846153846 0
      vertex -21.153846153846153 38.46153846153846 34.16929645414876
      vertex -21.153846153846153 38.46153846153846 0
    endloop
  endfacet
  facet normal 1 0 0
    outer loop
      vertex -21.153846153846153 26.602564102564102 26.923076923076923
      vertex -21.153846153846153 36.53846153846153 0
      vertex -21.153846153846153 26.602564102564102 31.73076923076923
    endloop
  endfacet
  facet normal -1 0 0
    outer loop
      vertex -23.076923076923077 38.46153846153846 0
      vertex -23.076923076923077 26.602564102564102 26.923076923076923
      vertex -23.076923076923077 38.46153846153846 33.68852722337953
    endloop
  endfacet
  facet normal -1 0 0
    outer loop
      vertex -23.076923076923077 38.46153846153846 33.68852722337953
      vertex -23.076923076923077 -5.448717948717949 31.73076923076923
      vertex -23.076923076923077 -15.705128205128204 31.73076923076923
    endloop
  endfacet
  facet normal 1 0 0
    outer loop
      vertex -21.153846153846153 15.705128205128204 31.73076923076923
      vertex -21.153846153846153 36.53846153846153 34.16929645414876
      vertex -21.153846153846153 -36.53846153846153 34.16929645414876
    endloop
  endfacet
  facet normal 1 0 0
    outer loop
      vertex -21.153846153846153 5.448717948717949 26.923076923076923
      vertex -21.153846153846153 15.705128205128204 26.923076923076923
      vertex -21.153846153846153 5.448717948717949 31.73076923076923
    endloop
  endfacet
  facet normal -1 0 0
    outer loop
      vertex -23.076923076923077 5.448717948717949 26.923076923076923
      vertex -23.076923076923077 5.448717948717949 31.73076923076923
      vertex -23.076923076923077 15.705128205128204 31.73076923076923
    endloop
  endfacet
  facet normal 1 0 0
    outer loop
      vertex -21.153846153846153 5.448717948717949 31.73076923076923
      vertex -21.153846153846153 15.705128205128204 26.923076923076923
      vertex -21.153846153846153 15.705128205128204 31.73076923076923
    endloop
  endfacet
  facet normal -1 0 0
    outer loop
      vertex -23.076923076923077 38.46153846153846 33.68852722337953
      vertex -23.076923076923077 5.448717948717949 31.73076923076923
      vertex -23.076923076923077 -5.448717948717949 31.73076923076923
    endloop
  endfacet
  facet normal -1 0 0
    outer loop
      vertex -23.076923076923077 38.46153846153846 33.68852722337953
      vertex -23.076923076923077 15.705128205128204 31.73076923076923
      vertex -23.076923076923077 5.448717948717949 31.73076923076923
    endloop
  endfacet
  facet normal -1 0 0
    outer loop
      vertex -23.076923076923077 38.46153846153846 33.68852722337953
      vertex -23.076923076923077 26.602564102564102 31.73076923076923
      vertex -23.076923076923077 15.705128205128204 31.73076923076923
    endloop
  endfacet
  facet normal 1 0 0
    outer loop
      vertex -21.153846153846153 15.705128205128204 31.73076923076923
      vertex -21.153846153846153 26.602564102564102 31.73076923076923
      vertex -21.153846153846153 36.53846153846153 34.16929645414876
    endloop
  endfacet
  facet normal 1 0 0
    outer loop
      vertex -21.153846153846153 26.602564102564102 31.73076923076923
      vertex -21.153846153846153 36.53846153846153 0
      vertex -21.153846153846153 36.53846153846153 34.16929645414876
    endloop
  endfacet
  facet normal 0 1 0
    outer loop
      vertex -23.076923076923077 38.46153846153846 0
      vertex -23.076923076923077 38.46153846153846 33.68852722337953
      vertex -21.153846153846153 38.46153846153846 34.16929645414876
    endloop
  endfacet
  facet normal -1 0 0
    outer loop
      vertex -23.076923076923077 38.46153846153846 33.68852722337953
      vertex -23.076923076923077 26.602564102564102 26.923076923076923
      vertex -23.076923076923077 26.602564102564102 31.73076923076923
    endloop
  endfacet
  facet normal 0 -1 0
    outer loop
      vertex 23.076923076923077 -38.46153846153846 0
      vertex 23.076923076923077 -38.46153846153846 33.781796454148754
      vertex 21.153846153846153 -38.46153846153846 0
    endloop
  endfacet
  facet normal -1 0 0
    outer loop
      vertex 21.153846153846153 -26.923076923076923 25.641025641025646
      vertex 21.153846153846153 -26.923076923076923 0
      vertex 21.153846153846153 -36.53846153846153 0
    endloop
  endfacet
  facet normal 1 0 0
    outer loop
      vertex 23.076923076923077 -38.46153846153846 0
      vertex 23.076923076923077 -26.923076923076923 0
      vertex 23.076923076923077 -38.46153846153846 33.781796454148754
    endloop
  endfacet
  facet normal 1 0 0
    outer loop
      vertex 23.076923076923077 -26.923076923076923 0
      vertex 23.076923076923077 -26.923076923076923 25.641025641025646
      vertex 23.076923076923077 -38.46153846153846 33.781796454148754
    endloop
  endfacet
  facet normal 1 0 0
    outer loop
      vertex 23.076923076923077 -15.384615384615383 25.641025641025646
      vertex 23.076923076923077 -15.384615384615383 0
      vertex 23.076923076923077 0 13.46153846153846
    endloop
  endfacet
  facet normal -1 0 0
    outer loop
      vertex 21.153846153846153 0 13.46153846153846
      vertex 21.153846153846153 -15.384615384615383 0
      vertex 21.153846153846153 0 25
    endloop
  endfacet
  facet normal -1 0 0
    outer loop
      vertex 21.153846153846153 -15.384615384615383 0
      vertex 21.153846153846153 -15.384615384615383 25.641025641025646
      vertex 21.153846153846153 0 25
    endloop
  endfacet
  facet normal 0 -1 0
    outer loop
      vertex 23.076923076923077 -38.46153846153846 33.781796454148754
      vertex 23.076923076923077 -38.46153846153846 34.97115384615385
      vertex 21.153846153846153 -38.46153846153846 0
    endloop
  endfacet
  facet normal 0 -1 0
    outer loop
      vertex 23.076923076923077 -38.46153846153846 45.19230769230769
      vertex 21.153846153846153 -38.46153846153846 0
      vertex 23.076923076923077 -38.46153846153846 34.97115384615385
    endloop
  endfacet
  facet normal -1 0 0
    outer loop
      vertex 21.153846153846153 -26.923076923076923 25.641025641025646
      vertex 21.153846153846153 -36.53846153846153 0
      vertex 21.153846153846153 -36.53846153846153 44.74621953107181
    endloop
  endfacet
  facet normal 0 -1 0
    outer loop
      vertex 22.9381987987897 -38.46153846153846 45.19230769230769
      vertex 21.153846153846153 -38.46153846153846 44.74621953107181
      vertex 21.153846153846153 -38.46153846153846 0
    endloop
  endfacet
  facet normal 0 -1 0
    outer loop
      vertex 22.9381987987897 -38.46153846153846 45.19230769230769
      vertex 21.153846153846153 -38.46153846153846 0
      vertex 23.076923076923077 -38.46153846153846 45.19230769230769
    endloop
  endfacet
  facet normal -1 0 0
    outer loop
      vertex 21.153846153846153 -26.923076923076923 25.641025641025646
      vertex 21.153846153846153 -36.53846153846153 44.74621953107181
      vertex 21.153846153846153 -26.602564102564102 37.50000000000001
    endloop
  endfacet
  facet normal 1 0 0
    outer loop
      vertex 23.076923076923077 -38.46153846153846 45.19230769230769
      vertex 23.076923076923077 -38.46153846153846 34.97115384615385
      vertex 23.076923076923077 -26.602564102564102 37.50000000000001
    endloop
  endfacet
  facet normal -1 0 0
    outer loop
      vertex 21.153846153846153 -26.602564102564102 37.50000000000001
      vertex 21.153846153846153 -36.53846153846153 44.74621953107181
      vertex 21.153846153846153 -26.602564102564102 42.307692307692314
    endloop
  endfacet
  facet normal 1 0 0
    outer loop
      vertex 23.076923076923077 -38.46153846153846 45.19230769230769
      vertex 23.076923076923077 -26.602564102564102 37.50000000000001
      vertex 23.076923076923077 -26.602564102564102 42.307692307692314
    endloop
  endfacet
  facet normal -1 0 0
    outer loop
      vertex 21.153846153846153 -26.923076923076923 25.641025641025646
      vertex 21.153846153846153 -26.602564102564102 37.50000000000001
      vertex 21.153846153846153 -15.384615384615383 25.641025641025646
    endloop
  endfacet
  facet normal 1 0 0
    outer loop
      vertex 23.076923076923077 -26.923076923076923 25.641025641025646
      vertex 23.076923076923077 -19.039391673182816 33.781796454148754
      vertex 23.076923076923077 -38.46153846153846 33.781796454148754
    endloop
  endfacet
  facet normal 1 0 0
    outer loop
      vertex 23.076923076923077 -15.384615384615383 25.641025641025646
      vertex 23.076923076923077 -19.039391673182816 33.781796454148754
      vertex 23.076923076923077 -26.923076923076923 25.641025641025646
    endloop
  endfacet
  facet normal -1 0 0
    outer loop
      vertex 21.153846153846153 -15.384615384615383 25.641025641025646
      vertex 21.153846153846153 -26.602564102564102 37.50000000000001
      vertex 21.153846153846153 -15.705128205128204 37.50000000000001
    endloop
  endfacet
  facet normal 1 0 0
    outer loop
      vertex 23.076923076923077 -15.384615384615383 25.641025641025646
      vertex 23.076923076923077 0 13.46153846153846
      vertex 23.076923076923077 -19.039391673182816 33.781796454148754
    endloop
  endfacet
  facet normal 1 0 0
    outer loop
      vertex 23.076923076923077 0 13.46153846153846
      vertex 23.076923076923077 0 25
      vertex 23.076923076923077 -19.039391673182816 33.781796454148754
    endloop
  endfacet
  facet normal -1 0 0
    outer loop
      vertex 21.153846153846153 -15.384615384615383 25.641025641025646
      vertex 21.153846153846153 -15.705128205128204 37.50000000000001
      vertex 21.153846153846153 -5.448717948717949 37.50000000000001
    endloop
  endfacet
  facet normal -1 0 0
    outer loop
      vertex 21.153846153846153 -15.384615384615383 25.641025641025646
      vertex 21.153846153846153 -5.448717948717949 37.50000000000001
      vertex 21.153846153846153 0 25
    endloop
  endfacet
  facet normal 1 0 0
    outer loop
      vertex 23.076923076923077 -26.602564102564102 37.50000000000001
      vertex 23.076923076923077 -38.46153846153846 34.97115384615385
      vertex 23.076923076923077 -15.705128205128204 37.50000000000001
    endloop
  endfacet
  facet normal -1 0 0
    outer loop
      vertex 21.153846153846153 -26.602564102564102 42.307692307692314
      vertex 21.153846153846153 -36.53846153846153 44.74621953107181
      vertex 21.153846153846153 -15.705128205128204 42.307692307692314
    endloop
  endfacet
  facet normal 1 0 0
    outer loop
      vertex 23.076923076923077 -38.46153846153846 45.19230769230769
      vertex 23.076923076923077 -26.602564102564102 42.307692307692314
      vertex 23.076923076923077 -15.705128205128204 42.307692307692314
    endloop
  endfacet
  facet normal 1 0 0
    outer loop
      vertex 23.076923076923077 -38.46153846153846 45.19230769230769
      vertex 23.076923076923077 -15.705128205128204 42.307692307692314
      vertex 23.076923076923077 -5.448717948717949 42.307692307692314
    endloop
  endfacet
  facet normal 1 0 0
    outer loop
      vertex 23.076923076923077 -15.705128205128204 37.50000000000001
      vertex 23.076923076923077 -5.448717948717949 37.50000000000001
      vertex 23.076923076923077 -15.705128205128204 42.307692307692314
    endloop
  endfacet
  facet normal -1 0 0
    outer loop
      vertex 21.153846153846153 -15.705128205128204 37.50000000000001
      vertex 21.153846153846153 -15.705128205128204 42.307692307692314
      vertex 21.153846153846153 -5.448717948717949 42.307692307692314
    endloop
  endfacet
  facet normal -1 0 0
    outer loop
      vertex 21.153846153846153 -15.705128205128204 37.50000000000001
      vertex 21.153846153846153 -5.448717948717949 42.307692307692314
      vertex 21.153846153846153 -5.448717948717949 37.50000000000001
    endloop
  endfacet
  facet normal 1 0 0
    outer loop
      vertex 23.076923076923077 -15.705128205128204 42.307692307692314
      vertex 23.076923076923077 -5.448717948717949 37.50000000000001
      vertex 23.076923076923077 -5.448717948717949 42.307692307692314
    endloop
  endfacet
  facet normal 1 0 0
    outer loop
      vertex 23.076923076923077 -15.705128205128204 37.50000000000001
      vertex 23.076923076923077 -38.46153846153846 34.97115384615385
      vertex 23.076923076923077 38.46153846153846 34.97115384615385
    endloop
  endfacet
  facet normal 1 0 0
    outer loop
      vertex 23.076923076923077 -38.46153846153846 45.19230769230769
      vertex 23.076923076923077 -5.448717948717949 42.307692307692314
      vertex 23.076923076923077 5.448717948717949 42.307692307692314
    endloop
  endfacet
  facet normal 0 0 1
    outer loop
      vertex 22.9381987987897 -38.46153846153846 45.19230769230769
      vertex 23.076923076923077 -38.46153846153846 45.19230769230769
      vertex 23.076923076923077 38.46153846153846 45.19230769230769
    endloop
  endfacet
  facet normal -1 0 0
    outer loop
      vertex 21.153846153846153 -15.705128205128204 42.307692307692314
      vertex 21.153846153846153 -36.53846153846153 44.74621953107181
      vertex 21.153846153846153 36.53846153846153 44.74621953107181
    endloop
  endfacet
  facet normal 1 0 0
    outer loop
      vertex 23.076923076923077 -38.46153846153846 45.19230769230769
      vertex 23.076923076923077 5.448717948717949 42.307692307692314
      vertex 23.076923076923077 15.705128205128204 42.307692307692314
    endloop
  endfacet
  facet normal -1 0 0
    outer loop
      vertex 21.153846153846153 0 13.46153846153846
      vertex 21.153846153846153 36.53846153846153 0
      vertex 21.153846153846153 -15.384615384615383 0
    endloop
  endfacet
  facet normal 1 0 0
    outer loop
      vertex 23.076923076923077 38.46153846153846 0
      vertex 23.076923076923077 19.23076923076923 13.46153846153846
      vertex 23.076923076923077 -15.384615384615383 0
    endloop
  endfacet
  facet normal 1 0 0
    outer loop
      vertex 23.076923076923077 0 13.46153846153846
      vertex 23.076923076923077 -15.384615384615383 0
      vertex 23.076923076923077 19.23076923076923 13.46153846153846
    endloop
  endfacet
  facet normal -1 0 0
    outer loop
      vertex 21.153846153846153 0 13.46153846153846
      vertex 21.153846153846153 19.23076923076923 13.46153846153846
      vertex 21.153846153846153 36.53846153846153 0
    endloop
  endfacet
  facet normal -1 0 0
    outer loop
      vertex 21.153846153846153 19.23076923076923 13.46153846153846
      vertex 21.153846153846153 19.23076923076923 25
      vertex 21.153846153846153 36.53846153846153 0
    endloop
  endfacet
  facet normal 0 1 0
    outer loop
      vertex 23.076923076923077 38.46153846153846 0
      vertex 21.153846153846153 38.46153846153846 0
      vertex 22.973145361448832 38.46153846153846 33.80774088301732
    endloop
  endfacet
  facet normal 1 0 0
    outer loop
      vertex 23.076923076923077 38.46153846153846 0
      vertex 23.076923076923077 38.46153846153846 33.781796454148754
      vertex 23.076923076923077 19.23076923076923 13.46153846153846
    endloop
  endfacet
  facet normal 1 0 0
    outer loop
      vertex 23.076923076923077 0 25
      vertex 23.076923076923077 38.46153846153846 33.781796454148754
      vertex 23.076923076923077 -19.039391673182816 33.781796454148754
    endloop
  endfacet
  facet normal -1 0 0
    outer loop
      vertex 21.153846153846153 -5.448717948717949 37.50000000000001
      vertex 21.153846153846153 5.448717948717949 37.50000000000001
      vertex 21.153846153846153 0 25
    endloop
  endfacet
  facet normal -1 0 0
    outer loop
      vertex 21.153846153846153 0 25
      vertex 21.153846153846153 15.705128205128204 37.50000000000001
      vertex 21.153846153846153 19.23076923076923 25
    endloop
  endfacet
  facet normal -1 0 0
    outer loop
      vertex 21.153846153846153 19.23076923076923 25
      vertex 21.153846153846153 26.602564102564102 37.50000000000001
      vertex 21.153846153846153 36.53846153846153 0
    endloop
  endfacet
  facet normal 1 0 0
    outer loop
      vertex 23.076923076923077 19.23076923076923 13.46153846153846
      vertex 23.076923076923077 38.46153846153846 33.781796454148754
      vertex 23.076923076923077 19.23076923076923 25
    endloop
  endfacet
  facet normal 1 0 0
    outer loop
      vertex 23.076923076923077 0 25
      vertex 23.076923076923077 19.23076923076923 25
      vertex 23.076923076923077 38.46153846153846 33.781796454148754
    endloop
  endfacet
  facet normal -1 0 0
    outer loop
      vertex 21.153846153846153 19.23076923076923 25
      vertex 21.153846153846153 15.705128205128204 37.50000000000001
      vertex 21.153846153846153 26.602564102564102 37.50000000000001
    endloop
  endfacet
  facet normal -1 0 0
    outer loop
      vertex 21.153846153846153 0 25
      vertex 21.153846153846153 5.448717948717949 37.50000000000001
      vertex 21.153846153846153 15.705128205128204 42.307692307692314
    endloop
  endfacet
  facet normal 1 0 0
    outer loop
      vertex 23.076923076923077 -15.705128205128204 37.50000000000001
      vertex 23.076923076923077 38.46153846153846 34.97115384615385
      vertex 23.076923076923077 -5.448717948717949 37.50000000000001
    endloop
  endfacet
  facet normal -1 0 0
    outer loop
      vertex 21.153846153846153 0 25
      vertex 21.153846153846153 15.705128205128204 42.307692307692314
      vertex 21.153846153846153 15.705128205128204 37.50000000000001
    endloop
  endfacet
  facet normal 1 0 0
    outer loop
      vertex 23.076923076923077 5.448717948717949 37.50000000000001
      vertex 23.076923076923077 -5.448717948717949 37.50000000000001
      vertex 23.076923076923077 38.46153846153846 34.97115384615385
    endloop
  endfacet
  facet normal 1 0 0
    outer loop
      vertex 23.076923076923077 5.448717948717949 37.50000000000001
      vertex 23.076923076923077 15.705128205128204 37.50000000000001
      vertex 23.076923076923077 5.448717948717949 42.307692307692314
    endloop
  endfacet
  facet normal -1 0 0
    outer loop
      vertex 21.153846153846153 5.448717948717949 37.50000000000001
      vertex 21.153846153846153 5.448717948717949 42.307692307692314
      vertex 21.153846153846153 15.705128205128204 42.307692307692314
    endloop
  endfacet
  facet normal 1 0 0
    outer loop
      vertex 23.076923076923077 5.448717948717949 42.307692307692314
      vertex 23.076923076923077 15.705128205128204 37.50000000000001
      vertex 23.076923076923077 15.705128205128204 42.307692307692314
    endloop
  endfacet
  facet normal -1 0 0
    outer loop
      vertex 21.153846153846153 -15.705128205128204 42.307692307692314
      vertex 21.153846153846153 36.53846153846153 44.74621953107181
      vertex 21.153846153846153 -5.448717948717949 42.307692307692314
    endloop
  endfacet
  facet normal 1 0 0
    outer loop
      vertex 23.076923076923077 -38.46153846153846 45.19230769230769
      vertex 23.076923076923077 15.705128205128204 42.307692307692314
      vertex 23.076923076923077 38.46153846153846 45.19230769230769
    endloop
  endfacet
  facet normal -1 0 0
    outer loop
      vertex 21.153846153846153 -5.448717948717949 42.307692307692314
      vertex 21.153846153846153 36.53846153846153 44.74621953107181
      vertex 21.153846153846153 5.448717948717949 42.307692307692314
    endloop
  endfacet
  facet normal 0 0 1
    outer loop
      vertex 22.9381987987897 -38.46153846153846 45.19230769230769
      vertex 23.076923076923077 38.46153846153846 45.19230769230769
      vertex 22.9381987987897 38.46153846153846 45.19230769230769
    endloop
  endfacet
  facet normal 1 0 0
    outer loop
      vertex 23.076923076923077 38.46153846153846 34.97115384615385
      vertex 23.076923076923077 15.705128205128204 37.50000000000001
      vertex 23.076923076923077 5.448717948717949 37.50000000000001
    endloop
  endfacet
  facet normal 1 0 0
    outer loop
      vertex 23.076923076923077 38.46153846153846 34.97115384615385
      vertex 23.076923076923077 26.602564102564102 37.50000000000001
      vertex 23.076923076923077 15.705128205128204 37.50000000000001
    endloop
  endfacet
  facet normal -1 0 0
    outer loop
      vertex 21.153846153846153 5.448717948717949 42.307692307692314
      vertex 21.153846153846153 36.53846153846153 44.74621953107181
      vertex 21.153846153846153 15.705128205128204 42.307692307692314
    endloop
  endfacet
  facet normal -1 0 0
    outer loop
      vertex 21.153846153846153 15.705128205128204 42.307692307692314
      vertex 21.153846153846153 36.53846153846153 44.74621953107181
      vertex 21.153846153846153 26.602564102564102 42.307692307692314
    endloop
  endfacet
  facet normal 1 0 0
    outer loop
      vertex 23.076923076923077 38.46153846153846 45.19230769230769
      vertex 23.076923076923077 15.705128205128204 42.307692307692314
      vertex 23.076923076923077 26.602564102564102 42.307692307692314
    endloop
  endfacet
  facet normal -1 0 0
    outer loop
      vertex 21.153846153846153 26.602564102564102 37.50000000000001
      vertex 21.153846153846153 36.53846153846153 44.74621953107181
      vertex 21.153846153846153 36.53846153846153 0
    endloop
  endfacet
  facet normal 0 1 0
    outer loop
      vertex 23.076923076923077 38.46153846153846 0
      vertex 22.973145361448832 38.46153846153846 33.80774088301732
      vertex 23.076923076923077 38.46153846153846 33.781796454148754
    endloop
  endfacet
  facet normal 0 1 0
    outer loop
      vertex 22.96949165424613 38.46153846153846 34.99801170182308
      vertex 22.973145361448832 38.46153846153846 33.80774088301732
      vertex 21.153846153846153 38.46153846153846 0
    endloop
  endfacet
  facet normal 0 1 0
    outer loop
      vertex 22.9381987987897 38.46153846153846 45.19230769230769
      vertex 22.96949165424613 38.46153846153846 34.99801170182308
      vertex 21.153846153846153 38.46153846153846 0
    endloop
  endfacet
  facet normal 0 1 0
    outer loop
      vertex 22.9381987987897 38.46153846153846 45.19230769230769
      vertex 21.153846153846153 38.46153846153846 0
      vertex 21.153846153846153 38.46153846153846 44.74621953107181
    endloop
  endfacet
  facet normal 1 0 0
    outer loop
      vertex 23.076923076923077 38.46153846153846 34.97115384615385
      vertex 23.076923076923077 26.602564102564102 42.307692307692314
      vertex 23.076923076923077 26.602564102564102 37.50000000000001
    endloop
  endfacet
  facet normal 1 0 0
    outer loop
      vertex 23.076923076923077 38.46153846153846 45.19230769230769
      vertex 23.076923076923077 26.602564102564102 42.307692307692314
      vertex 23.076923076923077 38.46153846153846 34.97115384615385
    endloop
  endfacet
  facet normal 0 1 0
    outer loop
      vertex 23.076923076923077 38.46153846153846 45.19230769230769
      vertex 23.076923076923077 38.46153846153846 34.97115384615385
      vertex 22.96949165424613 38.46153846153846 34.99801170182308
    endloop
  endfacet
  facet normal -1 0 0
    outer loop
      vertex 21.153846153846153 26.602564102564102 37.50000000000001
      vertex 21.153846153846153 26.602564102564102 42.307692307692314
      vertex 21.153846153846153 36.53846153846153 44.74621953107181
    endloop
  endfacet
  facet normal 0 1 0
    outer loop
      vertex 22.9381987987897 38.46153846153846 45.19230769230769
      vertex 23.076923076923077 38.46153846153846 45.19230769230769
      vertex 22.96949165424613 38.46153846153846 34.99801170182308
    endloop
  endfacet
  facet normal 0 -1 0
    outer loop
      vertex -21.153846153846153 36.53846153846153 34.16929645414876
      vertex -21.153846153846153 36.53846153846153 0
      vertex 21.153846153846153 36.53846153846153 44.74621953107181
    endloop
  endfacet
  facet normal 0 1 0
    outer loop
      vertex -21.153846153846153 38.46153846153846 34.16929645414876
      vertex 21.153846153846153 38.46153846153846 44.74621953107181
      vertex -21.153846153846153 38.46153846153846 0
    endloop
  endfacet
  facet normal 0 -1 0
    outer loop
      vertex -21.153846153846153 36.53846153846153 0
      vertex 21.153846153846153 36.53846153846153 0
      vertex 21.153846153846153 36.53846153846153 44.74621953107181
    endloop
  endfacet
  facet normal 0 1 0
    outer loop
      vertex 21.153846153846153 38.46153846153846 44.74621953107181
      vertex 21.153846153846153 38.46153846153846 0
      vertex -21.153846153846153 38.46153846153846 0
    endloop
  endfacet
  facet normal 0 -1 0
    outer loop
      vertex -17.307692307692307 -38.46153846153846 26.92307692307692
      vertex -21.153846153846153 -38.46153846153846 0
      vertex -17.307692307692307 -38.46153846153846 0
    endloop
  endfacet
  facet normal 0 1 0
    outer loop
      vertex -17.307692307692307 -36.53846153846153 26.92307692307692
      vertex -17.307692307692307 -36.53846153846153 0
      vertex -21.153846153846153 -36.53846153846153 0
    endloop
  endfacet
  facet normal 0 -1 0
    outer loop
      vertex -17.307692307692307 -38.46153846153846 26.92307692307692
      vertex -21.153846153846153 -38.46153846153846 34.16929645414876
      vertex -21.153846153846153 -38.46153846153846 0
    endloop
  endfacet
  facet normal 0 1 0
    outer loop
      vertex -17.307692307692307 -36.53846153846153 26.92307692307692
      vertex -21.153846153846153 -36.53846153846153 0
      vertex -21.153846153846153 -36.53846153846153 34.16929645414876
    endloop
  endfacet
  facet normal 0 -1 0
    outer loop
      vertex -17.307692307692307 -38.46153846153846 26.92307692307692
      vertex 17.307692307692307 -38.46153846153846 26.92307692307692
      vertex -21.153846153846153 -38.46153846153846 34.16929645414876
    endloop
  endfacet
  facet normal 0 1 0
    outer loop
      vertex -17.307692307692307 -36.53846153846153 26.92307692307692
      vertex -21.153846153846153 -36.53846153846153 34.16929645414876
      vertex 21.153846153846153 -36.53846153846153 44.74621953107181
    endloop
  endfacet
  facet normal 0 -1 0
    outer loop
      vertex 17.307692307692307 -38.46153846153846 26.92307692307692
      vertex 17.307692307692307 -38.46153846153846 0
      vertex 21.153846153846153 -38.46153846153846 0
    endloop
  endfacet
  facet normal 0 1 0
    outer loop
      vertex 17.307692307692307 -36.53846153846153 26.92307692307692
      vertex 21.153846153846153 -36.53846153846153 0
      vertex 17.307692307692307 -36.53846153846153 0
    endloop
  endfacet
  facet normal 0 1 0
    outer loop
      vertex -17.307692307692307 -36.53846153846153 26.92307692307692
      vertex 21.153846153846153 -36.53846153846153 44.74621953107181
      vertex 17.307692307692307 -36.53846153846153 26.92307692307692
    endloop
  endfacet
  facet normal 0 -1 0
    outer loop
      vertex 17.307692307692307 -38.46153846153846 26.92307692307692
      vertex 21.153846153846153 -38.46153846153846 0
      vertex 21.153846153846153 -38.46153846153846 44.74621953107181
    endloop
  endfacet
  facet normal 0 1 0
    outer loop
      vertex 17.307692307692307 -36.53846153846153 26.92307692307692
      vertex 21.153846153846153 -36.53846153846153 44.74621953107181
      vertex 21.153846153846153 -36.53846153846153 0
    endloop
  endfacet
  facet normal 0 -1 0
    outer loop
      vertex 17.307692307692307 -38.46153846153846 26.92307692307692
      vertex 21.153846153846153 -38.46153846153846 44.74621953107181
      vertex -21.153846153846153 -38.46153846153846 34.16929645414876
    endloop
  endfacet
  facet normal -0.9701425001453311 0 -0.24253562503633588
    outer loop
      vertex -29.570689667891365 -46.15384615384615 32.06508557563746
      vertex -29.850538466010214 -46.15384615384615 33.18448076811284
      vertex -29.850538466010214 46.15384615384615 33.18448076811284
    endloop
  endfacet
  facet normal 0 -1 0
    outer loop
      vertex -29.570689667891365 -46.15384615384615 32.06508557563746
      vertex 30.13038726412906 -46.15384615384615 46.990354808642536
      vertex -29.850538466010214 -46.15384615384615 33.18448076811284
    endloop
  endfacet
  facet normal 0.24253562503633247 9.006129175759269e-17 -0.970142500145332
    outer loop
      vertex -29.570689667891365 -46.15384615384615 32.06508557563746
      vertex -23.076923076923077 -38.46153846153846 33.68852722337953
      vertex 30.13038726412906 -46.15384615384615 46.990354808642536
    endloop
  endfacet
  facet normal 0.24253562503633086 -1.1882630998275968e-14 -0.9701425001453324
    outer loop
      vertex -23.076923076923077 -38.46153846153846 33.68852722337953
      vertex -21.153846153846153 -38.46153846153846 34.16929645414876
      vertex 30.13038726412906 -46.15384615384615 46.990354808642536
    endloop
  endfacet
  facet normal 0.2425356250363326 0 -0.9701425001453321
    outer loop
      vertex -29.570689667891365 -46.15384615384615 32.06508557563746
      vertex -23.076923076923077 38.46153846153846 33.68852722337953
      vertex -23.076923076923077 -38.46153846153846 33.68852722337953
    endloop
  endfacet
  facet normal -0.2425356250363325 0 0.9701425001453321
    outer loop
      vertex -29.850538466010214 -46.15384615384615 33.18448076811284
      vertex 29.850538466010214 -46.15384615384615 48.109750001117916
      vertex -29.850538466010214 46.15384615384615 33.18448076811284
    endloop
  endfacet
  facet normal 0.24253562503633244 0 -0.970142500145332
    outer loop
      vertex 21.153846153846153 -36.53846153846153 44.74621953107181
      vertex -21.153846153846153 -36.53846153846153 34.16929645414876
      vertex -21.153846153846153 36.53846153846153 34.16929645414876
    endloop
  endfacet
  facet normal 0.24253562503633258 0 -0.970142500145332
    outer loop
      vertex -29.570689667891365 -46.15384615384615 32.06508557563746
      vertex -29.570689667891365 46.15384615384615 32.06508557563746
      vertex -23.076923076923077 38.46153846153846 33.68852722337953
    endloop
  endfacet
  facet normal -0.9701425001453311 0 -0.24253562503633588
    outer loop
      vertex -29.570689667891365 -46.15384615384615 32.06508557563746
      vertex -29.850538466010214 46.15384615384615 33.18448076811284
      vertex -29.570689667891365 46.15384615384615 32.06508557563746
    endloop
  endfacet
  facet normal 0.2425356250363309 -1.6309493527045445e-15 -0.9701425001453324
    outer loop
      vertex -29.570689667891365 46.15384615384615 32.06508557563746
      vertex -21.153846153846153 38.46153846153846 34.16929645414876
      vertex -23.076923076923077 38.46153846153846 33.68852722337953
    endloop
  endfacet
  facet normal 0.24253562503633244 2.5417392509681205e-16 -0.970142500145332
    outer loop
      vertex -29.570689667891365 46.15384615384615 32.06508557563746
      vertex 21.153846153846153 38.46153846153846 44.74621953107181
      vertex -21.153846153846153 38.46153846153846 34.16929645414876
    endloop
  endfacet
  facet normal 0 1 0
    outer loop
      vertex -29.570689667891365 46.15384615384615 32.06508557563746
      vertex -29.850538466010214 46.15384615384615 33.18448076811284
      vertex 30.13038726412906 46.15384615384615 46.990354808642536
    endloop
  endfacet
  facet normal 0 -1 0
    outer loop
      vertex -29.850538466010214 -46.15384615384615 33.18448076811284
      vertex 30.13038726412906 -46.15384615384615 46.990354808642536
      vertex 29.850538466010214 -46.15384615384615 48.109750001117916
    endloop
  endfacet
  facet normal 0.24253562503633241 -8.048840961399048e-16 -0.970142500145332
    outer loop
      vertex 30.13038726412906 -46.15384615384615 46.990354808642536
      vertex -21.153846153846153 -38.46153846153846 34.16929645414876
      vertex 21.153846153846153 -38.46153846153846 44.74621953107181
    endloop
  endfacet
  facet normal 0.24253562503633205 -1.2555337933184752e-15 -0.9701425001453321
    outer loop
      vertex 22.9381987987897 -38.46153846153846 45.19230769230769
      vertex 30.13038726412906 -46.15384615384615 46.990354808642536
      vertex 21.153846153846153 -38.46153846153846 44.74621953107181
    endloop
  endfacet
  facet normal 0.9701425001453318 0 0.24253562503633294
    outer loop
      vertex 30.13038726412906 -46.15384615384615 46.990354808642536
      vertex 30.13038726412906 46.15384615384615 46.990354808642536
      vertex 29.850538466010214 -46.15384615384615 48.109750001117916
    endloop
  endfacet
  facet normal 0.2425356250363333 0 -0.9701425001453319
    outer loop
      vertex 22.9381987987897 -38.46153846153846 45.19230769230769
      vertex 30.13038726412906 46.15384615384615 46.990354808642536
      vertex 30.13038726412906 -46.15384615384615 46.990354808642536
    endloop
  endfacet
  facet normal 0.24253562503633244 0 -0.970142500145332
    outer loop
      vertex -21.153846153846153 36.53846153846153 34.16929645414876
      vertex 21.153846153846153 36.53846153846153 44.74621953107181
      vertex 21.153846153846153 -36.53846153846153 44.74621953107181
    endloop
  endfacet
  facet normal -0.2425356250363325 0 0.9701425001453321
    outer loop
      vertex -29.850538466010214 46.15384615384615 33.18448076811284
      vertex 29.850538466010214 -46.15384615384615 48.109750001117916
      vertex 29.850538466010214 46.15384615384615 48.109750001117916
    endloop
  endfacet
  facet normal 0.24253562503633327 0 -0.9701425001453317
    outer loop
      vertex 22.9381987987897 -38.46153846153846 45.19230769230769
      vertex 22.9381987987897 38.46153846153846 45.19230769230769
      vertex 30.13038726412906 46.15384615384615 46.990354808642536
    endloop
  endfacet
  facet normal 0.24253562503633205 -8.035416277238247e-15 -0.9701425001453322
    outer loop
      vertex -29.570689667891365 46.15384615384615 32.06508557563746
      vertex 22.9381987987897 38.46153846153846 45.19230769230769
      vertex 21.153846153846153 38.46153846153846 44.74621953107181
    endloop
  endfacet
  facet normal 0.24253562503633247 7.204903340607415e-16 -0.970142500145332
    outer loop
      vertex -29.570689667891365 46.15384615384615 32.06508557563746
      vertex 30.13038726412906 46.15384615384615 46.990354808642536
      vertex 22.9381987987897 38.46153846153846 45.19230769230769
    endloop
  endfacet
  facet normal 0 1 0
    outer loop
      vertex -29.850538466010214 46.15384615384615 33.18448076811284
      vertex 29.850538466010214 46.15384615384615 48.109750001117916
      vertex 30.13038726412906 46.15384615384615 46.990354808642536
    endloop
  endfacet
  facet normal 0.9701425001453318 0 0.24253562503633294
    outer loop
      vertex 29.850538466010214 -46.15384615384615 48.109750001117916
      vertex 30.13038726412906 46.15384615384615 46.990354808642536
      vertex 29.850538466010214 46.15384615384615 48.109750001117916
    endloop
  endfacet
  facet normal 0 -1 0
    outer loop
      vertex 48.636533655802545 -38.46153846153846 28.58125120143398
      vertex 23.076923076923077 -38.46153846153846 34.97115384615385
      vertex 23.076923076923077 -38.46153846153846 33.781796454148754
    endloop
  endfacet
  facet normal -0.242535625036333 -1.467854417434084e-15 -0.970142500145332
    outer loop
      vertex 43.35897435897436 -35.25641025641025 28.71128363363593
      vertex 44.64102564102564 -35.25641025641025 28.39077081312311
      vertex 23.076923076923077 -38.46153846153846 33.781796454148754
    endloop
  endfacet
  facet normal -0.24253562503633302 -1.148526763583257e-15 -0.970142500145332
    outer loop
      vertex 44.64102564102564 -35.25641025641025 28.39077081312311
      vertex 48.356684857683696 -38.46153846153846 27.4618560089586
      vertex 23.076923076923077 -38.46153846153846 33.781796454148754
    endloop
  endfacet
  facet normal -0.24253562503633316 0 -0.9701425001453318
    outer loop
      vertex 43.35897435897436 -35.25641025641025 28.71128363363593
      vertex 23.076923076923077 -38.46153846153846 33.781796454148754
      vertex 43.35897435897436 -33.97435897435897 28.71128363363593
    endloop
  endfacet
  facet normal 0 -1 0
    outer loop
      vertex 48.356684857683696 -38.46153846153846 27.4618560089586
      vertex 48.636533655802545 -38.46153846153846 28.58125120143398
      vertex 23.076923076923077 -38.46153846153846 33.781796454148754
    endloop
  endfacet
  facet normal -0.2425356250363321 0 -0.9701425001453322
    outer loop
      vertex 44.64102564102564 -35.25641025641025 28.39077081312311
      vertex 44.64102564102564 -33.97435897435897 28.39077081312311
      vertex 48.356684857683696 -38.46153846153846 27.4618560089586
    endloop
  endfacet
  facet normal 0.24253562503633302 0 0.9701425001453319
    outer loop
      vertex 48.636533655802545 -38.46153846153846 28.58125120143398
      vertex 23.076923076923077 38.46153846153846 34.97115384615385
      vertex 23.076923076923077 -38.46153846153846 34.97115384615385
    endloop
  endfacet
  facet normal -0.24253562503633308 0 -0.9701425001453318
    outer loop
      vertex 43.35897435897436 35.25641025641025 28.71128363363593
      vertex 23.076923076923077 -38.46153846153846 33.781796454148754
      vertex 23.076923076923077 -19.039391673182816 33.781796454148754
    endloop
  endfacet
  facet normal -0.24253562503633316 6.194178438063244e-17 -0.9701425001453318
    outer loop
      vertex 43.35897435897436 -33.97435897435897 28.71128363363593
      vertex 23.076923076923077 -38.46153846153846 33.781796454148754
      vertex 48.356684857683696 38.46153846153846 27.4618560089586
    endloop
  endfacet
  facet normal -0.24253562503633297 4.871198287944979e-17 -0.9701425001453319
    outer loop
      vertex 43.35897435897436 -33.97435897435897 28.71128363363593
      vertex 48.356684857683696 38.46153846153846 27.4618560089586
      vertex 44.64102564102564 -33.97435897435897 28.39077081312311
    endloop
  endfacet
  facet normal -0.24253562503633205 0 -0.9701425001453321
    outer loop
      vertex 44.64102564102564 -33.97435897435897 28.39077081312311
      vertex 48.356684857683696 38.46153846153846 27.4618560089586
      vertex 48.356684857683696 -38.46153846153846 27.4618560089586
    endloop
  endfacet
  facet normal 0.9701425001453312 0 -0.24253562503633588
    outer loop
      vertex 48.356684857683696 -38.46153846153846 27.4618560089586
      vertex 48.356684857683696 38.46153846153846 27.4618560089586
      vertex 48.636533655802545 -38.46153846153846 28.58125120143398
    endloop
  endfacet
  facet normal 0 1 0
    outer loop
      vertex 23.076923076923077 38.46153846153846 33.781796454148754
      vertex 22.973145361448832 38.46153846153846 33.80774088301732
      vertex 22.96949165424613 38.46153846153846 34.99801170182308
    endloop
  endfacet
  facet normal -0.24253562503633297 -6.494931050593305e-17 -0.9701425001453319
    outer loop
      vertex 43.35897435897436 33.97435897435897 28.71128363363593
      vertex 44.64102564102564 33.97435897435897 28.39077081312311
      vertex 23.076923076923077 -38.46153846153846 33.781796454148754
    endloop
  endfacet
  facet normal -0.24253562503633316 0 -0.9701425001453318
    outer loop
      vertex 43.35897435897436 33.97435897435897 28.71128363363593
      vertex 23.076923076923077 -38.46153846153846 33.781796454148754
      vertex 43.35897435897436 35.25641025641025 28.71128363363593
    endloop
  endfacet
  facet normal -0.2425356250363315 -5.398333977828708e-16 -0.9701425001453323
    outer loop
      vertex 44.64102564102564 33.97435897435897 28.39077081312311
      vertex 48.356684857683696 38.46153846153846 27.4618560089586
      vertex 23.076923076923077 -38.46153846153846 33.781796454148754
    endloop
  endfacet
  facet normal -0.2425356250363332 0 -0.9701425001453319
    outer loop
      vertex 43.35897435897436 35.25641025641025 28.71128363363593
      vertex 23.076923076923077 -19.039391673182816 33.781796454148754
      vertex 23.076923076923077 38.46153846153846 33.781796454148754
    endloop
  endfacet
  facet normal 0.24253562503633302 0 0.9701425001453319
    outer loop
      vertex 48.636533655802545 -38.46153846153846 28.58125120143398
      vertex 48.636533655802545 38.46153846153846 28.58125120143398
      vertex 23.076923076923077 38.46153846153846 34.97115384615385
    endloop
  endfacet
  facet normal 0.9701425001453312 0 -0.24253562503633588
    outer loop
      vertex 48.636533655802545 -38.46153846153846 28.58125120143398
      vertex 48.356684857683696 38.46153846153846 27.4618560089586
      vertex 48.636533655802545 38.46153846153846 28.58125120143398
    endloop
  endfacet
  facet normal 0 1 0
    outer loop
      vertex 48.356684857683696 38.46153846153846 27.4618560089586
      vertex 23.076923076923077 38.46153846153846 33.781796454148754
      vertex 22.96949165424613 38.46153846153846 34.99801170182308
    endloop
  endfacet
  facet normal 0 1 0
    outer loop
      vertex 48.356684857683696 38.46153846153846 27.4618560089586
      vertex 22.96949165424613 38.46153846153846 34.99801170182308
      vertex 23.076923076923077 38.46153846153846 34.97115384615385
    endloop
  endfacet
  facet normal -0.242535625036333 1.467854417434084e-15 -0.970142500145332
    outer loop
      vertex 43.35897435897436 35.25641025641025 28.71128363363593
      vertex 23.076923076923077 38.46153846153846 33.781796454148754
      vertex 44.64102564102564 35.25641025641025 28.39077081312311
    endloop
  endfacet
  facet normal -0.24253562503633302 1.148526763583257e-15 -0.970142500145332
    outer loop
      vertex 44.64102564102564 35.25641025641025 28.39077081312311
      vertex 23.076923076923077 38.46153846153846 33.781796454148754
      vertex 48.356684857683696 38.46153846153846 27.4618560089586
    endloop
  endfacet
  facet normal -0.2425356250363321 0 -0.9701425001453322
    outer loop
      vertex 44.64102564102564 33.97435897435897 28.39077081312311
      vertex 44.64102564102564 35.25641025641025 28.39077081312311
      vertex 48.356684857683696 38.46153846153846 27.4618560089586
    endloop
  endfacet
  facet normal 0 1 0
    outer loop
      vertex 48.356684857683696 38.46153846153846 27.4618560089586
      vertex 23.076923076923077 38.46153846153846 34.97115384615385
      vertex 48.636533655802545 38.46153846153846 28.58125120143398
    endloop
  endfacet
  facet normal 0 -1 0
    outer loop
      vertex 20.673076923076923 -26.923076923076923 0
      vertex 21.153846153846153 -26.923076923076923 0
      vertex 21.153846153846153 -26.923076923076923 25.641025641025646
    endloop
  endfacet
  facet normal 0 -1 0
    outer loop
      vertex 23.557692307692307 -26.923076923076923 25.641025641025646
      vertex 23.076923076923077 -26.923076923076923 0
      vertex 23.557692307692307 -26.923076923076923 0
    endloop
  endfacet
  facet normal 1 0 0
    outer loop
      vertex 23.557692307692307 -26.923076923076923 25.641025641025646
      vertex 23.557692307692307 -26.923076923076923 0
      vertex 23.557692307692307 -15.384615384615383 0
    endloop
  endfacet
  facet normal -1 0 0
    outer loop
      vertex 20.673076923076923 -15.384615384615383 25.641025641025646
      vertex 20.673076923076923 -15.384615384615383 0
      vertex 20.673076923076923 -26.923076923076923 0
    endloop
  endfacet
  facet normal 0 1 0
    outer loop
      vertex 20.673076923076923 -15.384615384615383 25.641025641025646
      vertex 21.153846153846153 -15.384615384615383 0
      vertex 20.673076923076923 -15.384615384615383 0
    endloop
  endfacet
  facet normal 0 1 0
    outer loop
      vertex 23.557692307692307 -15.384615384615383 0
      vertex 23.076923076923077 -15.384615384615383 0
      vertex 23.076923076923077 -15.384615384615383 25.641025641025646
    endloop
  endfacet
  facet normal 0 -1 0
    outer loop
      vertex 20.673076923076923 -26.923076923076923 25.641025641025646
      vertex 20.673076923076923 -26.923076923076923 0
      vertex 21.153846153846153 -26.923076923076923 25.641025641025646
    endloop
  endfacet
  facet normal -1 0 0
    outer loop
      vertex 20.673076923076923 -26.923076923076923 25.641025641025646
      vertex 20.673076923076923 -15.384615384615383 25.641025641025646
      vertex 20.673076923076923 -26.923076923076923 0
    endloop
  endfacet
  facet normal 0 -1 0
    outer loop
      vertex 23.557692307692307 -26.923076923076923 25.641025641025646
      vertex 23.076923076923077 -26.923076923076923 25.641025641025646
      vertex 23.076923076923077 -26.923076923076923 0
    endloop
  endfacet
  facet normal 0 1 0
    outer loop
      vertex 20.673076923076923 -15.384615384615383 25.641025641025646
      vertex 21.153846153846153 -15.384615384615383 25.641025641025646
      vertex 21.153846153846153 -15.384615384615383 0
    endloop
  endfacet
  facet normal 1 0 0
    outer loop
      vertex 23.557692307692307 -26.923076923076923 25.641025641025646
      vertex 23.557692307692307 -15.384615384615383 0
      vertex 23.557692307692307 -15.384615384615383 25.641025641025646
    endloop
  endfacet
  facet normal 0 1 0
    outer loop
      vertex 23.557692307692307 -15.384615384615383 25.641025641025646
      vertex 23.557692307692307 -15.384615384615383 0
      vertex 23.076923076923077 -15.384615384615383 25.641025641025646
    endloop
  endfacet
  facet normal 0 0 1
    outer loop
      vertex 20.673076923076923 -26.923076923076923 25.641025641025646
      vertex 21.153846153846153 -26.923076923076923 25.641025641025646
      vertex 21.153846153846153 -15.384615384615383 25.641025641025646
    endloop
  endfacet
  facet normal 0 0 1
    outer loop
      vertex 23.557692307692307 -26.923076923076923 25.641025641025646
      vertex 23.557692307692307 -15.384615384615383 25.641025641025646
      vertex 23.076923076923077 -26.923076923076923 25.641025641025646
    endloop
  endfacet
  facet normal 0 0 1
    outer loop
      vertex 20.673076923076923 -26.923076923076923 25.641025641025646
      vertex 21.153846153846153 -15.384615384615383 25.641025641025646
      vertex 20.673076923076923 -15.384615384615383 25.641025641025646
    endloop
  endfacet
  facet normal 0 0 1
    outer loop
      vertex 23.557692307692307 -15.384615384615383 25.641025641025646
      vertex 23.076923076923077 -15.384615384615383 25.641025641025646
      vertex 23.076923076923077 -26.923076923076923 25.641025641025646
    endloop
  endfacet
  facet normal -1 0 0
    outer loop
      vertex -17.307692307692307 -38.942307692307686 26.92307692307692
      vertex -17.307692307692307 -38.46153846153846 0
      vertex -17.307692307692307 -38.942307692307686 0
    endloop
  endfacet
  facet normal -1 0 0
    outer loop
      vertex -17.307692307692307 -36.53846153846153 26.92307692307692
      vertex -17.307692307692307 -36.05769230769231 0
      vertex -17.307692307692307 -36.53846153846153 0
    endloop
  endfacet
  facet normal -1 0 0
    outer loop
      vertex -17.307692307692307 -38.942307692307686 26.92307692307692
      vertex -17.307692307692307 -38.46153846153846 26.92307692307692
      vertex -17.307692307692307 -38.46153846153846 0
    endloop
  endfacet
  facet normal -1 0 0
    outer loop
      vertex -17.307692307692307 -36.53846153846153 26.92307692307692
      vertex -17.307692307692307 -36.05769230769231 26.92307692307692
      vertex -17.307692307692307 -36.05769230769231 0
    endloop
  endfacet
  facet normal 0 1 0
    outer loop
      vertex -17.307692307692307 -36.05769230769231 26.92307692307692
      vertex 17.307692307692307 -36.05769230769231 0
      vertex -17.307692307692307 -36.05769230769231 0
    endloop
  endfacet
  facet normal 0 -1 0
    outer loop
      vertex -17.307692307692307 -38.942307692307686 26.92307692307692
      vertex -17.307692307692307 -38.942307692307686 0
      vertex 17.307692307692307 -38.942307692307686 26.92307692307692
    endloop
  endfacet
  facet normal 0 0 1
    outer loop
      vertex -17.307692307692307 -38.942307692307686 26.92307692307692
      vertex 17.307692307692307 -38.942307692307686 26.92307692307692
      vertex -17.307692307692307 -38.46153846153846 26.92307692307692
    endloop
  endfacet
  facet normal 0 0 1
    outer loop
      vertex -17.307692307692307 -36.53846153846153 26.92307692307692
      vertex 17.307692307692307 -36.53846153846153 26.92307692307692
      vertex -17.307692307692307 -36.05769230769231 26.92307692307692
    endloop
  endfacet
  facet normal 0 -1 0
    outer loop
      vertex 17.307692307692307 -38.942307692307686 26.92307692307692
      vertex -17.307692307692307 -38.942307692307686 0
      vertex 17.307692307692307 -38.942307692307686 0
    endloop
  endfacet
  facet normal 0 1 0
    outer loop
      vertex -17.307692307692307 -36.05769230769231 26.92307692307692
      vertex 17.307692307692307 -36.05769230769231 26.92307692307692
      vertex 17.307692307692307 -36.05769230769231 0
    endloop
  endfacet
  facet normal 1 0 0
    outer loop
      vertex 17.307692307692307 -38.46153846153846 26.92307692307692
      vertex 17.307692307692307 -38.942307692307686 0
      vertex 17.307692307692307 -38.46153846153846 0
    endloop
  endfacet
  facet normal 1 0 0
    outer loop
      vertex 17.307692307692307 -36.05769230769231 26.92307692307692
      vertex 17.307692307692307 -36.53846153846153 0
      vertex 17.307692307692307 -36.05769230769231 0
    endloop
  endfacet
  facet normal 1 0 0
    outer loop
      vertex 17.307692307692307 -38.942307692307686 26.92307692307692
      vertex 17.307692307692307 -38.942307692307686 0
      vertex 17.307692307692307 -38.46153846153846 26.92307692307692
    endloop
  endfacet
  facet normal 1 0 0
    outer loop
      vertex 17.307692307692307 -36.53846153846153 26.92307692307692
      vertex 17.307692307692307 -36.53846153846153 0
      vertex 17.307692307692307 -36.05769230769231 26.92307692307692
    endloop
  endfacet
  facet normal 0 0 1
    outer loop
      vertex -17.307692307692307 -38.46153846153846 26.92307692307692
      vertex 17.307692307692307 -38.942307692307686 26.92307692307692
      vertex 17.307692307692307 -38.46153846153846 26.92307692307692
    endloop
  endfacet
  facet normal 0 0 1
    outer loop
      vertex -17.307692307692307 -36.05769230769231 26.92307692307692
      vertex 17.307692307692307 -36.53846153846153 26.92307692307692
      vertex 17.307692307692307 -36.05769230769231 26.92307692307692
    endloop
  endfacet
  facet normal 0 0 -1
    outer loop
      vertex 20.833333333333332 0 13.46153846153846
      vertex 20.833333333333332 19.23076923076923 13.46153846153846
      vertex 21.153846153846153 0 13.46153846153846
    endloop
  endfacet
  facet normal 0 0 -1
    outer loop
      vertex 23.397435897435898 0 13.46153846153846
      vertex 23.076923076923077 0 13.46153846153846
      vertex 23.076923076923077 19.23076923076923 13.46153846153846
    endloop
  endfacet
  facet normal 0 0 -1
    outer loop
      vertex 20.833333333333332 19.23076923076923 13.46153846153846
      vertex 21.153846153846153 19.23076923076923 13.46153846153846
      vertex 21.153846153846153 0 13.46153846153846
    endloop
  endfacet
  facet normal 0 0 -1
    outer loop
      vertex 23.397435897435898 0 13.46153846153846
      vertex 23.076923076923077 19.23076923076923 13.46153846153846
      vertex 23.397435897435898 19.23076923076923 13.46153846153846
    endloop
  endfacet
  facet normal 0 -1 0
    outer loop
      vertex 20.833333333333332 0 13.46153846153846
      vertex 21.153846153846153 0 13.46153846153846
      vertex 21.153846153846153 0 25
    endloop
  endfacet
  facet normal 0 -1 0
    outer loop
      vertex 23.397435897435898 0 13.46153846153846
      vertex 23.397435897435898 0 25
      vertex 23.076923076923077 0 13.46153846153846
    endloop
  endfacet
  facet normal 1 0 0
    outer loop
      vertex 23.397435897435898 0 13.46153846153846
      vertex 23.397435897435898 19.23076923076923 13.46153846153846
      vertex 23.397435897435898 0 25
    endloop
  endfacet
  facet normal -1 0 0
    outer loop
      vertex 20.833333333333332 0 13.46153846153846
      vertex 20.833333333333332 19.23076923076923 25
      vertex 20.833333333333332 19.23076923076923 13.46153846153846
    endloop
  endfacet
  facet normal 0 1 0
    outer loop
      vertex 20.833333333333332 19.23076923076923 13.46153846153846
      vertex 20.833333333333332 19.23076923076923 25
      vertex 21.153846153846153 19.23076923076923 13.46153846153846
    endloop
  endfacet
  facet normal 0 1 0
    outer loop
      vertex 23.397435897435898 19.23076923076923 13.46153846153846
      vertex 23.076923076923077 19.23076923076923 13.46153846153846
      vertex 23.076923076923077 19.23076923076923 25
    endloop
  endfacet
  facet normal 0 -1 0
    outer loop
      vertex 20.833333333333332 0 13.46153846153846
      vertex 21.153846153846153 0 25
      vertex 20.833333333333332 0 25
    endloop
  endfacet
  facet normal -1 0 0
    outer loop
      vertex 20.833333333333332 0 13.46153846153846
      vertex 20.833333333333332 0 25
      vertex 20.833333333333332 19.23076923076923 25
    endloop
  endfacet
  facet normal 0 -1 0
    outer loop
      vertex 23.397435897435898 0 25
      vertex 23.076923076923077 0 25
      vertex 23.076923076923077 0 13.46153846153846
    endloop
  endfacet
  facet normal 0 0 1
    outer loop
      vertex 20.833333333333332 0 25
      vertex 21.153846153846153 0 25
      vertex 21.153846153846153 19.23076923076923 25
    endloop
  endfacet
  facet normal 0 0 1
    outer loop
      vertex 23.397435897435898 0 25
      vertex 23.397435897435898 19.23076923076923 25
      vertex 23.076923076923077 0 25
    endloop
  endfacet
  facet normal 1 0 0
    outer loop
      vertex 23.397435897435898 19.23076923076923 13.46153846153846
      vertex 23.397435897435898 19.23076923076923 25
      vertex 23.397435897435898 0 25
    endloop
  endfacet
  facet normal 0 0 1
    outer loop
      vertex 20.833333333333332 0 25
      vertex 21.153846153846153 19.23076923076923 25
      vertex 20.833333333333332 19.23076923076923 25
    endloop
  endfacet
  facet normal 0 0 1
    outer loop
      vertex 23.397435897435898 19.23076923076923 25
      vertex 23.076923076923077 19.23076923076923 25
      vertex 23.076923076923077 0 25
    endloop
  endfacet
  facet normal 0 1 0
    outer loop
      vertex 20.833333333333332 19.23076923076923 25
      vertex 21.153846153846153 19.23076923076923 25
      vertex 21.153846153846153 19.23076923076923 13.46153846153846
    endloop
  endfacet
  facet normal 0 1 0
    outer loop
      vertex 23.397435897435898 19.23076923076923 13.46153846153846
      vertex 23.076923076923077 19.23076923076923 25
      vertex 23.397435897435898 19.23076923076923 25
    endloop
  endfacet
endsolid OpenSCAD_Model
